# Blender 5.0.1
# www.blender.org
o tripo_part_0
v -0.017309 -0.076500 0.428223
v -0.017845 -0.092789 0.423981
v -0.017981 -0.074272 0.425507
v -0.018522 -0.073158 0.423187
v -0.018675 -0.065224 0.379639
v -0.018774 -0.067368 0.391754
v -0.018841 -0.093414 0.420074
v -0.018965 -0.069244 0.401947
v -0.019060 -0.072289 0.419952
v -0.019073 -0.070953 0.412415
v -0.019089 -0.038815 0.308838
v -0.019295 -0.063545 0.370331
v -0.019880 -0.093102 0.415894
v -0.020098 -0.092560 0.412109
v -0.020506 -0.061375 0.359070
v -0.021275 -0.091583 0.406830
v -0.022411 -0.082062 0.429993
v -0.022474 -0.058365 0.344055
v -0.024443 -0.089516 0.397125
v -0.024445 -0.056126 0.332062
v -0.024572 -0.077499 0.429535
v -0.025749 -0.087250 0.429260
v -0.025921 -0.088142 0.389374
v -0.026520 -0.071579 0.418030
v -0.026566 -0.090683 0.427185
v -0.027292 -0.053131 0.316376
v -0.027594 -0.066673 0.389587
v -0.029680 -0.053066 0.309204
v -0.030769 -0.053825 0.307220
v -0.031038 -0.074905 0.428223
v -0.031525 -0.062050 0.364929
v -0.031834 -0.058064 0.343811
v -0.032402 -0.053474 0.319214
v -0.033798 -0.056843 0.304657
v -0.034115 -0.081833 0.355713
v -0.034637 -0.052624 0.313110
v -0.034958 -0.080368 0.346802
v -0.035576 -0.072685 0.424896
v -0.038765 -0.079597 0.431549
v -0.038803 -0.060577 0.303558
v -0.039135 -0.054939 0.306458
v -0.039776 -0.057297 0.304962
v -0.041096 -0.075035 0.320496
v -0.042072 -0.082779 0.431793
v -0.042118 -0.061028 0.303986
v -0.042568 -0.076378 0.431030
v -0.043232 -0.092079 0.425385
v -0.046242 -0.077194 0.333710
v -0.046764 -0.071571 0.423370
v -0.050823 -0.083664 0.371857
v -0.051460 -0.053429 0.308411
v -0.051884 -0.072891 0.428314
v -0.053234 -0.070053 0.306946
v -0.053303 -0.091980 0.423737
v -0.055115 -0.090424 0.429138
v -0.056225 -0.087814 0.431427
v -0.056587 -0.067772 0.305634
v -0.056976 -0.057068 0.345123
v -0.057396 -0.051922 0.316467
v -0.058590 -0.051933 0.312714
v -0.059780 -0.079002 0.433655
v -0.059807 -0.076225 0.432861
v -0.060650 -0.071434 0.309753
v -0.061211 -0.089027 0.405884
v -0.062798 -0.062302 0.375153
v -0.063217 -0.073662 0.431244
v -0.063545 -0.064095 0.305328
v -0.064590 -0.082863 0.433960
v -0.065811 -0.070274 0.422516
v -0.066986 -0.067451 0.406189
v -0.068718 -0.091019 0.427979
v -0.070168 -0.072388 0.314026
v -0.071632 -0.051983 0.321899
v -0.072136 -0.054985 0.307892
v -0.074997 -0.078445 0.349030
v -0.075661 -0.057575 0.306976
v -0.077026 -0.070763 0.427399
v -0.077316 -0.067924 0.307587
v -0.078865 -0.053913 0.333771
v -0.078926 -0.065186 0.306671
v -0.078934 -0.072533 0.431946
v -0.079079 -0.090858 0.424347
v -0.080551 -0.060085 0.306763
v -0.080765 -0.086227 0.434296
v -0.082596 -0.074936 0.434937
v -0.083069 -0.052185 0.311249
v -0.083809 -0.072556 0.317719
v -0.084610 -0.071106 0.312622
v -0.084778 -0.069344 0.309601
v -0.084892 -0.088470 0.432953
v -0.085831 -0.077271 0.436188
v -0.085915 -0.090050 0.430634
v -0.086235 -0.050823 0.316956
v -0.087013 -0.089561 0.417816
v -0.087097 -0.081390 0.369568
v -0.087402 -0.080551 0.436493
v -0.089668 -0.061573 0.378845
v -0.091400 -0.070839 0.430389
v -0.092880 -0.090279 0.428528
v -0.093109 -0.050842 0.314270
v -0.094650 -0.062420 0.307526
v -0.095947 -0.072906 0.434845
v -0.097130 -0.056156 0.350464
v -0.097198 -0.076256 0.341949
v -0.097420 -0.086548 0.435516
v -0.097626 -0.066231 0.308411
v -0.098007 -0.053391 0.310364
v -0.098045 -0.067688 0.417450
v -0.100128 -0.074600 0.436737
v -0.100464 -0.087082 0.407043
v -0.101021 -0.074196 0.331604
v -0.103203 -0.083473 0.437347
v -0.103859 -0.083733 0.388977
v -0.107399 -0.059372 0.308624
v -0.109215 -0.089569 0.426300
v -0.109627 -0.069267 0.312347
v -0.109718 -0.050480 0.323273
v -0.110016 -0.067780 0.310608
v -0.110207 -0.050014 0.318298
v -0.110672 -0.060608 0.379181
v -0.111168 -0.054787 0.310211
v -0.111542 -0.073013 0.436920
v -0.111549 -0.088699 0.433899
v -0.113129 -0.088058 0.417114
v -0.113220 -0.077492 0.439026
v -0.113472 -0.087486 0.435760
v -0.114418 -0.072151 0.322540
v -0.115501 -0.071068 0.317688
v -0.115707 -0.051151 0.313385
v -0.116005 -0.066086 0.310028
v -0.117134 -0.089302 0.431763
v -0.117226 -0.068024 0.424896
v -0.117455 -0.069206 0.430237
v -0.117493 -0.070602 0.434357
v -0.118149 -0.050182 0.315796
v -0.118347 -0.062683 0.309357
v -0.119324 -0.069954 0.315002
v -0.120094 -0.078438 0.362122
v -0.120766 -0.062328 0.392212
v -0.120949 -0.052387 0.312378
v -0.120956 -0.081345 0.439453
v -0.123619 -0.053135 0.340240
v -0.123627 -0.085182 0.438202
v -0.124275 -0.075005 0.439545
v -0.125565 -0.057514 0.310486
v -0.126358 -0.089111 0.429688
v -0.126678 -0.076042 0.348938
v -0.128265 -0.081161 0.380249
v -0.128479 -0.067856 0.312866
v -0.132324 -0.050240 0.326599
v -0.132431 -0.049793 0.317505
v -0.132782 -0.053814 0.312469
v -0.133011 -0.051380 0.314484
v -0.134277 -0.072784 0.439423
v -0.136337 -0.063492 0.311432
v -0.137054 -0.078270 0.441284
v -0.137833 -0.087791 0.436371
v -0.138351 -0.070564 0.437378
v -0.138428 -0.083931 0.400116
v -0.139496 -0.070770 0.321808
v -0.140091 -0.049549 0.322906
v -0.140991 -0.069481 0.317749
v -0.141846 -0.066208 0.313202
v -0.142578 -0.074944 0.441498
v -0.142700 -0.082497 0.441071
v -0.142838 -0.056259 0.362183
v -0.142914 -0.059906 0.311951
v -0.144226 -0.058300 0.374481
v -0.145233 -0.067680 0.430267
v -0.146820 -0.056801 0.312836
v -0.146820 -0.088531 0.432617
v -0.148163 -0.068634 0.434418
v -0.148590 -0.065331 0.418304
v -0.148865 -0.068283 0.316528
v -0.149414 -0.085365 0.440094
v -0.150452 -0.087868 0.426971
v -0.150497 -0.071732 0.329926
v -0.151413 -0.087921 0.436493
v -0.151642 -0.049885 0.318726
v -0.154739 -0.051380 0.337341
v -0.154755 -0.051247 0.316742
v -0.156769 -0.053513 0.315125
v -0.160034 -0.071892 0.441620
v -0.161774 -0.049290 0.322632
v -0.161987 -0.078270 0.372406
v -0.162720 -0.074097 0.443237
v -0.163773 -0.065971 0.315857
v -0.165131 -0.063110 0.314667
v -0.166290 -0.084152 0.442169
v -0.167328 -0.060387 0.314697
v -0.168518 -0.057388 0.315155
v -0.169464 -0.087730 0.434631
v -0.169769 -0.075935 0.359833
v -0.170120 -0.071083 0.331299
v -0.170456 -0.085884 0.420563
v -0.171249 -0.049244 0.326569
v -0.171768 -0.068634 0.321289
v -0.171997 -0.050617 0.319092
v -0.172897 -0.049835 0.332123
v -0.172897 -0.069534 0.440247
v -0.173233 -0.078873 0.444550
v -0.173981 -0.056362 0.370911
v -0.174362 -0.065262 0.423859
v -0.175064 -0.066887 0.318573
v -0.175552 -0.051804 0.344666
v -0.175797 -0.052914 0.317688
v -0.175827 -0.086182 0.440582
v -0.176056 -0.065315 0.317200
v -0.176483 -0.061535 0.402802
v -0.176498 -0.062065 0.316101
v -0.177750 -0.049438 0.322784
v -0.177887 -0.072113 0.443726
v -0.178101 -0.069832 0.327240
v -0.179306 -0.076286 0.445282
v -0.179382 -0.057327 0.316833
v -0.180466 -0.050529 0.320892
v -0.180878 -0.073853 0.444916
v -0.181198 -0.049301 0.326782
v -0.181412 -0.080894 0.444672
v -0.181458 -0.081352 0.395691
v -0.182602 -0.067978 0.437469
v -0.183548 -0.067879 0.322662
v -0.184479 -0.052784 0.320007
v -0.184769 -0.083015 0.443848
v -0.184921 -0.061031 0.318054
v -0.185532 -0.063797 0.318695
v -0.185837 -0.065979 0.320374
v -0.186081 -0.086861 0.438354
v -0.186203 -0.070084 0.442413
v -0.186737 -0.085785 0.441223
v -0.186966 -0.056175 0.319702
v -0.187195 -0.086380 0.428650
v -0.187363 -0.049877 0.326202
v -0.187729 -0.072487 0.344360
v -0.188873 -0.051052 0.324158
v -0.189667 -0.057697 0.383850
v -0.189697 -0.049961 0.334839
v -0.190170 -0.066727 0.323761
v -0.190292 -0.068718 0.328247
v -0.190414 -0.076080 0.445404
v -0.190613 -0.079514 0.445038
v -0.191101 -0.086708 0.435730
v -0.191299 -0.078667 0.382202
v -0.191315 -0.054062 0.323181
v -0.191696 -0.070671 0.336060
v -0.191864 -0.060482 0.321930
v -0.191895 -0.073502 0.444885
v -0.192169 -0.055603 0.371552
v -0.192520 -0.064468 0.323273
v -0.192535 -0.052559 0.352722
v -0.192856 -0.062874 0.415649
v -0.192947 -0.050732 0.330750
v -0.193253 -0.076332 0.367920
v -0.193329 -0.052410 0.327240
v -0.194870 -0.067757 0.329712
v -0.194992 -0.050953 0.335205
v -0.195389 -0.065384 0.428833
v -0.195587 -0.055695 0.327393
v -0.195786 -0.068237 0.438599
v -0.195984 -0.058929 0.392273
v -0.196091 -0.085152 0.440399
v -0.196335 -0.083229 0.442566
v -0.196609 -0.082817 0.409302
v -0.196655 -0.070618 0.339630
v -0.196747 -0.062366 0.327759
v -0.197250 -0.085915 0.436737
v -0.197311 -0.070770 0.442352
v -0.197342 -0.085640 0.428345
v -0.197464 -0.064926 0.329834
v -0.197586 -0.078102 0.444061
v -0.197708 -0.052017 0.347382
v -0.197708 -0.073601 0.354553
v -0.197769 -0.053162 0.334595
v -0.198227 -0.068024 0.334869
v -0.198334 -0.073784 0.443542
v -0.198547 -0.052158 0.343170
v -0.198593 -0.078560 0.385315
v -0.199020 -0.055527 0.370331
v -0.199127 -0.069344 0.439514
v -0.199661 -0.057728 0.334320
v -0.199753 -0.075760 0.368958
v -0.200073 -0.063171 0.416473
v -0.200211 -0.085114 0.435730
v -0.200241 -0.070488 0.344147
v -0.200455 -0.066681 0.431824
v -0.200531 -0.082932 0.440247
v -0.200607 -0.060726 0.400360
v -0.201096 -0.077774 0.442078
v -0.201309 -0.062569 0.336853
v -0.201508 -0.071815 0.440216
v -0.201553 -0.068924 0.342651
v -0.201859 -0.082695 0.413483
v -0.201920 -0.066650 0.340240
v -0.202057 -0.054379 0.347382
v -0.202103 -0.055172 0.364044
v -0.202240 -0.054268 0.354156
v -0.202271 -0.072205 0.353821
v -0.202301 -0.078964 0.440582
v -0.202393 -0.058357 0.382477
v -0.202408 -0.056293 0.343140
v -0.202408 -0.079895 0.398468
v -0.202515 -0.082657 0.436859
v -0.202637 -0.076385 0.378357
v -0.202667 -0.083847 0.423706
v -0.202881 -0.064308 0.418427
v -0.202896 -0.075180 0.439026
v -0.203308 -0.061314 0.397125
v -0.203751 -0.066933 0.427856
v -0.203888 -0.082375 0.416199
v -0.204025 -0.083168 0.427094
v -0.204391 -0.077118 0.389374
v -0.204529 -0.072716 0.362854
v -0.204636 -0.056690 0.364624
v -0.204697 -0.061859 0.346710
v -0.204758 -0.062897 0.400238
v -0.204910 -0.056885 0.354340
v -0.204910 -0.067535 0.349731
v -0.205399 -0.068542 0.427155
v -0.205444 -0.065811 0.417023
v -0.205521 -0.060646 0.382385
v -0.205673 -0.081474 0.417908
v -0.206055 -0.063995 0.395599
v -0.206131 -0.070198 0.359222
v -0.206161 -0.076813 0.397980
v -0.206177 -0.058743 0.366486
v -0.206223 -0.060032 0.355286
v -0.206268 -0.072060 0.369568
v -0.206360 -0.073624 0.381561
v -0.206573 -0.065529 0.354767
v -0.206818 -0.079704 0.416931
v -0.206863 -0.066093 0.395538
v -0.206879 -0.068169 0.416504
v -0.206879 -0.079460 0.424103
v -0.206940 -0.071358 0.424866
v -0.206955 -0.061592 0.373047
v -0.206955 -0.075195 0.425659
v -0.206970 -0.060551 0.363495
v -0.207153 -0.072021 0.388977
v -0.207245 -0.075912 0.405823
v -0.207306 -0.069122 0.367798
v -0.207306 -0.069389 0.394562
v -0.207367 -0.063995 0.373901
v -0.207550 -0.065002 0.363098
v -0.207581 -0.066788 0.372498
v -0.207672 -0.072189 0.416718
v -0.207718 -0.076363 0.417633
s 1
f 219 201 214
f 219 214 241
f 219 241 224
f 219 224 189
f 189 224 207
f 224 241 262
f 262 241 270
f 224 262 230
f 224 230 207
f 230 262 261
f 207 230 228
f 228 230 261
f 207 228 178
f 228 261 266
f 178 228 192
f 228 266 242
f 228 242 192
f 192 242 232
f 192 232 176
f 176 232 195
f 240 270 241
f 240 241 214
f 270 240 247
f 240 214 217
f 240 217 247
f 217 214 186
f 217 186 212
f 217 212 247
f 247 212 229
f 247 229 267
f 229 212 183
f 229 183 200
f 229 200 221
f 229 221 259
f 221 200 172
f 270 247 275
f 275 247 267
f 275 267 290
f 290 267 279
f 275 290 288
f 275 288 270
f 288 290 306
f 270 288 298
f 298 288 306
f 298 306 336
f 270 298 262
f 298 336 333
f 262 298 286
f 262 286 261
f 298 333 302
f 298 302 286
f 302 333 310
f 261 286 283
f 283 286 302
f 283 302 310
f 283 310 304
f 261 283 266
f 283 304 268
f 283 268 266
f 266 268 242
f 242 268 232
f 156 186 214
f 156 214 201
f 156 201 165
f 156 165 141
f 165 201 219
f 165 219 189
f 156 164 186
f 164 156 144
f 164 144 154
f 164 183 186
f 186 183 212
f 183 164 154
f 183 154 158
f 183 158 200
f 200 158 172
f 172 158 134
f 175 165 189
f 165 175 143
f 175 189 207
f 143 175 157
f 157 175 207
f 157 207 178
f 229 259 267
f 267 259 279
f 257 259 221
f 259 257 285
f 259 285 279
f 279 285 308
f 279 308 290
f 290 308 318
f 290 318 306
f 125 156 141
f 156 125 144
f 144 125 109
f 125 141 112
f 144 109 122
f 144 122 154
f 154 122 158
f 158 122 134
f 134 122 102
f 112 141 143
f 143 141 165
f 112 143 105
f 105 143 126
f 126 143 157
f 126 157 123
f 123 157 131
f 131 157 171
f 131 171 146
f 131 146 99
f 99 146 115
f 115 146 176
f 115 176 124
f 91 109 125
f 102 122 109
f 102 109 85
f 85 109 91
f 102 85 81
f 102 81 134
f 134 81 98
f 98 81 52
f 52 81 66
f 66 81 85
f 66 85 62
f 62 85 91
f 62 91 61
f 96 91 125
f 91 96 61
f 96 125 112
f 61 96 68
f 68 96 112
f 61 68 44
f 68 112 84
f 68 84 56
f 84 112 105
f 56 84 90
f 90 84 105
f 90 105 126
f 56 90 55
f 90 126 123
f 71 47 55
f 71 55 92
f 92 55 90
f 92 90 123
f 92 123 131
f 92 131 99
f 157 178 171
f 171 178 192
f 171 192 176
f 169 257 221
f 257 169 203
f 172 169 221
f 169 172 133
f 44 39 61
f 39 44 17
f 39 17 21
f 61 39 46
f 46 39 21
f 61 46 62
f 62 46 66
f 46 21 30
f 46 30 66
f 30 21 1
f 66 30 52
f 30 1 3
f 30 3 52
f 52 3 38
f 38 3 4
f 38 4 9
f 38 9 49
f 134 133 172
f 133 134 98
f 22 44 68
f 44 22 17
f 22 68 56
f 22 56 25
f 25 56 55
f 25 55 2
f 306 318 334
f 306 334 336
f 336 334 346
f 336 346 333
f 346 334 345
f 333 346 330
f 345 334 332
f 332 334 318
f 333 330 321
f 332 318 319
f 333 321 310
f 319 318 308
f 310 321 304
f 319 308 305
f 304 321 309
f 305 308 285
f 304 309 292
f 305 285 282
f 304 292 268
f 268 292 263
f 268 263 232
f 282 285 257
f 282 257 251
f 251 257 203
f 251 203 209
f 77 133 98
f 133 77 132
f 146 171 176
f 52 77 98
f 92 99 71
f 71 99 82
f 82 99 115
f 71 82 54
f 132 169 133
f 169 132 173
f 173 132 108
f 173 108 139
f 38 77 52
f 77 38 49
f 49 69 77
f 77 69 132
s 0
f 169 173 203
s 1
f 2 55 47
f 2 47 7
f 7 47 54
f 54 47 71
f 115 124 82
f 82 124 94
f 232 263 195
f 195 263 159
f 54 82 13
f 9 24 49
f 49 24 69
f 24 9 10
f 69 24 70
f 24 10 8
f 24 8 70
f 108 132 69
f 108 69 70
f 176 195 124
f 82 94 13
f 173 209 203
f 319 305 315
f 319 315 332
f 315 305 307
f 307 305 282
f 315 307 320
f 320 307 299
f 315 320 322
f 315 322 332
f 322 320 335
f 322 335 342
f 299 307 287
f 287 307 282
f 299 287 278
f 278 287 260
f 260 287 282
f 260 282 251
f 322 342 331
f 322 331 332
f 331 342 344
f 332 331 341
f 341 331 344
f 332 341 345
f 345 341 346
f 341 344 338
f 346 341 339
f 339 341 338
f 346 339 330
f 330 339 324
f 324 339 338
f 330 324 321
f 321 324 311
f 324 338 328
f 324 328 311
f 328 338 340
f 311 328 327
f 14 13 94
f 14 94 64
f 14 64 16
f 16 64 19
f 94 124 110
f 64 94 110
f 124 159 110
f 159 124 195
f 110 159 113
f 113 159 148
f 148 159 220
f 309 321 301
f 301 321 311
f 309 301 292
f 301 311 303
f 292 301 263
f 301 303 277
f 301 277 263
f 263 277 243
f 263 243 220
f 70 97 108
f 97 70 65
s 0
f 108 97 120
s 1
f 108 120 139
f 159 263 220
f 27 70 8
f 70 27 65
s 0
f 27 8 6
s 1
f 27 6 5
s 0
f 65 27 31
s 1
f 27 5 12
s 0
f 27 12 31
f 31 12 15
s 1
f 139 209 173
f 64 110 23
f 23 110 113
f 236 260 251
f 236 251 209
f 23 113 50
f 236 209 202
f 202 209 168
f 139 168 209
f 168 139 120
f 148 220 185
f 185 220 243
f 236 248 260
f 113 148 95
f 113 95 50
f 243 277 253
f 277 303 281
f 248 278 260
f 295 299 278
f 299 295 313
f 299 313 320
f 320 313 325
f 320 325 335
f 335 325 337
f 335 337 342
f 342 337 343
f 342 343 344
f 344 343 340
f 344 340 338
f 202 248 236
f 253 277 281
f 253 281 272
f 243 253 185
f 95 148 138
f 95 138 75
f 75 138 147
f 75 147 104
f 104 147 111
s 0
f 104 111 48
s 1
f 148 185 138
f 138 185 147
f 147 185 193
f 147 193 177
f 147 177 111
f 303 311 312
f 303 312 297
f 303 297 281
f 312 311 327
f 312 327 323
f 323 327 340
f 323 340 343
f 340 327 328
f 103 168 120
f 168 103 166
s 0
f 166 103 142
s 1
f 166 142 180
f 180 142 150
f 180 150 161
f 161 150 117
f 168 166 202
f 202 166 205
f 202 205 248
s 0
f 120 58 103
f 58 120 97
f 103 58 79
f 103 79 142
f 65 58 97
f 58 65 31
f 58 31 32
f 32 31 15
f 32 15 18
f 32 18 20
s 1
f 58 32 33
f 33 32 20
f 58 33 79
f 33 20 26
f 79 33 73
f 73 33 59
f 73 59 93
f 93 59 60
f 59 33 36
f 59 36 60
f 36 33 26
f 36 26 28
f 36 28 60
f 28 26 11
f 28 11 29
f 60 28 51
f 51 28 29
f 60 51 86
f 86 51 74
f 51 29 41
f 51 41 74
f 41 29 34
f 41 34 42
f 41 42 74
f 74 42 76
f 76 42 45
f 45 42 40
f 76 45 83
f 83 45 67
f 193 185 253
f 95 35 50
f 250 278 248
f 250 248 205
f 278 250 271
f 278 271 295
f 295 271 296
f 295 296 313
f 313 296 316
f 316 296 294
f 313 316 325
f 316 294 300
f 325 316 337
f 316 300 326
f 316 326 337
f 326 300 314
f 337 326 343
f 326 314 329
f 326 329 343
f 329 314 317
f 343 329 323
f 323 329 317
f 323 317 291
f 323 291 297
f 323 297 312
f 297 291 284
f 297 284 272
f 297 272 281
f 193 253 234
f 234 253 272
f 35 95 75
f 35 75 37
f 37 75 48
f 48 75 104
f 166 180 205
f 193 234 177
f 276 296 271
f 296 276 294
f 294 276 273
f 294 273 300
f 273 276 256
f 256 276 271
f 300 273 280
f 256 271 237
f 237 271 250
f 237 250 205
f 300 280 314
f 314 280 289
f 289 280 265
f 289 265 269
f 314 289 293
f 293 289 269
f 314 293 317
f 317 293 291
f 293 269 274
f 293 274 291
f 274 269 255
f 291 274 284
f 284 274 264
f 264 274 255
f 284 264 272
f 264 255 245
f 264 245 272
f 245 255 239
f 272 245 234
f 234 245 194
f 199 237 205
f 237 199 196
f 237 196 218
f 237 218 233
f 233 218 211
f 237 233 252
f 237 252 256
f 256 252 273
f 252 233 235
f 235 233 216
f 235 216 223
f 252 235 254
f 252 254 273
f 235 223 244
f 235 244 254
f 244 223 231
f 273 254 258
f 258 254 244
f 273 258 280
f 280 258 265
f 258 244 246
f 246 244 231
f 258 246 265
f 246 231 225
f 246 225 226
f 265 246 249
f 249 246 226
f 265 249 269
f 249 226 227
f 269 249 255
f 249 227 238
f 249 238 255
f 238 227 222
f 255 238 239
f 239 238 222
f 239 222 213
f 239 213 245
f 245 213 194
s 0
f 117 142 79
s 1
f 142 117 150
s 0
f 234 194 177
s 1
f 177 194 213
f 180 199 205
f 161 199 180
f 199 161 196
f 196 161 184
f 184 161 151
f 184 151 179
s 0
f 48 111 43
s 1
f 73 117 79
f 117 73 93
s 0
f 127 111 177
f 111 127 87
f 111 87 43
s 1
f 177 213 160
f 184 218 196
f 218 184 211
f 211 184 179
f 211 179 198
f 211 198 216
f 211 216 233
f 216 198 206
f 206 198 182
f 216 206 223
f 206 182 191
f 223 206 215
f 215 206 191
f 223 215 231
f 215 191 190
f 231 215 225
f 215 190 210
f 215 210 225
f 210 190 188
f 225 210 226
f 210 188 208
f 210 208 226
f 208 188 187
f 226 208 227
f 208 187 204
f 208 204 227
f 204 187 174
f 227 204 222
f 204 174 197
f 204 197 222
f 222 197 213
f 177 160 127
f 213 197 160
f 119 161 117
f 119 117 93
f 87 127 128
f 128 127 160
f 119 151 161
f 160 197 162
f 162 197 174
f 160 162 128
f 128 162 137
f 137 162 174
f 137 174 149
f 149 174 163
f 149 163 130
f 130 163 155
f 181 198 179
f 181 179 153
f 198 181 182
f 182 181 153
f 182 153 152
f 182 152 170
f 182 170 191
f 191 170 190
f 190 170 167
f 190 167 188
f 188 167 155
f 188 155 163
f 188 163 187
f 187 163 174
f 43 87 72
f 119 135 151
f 135 119 100
f 135 100 129
f 135 129 153
f 153 129 140
f 140 129 107
f 93 100 119
f 100 93 60
f 100 60 86
f 100 86 129
f 129 86 107
f 151 153 179
f 153 151 135
f 88 87 128
f 87 88 72
f 128 137 88
f 88 137 116
f 137 149 116
f 116 149 118
f 116 118 89
f 118 149 130
f 118 130 106
f 106 130 136
f 136 130 155
f 106 136 101
f 101 136 114
f 114 136 145
f 114 145 121
f 121 145 152
f 121 152 140
f 121 140 107
f 72 88 63
f 152 153 140
f 170 152 145
f 170 145 167
f 167 145 136
f 167 136 155
f 88 116 89
f 88 89 63
f 121 107 74
f 74 107 86
f 121 74 76
f 121 76 114
f 114 76 83
f 114 83 101
f 101 83 67
f 101 67 80
f 89 118 106
f 89 106 78
f 78 106 80
f 80 106 101
f 63 89 53
f 53 89 78
f 53 78 57
f 57 78 80
f 57 80 67
o tripo_part_1
v 0.017941 -0.097198 0.420837
v 0.018547 -0.077690 0.420532
v 0.018579 -0.075150 0.408844
v 0.018621 -0.073692 0.401093
v 0.018684 -0.072342 0.394287
v 0.018999 -0.071541 0.390259
v 0.019928 -0.097900 0.413696
v 0.020847 -0.066200 0.364380
v 0.021664 -0.087662 0.426208
v 0.021694 -0.064735 0.357178
v 0.022009 -0.076660 0.415649
v 0.022020 -0.079514 0.423737
v 0.022980 -0.096069 0.399963
v 0.023529 -0.062881 0.346985
v 0.023567 -0.050739 0.309814
v 0.023773 -0.081795 0.425598
v 0.024040 -0.061512 0.338837
v 0.024460 -0.098091 0.417725
v 0.024630 -0.058228 0.322388
v 0.024769 -0.095917 0.423157
v 0.024776 -0.094978 0.392822
v 0.025003 -0.092445 0.425323
v 0.025097 -0.083809 0.426300
v 0.025572 -0.056396 0.312775
v 0.026562 -0.054752 0.305023
v 0.026684 -0.094131 0.386108
v 0.027451 -0.045834 0.289093
v 0.028065 -0.054016 0.299316
v 0.028357 -0.074348 0.399414
v 0.028704 -0.092880 0.377380
v 0.028940 -0.067513 0.366180
v 0.029730 -0.054348 0.296417
v 0.030327 -0.059391 0.323608
v 0.030378 -0.091492 0.369965
v 0.030680 -0.063934 0.347260
v 0.030928 -0.095390 0.394348
v 0.031017 -0.055214 0.303894
v 0.031406 -0.072250 0.387177
v 0.031696 -0.055386 0.294067
v 0.033051 -0.089851 0.360687
v 0.033405 -0.080544 0.424286
v 0.033932 -0.079269 0.422119
v 0.034119 -0.054821 0.288940
v 0.034416 -0.057335 0.292114
v 0.034809 -0.088387 0.352692
v 0.035530 -0.098198 0.420898
v 0.035744 -0.087402 0.346588
v 0.036465 -0.097954 0.409088
v 0.036633 -0.059498 0.290833
v 0.036724 -0.068703 0.367401
v 0.036800 -0.086296 0.340332
v 0.036999 -0.055523 0.301056
v 0.037067 -0.098694 0.415039
v 0.037899 -0.085510 0.334473
v 0.038292 -0.054966 0.281860
v 0.038532 -0.061001 0.326508
v 0.039310 -0.082207 0.425720
v 0.039673 -0.091675 0.369537
v 0.040016 -0.063110 0.289673
v 0.040604 -0.058960 0.315399
v 0.040741 -0.055870 0.298553
v 0.041225 -0.078796 0.419830
v 0.041370 -0.056232 0.296234
v 0.041374 -0.070061 0.371613
v 0.041557 -0.060207 0.281860
v 0.042030 -0.076828 0.408661
v 0.042435 -0.065155 0.346100
v 0.043076 -0.078171 0.416870
v 0.043110 -0.056881 0.295044
v 0.043121 -0.067459 0.289246
v 0.044411 -0.087601 0.427094
v 0.044632 -0.083336 0.323334
v 0.044739 -0.073990 0.391052
v 0.045177 -0.057194 0.305420
v 0.045460 -0.072273 0.289978
v 0.045528 -0.056557 0.301178
v 0.045689 -0.063423 0.290283
v 0.046379 -0.094872 0.425507
v 0.047085 -0.084312 0.426758
v 0.047318 -0.088303 0.349121
v 0.047688 -0.087105 0.342224
v 0.048515 -0.072037 0.378815
v 0.049278 -0.059994 0.292175
v 0.049309 -0.091331 0.426880
v 0.049343 -0.056915 0.297516
v 0.049500 -0.099518 0.418396
v 0.049656 -0.091759 0.366882
v 0.049664 -0.096062 0.392639
v 0.049789 -0.061008 0.320862
v 0.052090 -0.075172 0.291687
v 0.052109 -0.067604 0.354095
v 0.052158 -0.079399 0.300507
v 0.052193 -0.067421 0.290161
v 0.052700 -0.097092 0.424652
v 0.052769 -0.058430 0.294220
v 0.052818 -0.098938 0.422028
v 0.054085 -0.064720 0.290680
v 0.054588 -0.082397 0.314911
v 0.054913 -0.062366 0.291443
v 0.055206 -0.069466 0.362579
v 0.055553 -0.070404 0.290192
v 0.057281 -0.077240 0.293671
v 0.057281 -0.081131 0.423737
v 0.058025 -0.058113 0.304169
v 0.058651 -0.078651 0.296295
v 0.059608 -0.066010 0.342316
v 0.060890 -0.083099 0.426147
v 0.061275 -0.073860 0.290985
v 0.061768 -0.058018 0.299683
v 0.064659 -0.086113 0.427582
v 0.065681 -0.074043 0.384338
v 0.066467 -0.061710 0.292694
v 0.066597 -0.071770 0.370819
v 0.067436 -0.058876 0.296783
v 0.068703 -0.097595 0.425690
v 0.069397 -0.100792 0.416534
v 0.070297 -0.088608 0.428101
v 0.070755 -0.100128 0.410095
v 0.071785 -0.095024 0.427185
v 0.072693 -0.100967 0.420135
v 0.073257 -0.099266 0.424591
v 0.073326 -0.077774 0.293121
v 0.073822 -0.091614 0.356995
v 0.073860 -0.063614 0.324310
v 0.074745 -0.059334 0.298767
v 0.075302 -0.081024 0.421448
v 0.075409 -0.060932 0.294617
v 0.075706 -0.074181 0.291199
v 0.075798 -0.079208 0.294800
v 0.076256 -0.085190 0.427429
v 0.076317 -0.077377 0.400391
v 0.076454 -0.059525 0.301666
v 0.076958 -0.064774 0.291992
v 0.077026 -0.080109 0.417145
v 0.077415 -0.076431 0.291992
v 0.078278 -0.072487 0.290955
v 0.078842 -0.100708 0.423004
v 0.080978 -0.061157 0.309418
v 0.081108 -0.060429 0.305420
v 0.081932 -0.092499 0.428436
v 0.082886 -0.068832 0.291260
v 0.084320 -0.082329 0.301483
v 0.085052 -0.073921 0.376373
v 0.085571 -0.062965 0.293823
v 0.085579 -0.098610 0.426483
v 0.085655 -0.087257 0.428436
v 0.085709 -0.086174 0.322052
v 0.086777 -0.060982 0.296936
v 0.087334 -0.097473 0.386444
v 0.090195 -0.081642 0.297577
v 0.090797 -0.084496 0.426788
v 0.090919 -0.082069 0.422211
v 0.091881 -0.083389 0.425323
v 0.092148 -0.076973 0.392212
v 0.092422 -0.074554 0.291534
v 0.093040 -0.062996 0.313782
v 0.093353 -0.067810 0.292053
v 0.093521 -0.064812 0.293274
v 0.093987 -0.089233 0.429077
v 0.094383 -0.088799 0.333740
v 0.095047 -0.071739 0.359375
v 0.095642 -0.061401 0.300232
v 0.096176 -0.086052 0.428040
v 0.096588 -0.079407 0.293549
v 0.098030 -0.102745 0.419647
v 0.098190 -0.101776 0.424469
v 0.098648 -0.061886 0.304657
v 0.098831 -0.077003 0.292114
v 0.099533 -0.066582 0.329559
v 0.099724 -0.062141 0.297974
v 0.100334 -0.069649 0.345673
v 0.100365 -0.081345 0.416382
v 0.100845 -0.086548 0.317780
v 0.101234 -0.101028 0.425995
v 0.102592 -0.078918 0.400208
v 0.102829 -0.083939 0.302399
v 0.102959 -0.063499 0.295532
v 0.103073 -0.092064 0.347870
v 0.103157 -0.102806 0.422791
v 0.103233 -0.072144 0.291779
v 0.103958 -0.096558 0.428864
v 0.104599 -0.082664 0.297516
v 0.104858 -0.066696 0.293243
v 0.105629 -0.081490 0.295105
v 0.105759 -0.085869 0.427765
v 0.108070 -0.087906 0.429108
v 0.109360 -0.063362 0.296936
v 0.110725 -0.103195 0.414246
v 0.111115 -0.092369 0.429962
v 0.111588 -0.076714 0.292175
v 0.112320 -0.083961 0.424347
v 0.112343 -0.063782 0.309052
v 0.112404 -0.062973 0.299377
v 0.112556 -0.100395 0.427673
v 0.112968 -0.083031 0.421021
v 0.114182 -0.089661 0.429779
v 0.114784 -0.093338 0.350433
v 0.116707 -0.063339 0.303162
v 0.116745 -0.074745 0.368469
v 0.116814 -0.082893 0.296143
v 0.116951 -0.079620 0.293060
v 0.118401 -0.067757 0.328033
v 0.118774 -0.099663 0.388763
v 0.119041 -0.102554 0.426208
v 0.119507 -0.098801 0.429016
v 0.119865 -0.077484 0.383942
v 0.120827 -0.066414 0.294891
v 0.120972 -0.065285 0.296051
v 0.121048 -0.069687 0.293152
v 0.121689 -0.089485 0.324829
v 0.121826 -0.081993 0.294556
v 0.122353 -0.086334 0.427460
v 0.123085 -0.074402 0.292389
v 0.123383 -0.096863 0.429840
v 0.124863 -0.092827 0.430359
v 0.125092 -0.068634 0.293884
v 0.125137 -0.071777 0.347809
v 0.125702 -0.103889 0.424530
v 0.125717 -0.077568 0.292603
v 0.125977 -0.087074 0.308228
v 0.127457 -0.089348 0.429749
v 0.127640 -0.104469 0.416809
v 0.128113 -0.064941 0.298096
v 0.129120 -0.080925 0.401520
v 0.129181 -0.085793 0.301117
v 0.129517 -0.064468 0.301636
v 0.129700 -0.085518 0.425354
v 0.129730 -0.104698 0.421600
v 0.130692 -0.083549 0.417480
v 0.132141 -0.065895 0.297089
v 0.134369 -0.083153 0.295197
v 0.134644 -0.097107 0.365509
v 0.134720 -0.085175 0.423309
v 0.134827 -0.065201 0.305969
v 0.134888 -0.080338 0.293457
v 0.135056 -0.104996 0.419281
v 0.135498 -0.072456 0.293335
v 0.136475 -0.091324 0.430237
v 0.138062 -0.069824 0.294403
v 0.138275 -0.082382 0.294464
v 0.140625 -0.067596 0.296326
v 0.140686 -0.103699 0.426422
v 0.141373 -0.071968 0.342377
v 0.141510 -0.077347 0.293213
v 0.141693 -0.085503 0.298065
v 0.142410 -0.097198 0.430237
v 0.142456 -0.101219 0.428772
v 0.142532 -0.104637 0.424683
v 0.143356 -0.066429 0.298737
v 0.147156 -0.084656 0.417084
v 0.147919 -0.067139 0.311554
v 0.147995 -0.090256 0.429474
v 0.148514 -0.074806 0.293915
v 0.148514 -0.088158 0.305511
v 0.148819 -0.102844 0.397278
v 0.148849 -0.084450 0.296143
v 0.148972 -0.094696 0.430603
v 0.149124 -0.083321 0.408752
v 0.149185 -0.091713 0.326202
v 0.149231 -0.081238 0.294189
v 0.149261 -0.077652 0.373810
v 0.149567 -0.089050 0.428467
v 0.149887 -0.087883 0.426941
v 0.150681 -0.066673 0.301270
v 0.150803 -0.085510 0.420105
v 0.150894 -0.105400 0.415314
v 0.151245 -0.075531 0.360046
v 0.151520 -0.069107 0.296448
v 0.152725 -0.066780 0.304138
v 0.152954 -0.093826 0.338043
v 0.154480 -0.087082 0.424530
v 0.155121 -0.083305 0.295380
v 0.155411 -0.079300 0.294312
v 0.156342 -0.072479 0.295380
v 0.156784 -0.087639 0.301300
v 0.157471 -0.086029 0.297852
v 0.157608 -0.069809 0.322540
v 0.157623 -0.076111 0.294739
v 0.157700 -0.068481 0.298676
v 0.159302 -0.091789 0.429932
v 0.161072 -0.093353 0.430420
v 0.161407 -0.068085 0.309113
v 0.161545 -0.104919 0.425934
v 0.161926 -0.096962 0.353577
v 0.162659 -0.082458 0.295715
v 0.162750 -0.073662 0.343781
v 0.164261 -0.074081 0.296265
v 0.164581 -0.068275 0.303497
v 0.164612 -0.079117 0.295624
v 0.164703 -0.105736 0.423889
v 0.165375 -0.071342 0.297852
v 0.165741 -0.081886 0.393890
v 0.166275 -0.090065 0.428345
v 0.166336 -0.104996 0.406006
v 0.166412 -0.099655 0.369446
v 0.166550 -0.068863 0.301819
v 0.166962 -0.086098 0.298370
v 0.166977 -0.104141 0.427521
v 0.167053 -0.106255 0.419067
v 0.167084 -0.102745 0.428864
v 0.167572 -0.070053 0.299927
v 0.167664 -0.088623 0.426147
v 0.168396 -0.106194 0.421875
v 0.168961 -0.068878 0.308899
v 0.169083 -0.097763 0.430695
v 0.170486 -0.080032 0.296814
v 0.170898 -0.101082 0.429932
v 0.172073 -0.075462 0.297943
v 0.173004 -0.078712 0.371368
v 0.173019 -0.088127 0.301514
v 0.173035 -0.071609 0.326447
v 0.174210 -0.083931 0.298309
v 0.174316 -0.084007 0.404266
v 0.174515 -0.074982 0.347534
v 0.175278 -0.091972 0.429596
v 0.175308 -0.070786 0.302704
v 0.175934 -0.072029 0.301392
v 0.175949 -0.087051 0.419891
v 0.176239 -0.086761 0.300354
v 0.176559 -0.073936 0.300171
v 0.176636 -0.070015 0.306274
v 0.177551 -0.081429 0.298828
v 0.177734 -0.085884 0.413879
v 0.177887 -0.077415 0.299316
v 0.177979 -0.090340 0.307159
v 0.178162 -0.102524 0.382843
v 0.179306 -0.071159 0.319916
v 0.180542 -0.094666 0.331146
v 0.180923 -0.092056 0.314301
v 0.182205 -0.085159 0.300995
v 0.182465 -0.088753 0.423920
v 0.183090 -0.073692 0.303589
v 0.183212 -0.071846 0.306244
v 0.183243 -0.089844 0.305939
v 0.183380 -0.088043 0.303345
v 0.184570 -0.097298 0.431000
v 0.184723 -0.077766 0.302124
v 0.185471 -0.090286 0.426788
v 0.185654 -0.071259 0.314636
v 0.185654 -0.095490 0.430847
v 0.186172 -0.093414 0.430115
v 0.186188 -0.082214 0.302124
v 0.186310 -0.099953 0.430756
v 0.186386 -0.087372 0.417542
v 0.186462 -0.091591 0.428589
v 0.186798 -0.106087 0.405823
v 0.186874 -0.106903 0.414703
v 0.187286 -0.107079 0.418945
v 0.187363 -0.104424 0.428528
v 0.187576 -0.071640 0.311981
v 0.187607 -0.106293 0.425568
v 0.187653 -0.102699 0.429840
v 0.187790 -0.105736 0.426788
v 0.187805 -0.086304 0.303802
v 0.188187 -0.082977 0.392365
v 0.188446 -0.106880 0.423035
v 0.189331 -0.076950 0.305237
v 0.189651 -0.074120 0.307587
v 0.189758 -0.090088 0.425415
v 0.190323 -0.088806 0.306915
v 0.191071 -0.072685 0.312012
v 0.191116 -0.085869 0.407776
v 0.192383 -0.092239 0.313629
v 0.192657 -0.104286 0.428528
v 0.192688 -0.102264 0.429901
v 0.192703 -0.106537 0.409180
v 0.192810 -0.093651 0.429504
v 0.192841 -0.085754 0.306488
v 0.192993 -0.080757 0.306519
v 0.193069 -0.089478 0.422302
v 0.193146 -0.091118 0.311371
v 0.193146 -0.099091 0.430603
v 0.193298 -0.074432 0.336487
v 0.193298 -0.091797 0.427582
v 0.193466 -0.107086 0.420471
v 0.193542 -0.095695 0.430267
v 0.193695 -0.078560 0.363129
v 0.194031 -0.083664 0.394104
v 0.194321 -0.106010 0.426147
v 0.194382 -0.088173 0.416473
v 0.194382 -0.093468 0.318909
v 0.194458 -0.074379 0.312073
v 0.194565 -0.106659 0.423981
v 0.194595 -0.076988 0.309570
v 0.194687 -0.073288 0.327148
v 0.195831 -0.088829 0.310638
v 0.195908 -0.102837 0.377228
v 0.195923 -0.083244 0.308685
v 0.195938 -0.081108 0.378174
v 0.195984 -0.097672 0.342957
v 0.196167 -0.090744 0.424255
v 0.196411 -0.102478 0.429260
v 0.196457 -0.077751 0.356842
v 0.196503 -0.093781 0.428436
v 0.196701 -0.073189 0.322052
v 0.196777 -0.073761 0.317200
v 0.196838 -0.105949 0.405334
v 0.197174 -0.104355 0.427643
v 0.197220 -0.092110 0.426300
v 0.197632 -0.106636 0.420441
v 0.197647 -0.085114 0.399597
v 0.197647 -0.097420 0.429565
v 0.197708 -0.100662 0.429535
v 0.197800 -0.088966 0.416351
v 0.197906 -0.106613 0.417206
v 0.198441 -0.076042 0.314880
v 0.198486 -0.100052 0.357910
v 0.198669 -0.090714 0.420990
v 0.198700 -0.105812 0.423706
v 0.198944 -0.105873 0.408783
v 0.198959 -0.104492 0.426514
v 0.199066 -0.102234 0.428345
v 0.199173 -0.093834 0.426727
v 0.199280 -0.091698 0.316895
v 0.199478 -0.103661 0.384430
v 0.199677 -0.080063 0.313385
v 0.199814 -0.086090 0.312927
v 0.199875 -0.093491 0.321167
v 0.200027 -0.092445 0.422821
v 0.200180 -0.074409 0.321991
v 0.200211 -0.086578 0.403503
v 0.200256 -0.083328 0.388916
v 0.200287 -0.081123 0.376007
v 0.200302 -0.105438 0.417816
v 0.200531 -0.099014 0.427704
v 0.200668 -0.089951 0.316376
v 0.200882 -0.097275 0.340149
v 0.200882 -0.103996 0.423859
v 0.201019 -0.104424 0.395844
v 0.201050 -0.094765 0.424011
v 0.201187 -0.104889 0.409912
v 0.201248 -0.088829 0.408997
v 0.201279 -0.101463 0.426361
v 0.201355 -0.077850 0.354614
v 0.201523 -0.104279 0.416626
v 0.201797 -0.103233 0.420441
v 0.201904 -0.075027 0.333374
v 0.202026 -0.097961 0.423523
v 0.202087 -0.104172 0.400879
v 0.202255 -0.101242 0.421539
v 0.202393 -0.091049 0.410828
v 0.202499 -0.076065 0.322479
v 0.202698 -0.101685 0.370178
v 0.202805 -0.077774 0.320435
v 0.202805 -0.086357 0.317322
v 0.202805 -0.103134 0.383972
v 0.203003 -0.094887 0.329407
v 0.203049 -0.103340 0.403259
v 0.203186 -0.075356 0.329102
v 0.203186 -0.093452 0.411102
v 0.203217 -0.084808 0.392090
v 0.203323 -0.081764 0.318634
v 0.203491 -0.081314 0.374054
v 0.203583 -0.096519 0.411194
v 0.203659 -0.101646 0.405914
v 0.203842 -0.092735 0.324463
v 0.203842 -0.097809 0.344574
v 0.204117 -0.088989 0.401215
v 0.204147 -0.102783 0.387390
v 0.204178 -0.099312 0.406281
v 0.204315 -0.083199 0.383453
v 0.204453 -0.101608 0.372620
v 0.204742 -0.091125 0.402008
v 0.204742 -0.094406 0.404205
v 0.204865 -0.086464 0.394043
v 0.204865 -0.089668 0.322479
v 0.205017 -0.100861 0.398712
v 0.205322 -0.101830 0.390137
v 0.205887 -0.101364 0.376495
v 0.205902 -0.086662 0.322998
v 0.206055 -0.078346 0.351532
v 0.206070 -0.096519 0.340546
v 0.206192 -0.098618 0.353027
v 0.206345 -0.096390 0.396088
v 0.206436 -0.082031 0.324921
v 0.206467 -0.081161 0.368164
v 0.206558 -0.077454 0.333221
v 0.206619 -0.093796 0.332581
v 0.206711 -0.077385 0.340607
v 0.206741 -0.079178 0.328674
v 0.206741 -0.084877 0.384460
v 0.207138 -0.083580 0.377991
v 0.207184 -0.100227 0.380646
v 0.207596 -0.087273 0.386841
v 0.207764 -0.089790 0.388702
v 0.207794 -0.090446 0.329956
v 0.207870 -0.099159 0.365234
v 0.208420 -0.095711 0.384521
v 0.208435 -0.097778 0.354340
v 0.208557 -0.092796 0.385406
v 0.208679 -0.097725 0.378387
v 0.208694 -0.084465 0.374756
v 0.208801 -0.095245 0.343323
v 0.208893 -0.080879 0.358307
v 0.208923 -0.087181 0.331604
v 0.209259 -0.081474 0.335754
v 0.209274 -0.079788 0.344421
v 0.209534 -0.092346 0.338287
v 0.209763 -0.088760 0.376465
v 0.209824 -0.096588 0.366058
v 0.209900 -0.082909 0.362244
v 0.209961 -0.093384 0.374634
v 0.210007 -0.088036 0.336151
v 0.210236 -0.095345 0.352966
v 0.210312 -0.085587 0.367432
v 0.210464 -0.082092 0.344818
v 0.210693 -0.088570 0.368073
v 0.210831 -0.084656 0.342377
v 0.210907 -0.083443 0.355011
v 0.210953 -0.090042 0.343048
v 0.211151 -0.091858 0.361084
v 0.211349 -0.091858 0.351898
v 0.211411 -0.087257 0.357819
v 0.211472 -0.086800 0.348999
s 1
f 718 722 686
f 718 686 682
f 718 682 689
f 718 689 711
f 686 722 687
f 687 722 713
f 687 713 691
f 722 718 748
f 748 718 749
f 748 749 771
f 722 748 740
f 722 740 713
f 691 713 720
f 720 713 740
f 691 720 684
f 684 720 705
f 748 771 759
f 748 759 740
f 759 771 776
f 776 771 784
f 759 776 765
f 740 759 745
f 745 759 765
f 740 745 720
f 745 765 754
f 720 745 737
f 737 745 754
f 720 737 705
f 737 754 750
f 705 737 716
f 716 737 750
f 705 716 677
f 716 750 726
f 716 726 690
f 690 726 708
f 686 687 627
f 686 627 682
f 627 687 661
f 682 627 651
f 661 687 691
f 682 651 689
f 661 691 639
f 689 651 653
f 639 691 648
f 689 653 698
f 648 691 684
f 648 684 677
f 677 684 705
f 698 653 646
f 698 646 695
f 695 646 644
f 695 644 699
f 699 644 697
f 697 644 629
f 697 629 636
f 697 636 702
f 702 636 649
f 702 649 694
f 694 649 645
f 694 645 693
f 651 627 603
f 651 603 592
f 651 592 653
f 653 592 593
f 653 593 646
f 646 593 644
f 592 603 561
f 561 603 584
f 584 603 627
f 561 584 567
f 561 567 542
f 592 561 560
f 592 560 593
f 593 560 551
f 593 551 540
f 593 540 550
f 593 550 588
f 593 588 644
f 588 550 564
f 588 564 594
f 588 594 629
f 594 564 574
f 594 574 636
f 749 718 738
f 738 718 711
f 749 738 758
f 749 758 771
f 738 711 710
f 689 698 711
f 711 698 710
f 710 698 695
f 771 758 779
f 771 779 784
f 784 779 786
f 786 779 774
f 786 774 782
f 782 774 781
f 781 774 770
f 774 779 757
f 757 779 758
f 770 774 755
f 755 774 757
f 770 755 746
f 770 746 751
f 751 746 721
f 751 721 712
f 746 755 729
f 746 729 721
f 712 721 693
f 712 693 692
f 693 721 694
f 694 721 702
f 702 721 729
f 702 729 697
f 725 729 755
f 729 725 697
f 725 755 757
f 697 725 699
f 699 725 695
f 695 725 710
f 725 757 744
f 725 744 710
f 744 757 758
f 710 744 738
f 738 744 758
f 627 661 626
f 627 626 584
f 626 661 608
f 626 608 598
f 608 661 639
f 608 639 609
f 609 639 648
f 609 648 617
f 617 648 677
f 617 677 664
f 617 664 611
f 611 664 596
f 596 664 669
f 596 669 604
f 604 669 659
f 604 659 638
f 604 638 570
f 570 638 607
f 626 598 584
f 584 598 567
f 567 598 608
f 567 608 558
f 558 608 609
f 558 609 573
f 558 573 537
f 573 609 617
f 537 573 579
f 579 573 617
f 537 579 541
f 579 617 611
f 541 579 575
f 575 579 611
f 575 611 596
f 575 596 604
f 575 604 570
f 575 570 518
f 560 561 535
f 535 561 542
f 535 542 505
f 535 505 486
f 535 486 527
f 535 527 560
f 560 527 551
f 551 527 540
f 540 527 491
f 567 532 542
f 542 532 505
f 505 532 492
f 532 567 558
f 492 532 509
f 532 558 531
f 532 531 509
f 531 558 499
f 509 531 497
f 497 531 499
f 509 497 476
f 499 558 537
f 499 537 498
f 498 537 541
f 486 505 463
f 486 463 417
f 463 505 492
f 417 463 456
f 456 463 492
f 456 492 476
f 476 492 509
f 456 476 453
f 453 476 497
f 453 497 449
f 449 497 499
f 449 499 472
f 472 499 498
f 527 486 465
f 527 465 491
f 465 486 430
f 486 417 430
f 430 417 355
f 430 355 368
f 430 368 424
f 430 424 465
f 424 368 366
f 424 366 440
f 424 440 461
f 440 366 442
f 442 366 392
f 392 366 347
f 392 347 364
f 392 364 432
f 392 432 442
f 442 432 466
f 456 425 417
f 425 456 453
f 417 425 369
f 417 369 355
f 425 453 403
f 425 403 369
f 369 403 362
f 403 453 449
f 362 403 387
f 387 403 449
f 362 387 358
f 358 387 388
f 388 387 449
f 358 388 348
f 388 449 408
f 388 408 348
f 408 449 472
f 408 472 414
f 348 408 357
f 357 408 414
f 357 414 412
f 457 419 412
f 412 419 375
f 412 375 357
f 357 375 349
f 349 375 350
f 350 375 351
f 629 644 588
f 550 540 520
f 520 540 491
f 550 520 512
f 512 520 483
f 512 483 525
f 512 525 550
f 550 525 564
f 491 465 461
f 461 465 424
f 491 461 467
f 491 467 520
f 461 440 467
f 467 440 442
f 467 442 483
f 483 442 466
f 483 466 525
f 629 594 636
f 520 467 483
f 636 574 649
f 649 574 645
f 564 525 574
f 716 690 677
f 677 690 664
f 664 690 669
f 669 690 708
f 776 787 765
f 765 787 778
f 765 778 754
f 787 776 796
f 754 778 750
f 796 776 784
f 750 778 767
f 750 767 726
f 767 778 797
f 726 767 747
f 726 747 708
f 767 797 768
f 767 768 747
f 747 768 724
s 0
f 747 724 708
s 1
f 708 724 669
f 669 724 659
f 659 724 701
f 811 797 778
f 797 811 827
f 827 811 830
f 811 778 804
f 811 804 830
f 804 778 787
f 830 804 809
f 809 804 787
f 830 809 831
f 809 787 796
f 831 809 810
f 810 809 796
f 831 810 836
f 810 796 800
f 800 796 784
f 836 810 820
f 820 810 800
f 836 820 834
f 800 784 806
f 800 806 820
f 806 784 786
f 834 820 813
f 813 820 806
f 834 813 837
f 837 813 814
f 806 786 801
f 806 801 813
f 801 786 782
f 801 782 781
f 813 801 794
f 813 794 814
f 794 801 781
f 814 794 785
f 794 781 777
f 794 777 785
f 777 781 770
f 814 785 805
f 777 770 751
f 785 777 756
f 756 777 751
f 805 785 775
f 775 785 756
f 805 775 792
f 792 775 761
f 775 756 743
f 743 756 751
f 775 743 761
f 743 751 712
f 743 712 761
f 761 712 733
f 733 712 692
f 574 525 511
f 511 525 466
f 574 582 645
f 582 574 568
f 568 574 511
f 582 568 612
f 612 568 640
f 640 568 601
f 601 568 534
f 601 534 641
f 641 534 549
f 541 480 498
f 480 541 518
f 518 541 575
f 498 480 472
f 472 480 414
f 414 480 477
f 477 480 518
f 511 466 462
f 462 466 432
f 568 511 534
f 534 511 462
f 582 612 645
f 645 612 693
f 432 399 462
f 399 432 364
f 399 364 353
f 462 399 464
s 0
f 462 464 534
s 1
f 534 464 495
f 495 464 434
f 495 434 433
f 399 394 464
f 464 394 434
f 394 399 353
f 434 394 382
f 394 353 359
f 394 359 382
f 693 612 692
f 570 521 518
f 518 521 500
f 500 521 552
f 692 612 640
f 477 412 414
f 640 672 692
f 672 640 601
f 552 521 570
f 552 570 607
f 552 607 545
f 552 545 500
f 545 607 613
f 500 477 518
f 477 500 457
f 477 457 412
f 457 500 489
f 489 500 545
f 534 495 549
f 692 672 733
f 733 672 753
f 753 672 641
f 641 672 601
f 701 638 659
f 638 701 655
f 638 655 607
f 655 701 735
f 735 701 724
f 735 724 768
f 735 768 769
f 769 768 799
f 799 768 807
f 807 768 797
f 807 797 827
f 807 827 828
f 828 827 838
f 838 827 830
f 838 830 845
f 845 830 831
f 845 831 836
f 845 836 848
f 848 836 834
f 848 834 837
f 372 382 367
f 384 351 375
s 0
f 351 384 352
s 1
f 384 375 419
s 0
f 352 384 396
f 384 419 428
s 1
f 428 419 457
s 0
f 384 428 410
f 384 410 396
f 428 457 459
f 459 457 489
f 459 489 507
f 507 489 545
s 1
f 428 459 446
f 428 446 410
f 446 459 517
f 410 446 437
f 410 437 396
f 437 446 452
f 396 437 413
f 396 413 377
f 396 377 352
f 377 413 381
f 377 381 360
s 0
f 360 381 363
s 1
f 377 360 356
f 377 356 354
f 434 382 404
f 434 404 433
f 404 382 376
f 376 382 372
f 404 376 380
f 549 495 578
f 578 495 543
f 549 578 630
f 814 829 837
f 829 814 815
f 815 814 805
f 815 805 792
f 815 792 808
f 808 792 789
f 789 792 761
f 789 761 733
f 822 807 828
f 807 822 799
f 822 828 840
f 799 822 817
f 817 822 840
f 817 840 825
f 825 840 843
f 799 817 780
f 780 817 783
f 799 780 769
f 769 780 739
f 739 780 719
f 769 739 723
f 769 723 735
f 735 723 655
f 655 723 739
f 655 739 660
f 655 660 607
f 607 660 613
f 613 660 632
f 845 851 838
f 840 828 838
f 840 838 847
f 847 838 851
f 840 847 855
f 855 847 851
f 840 855 843
f 843 855 852
f 853 851 845
f 853 845 848
f 855 851 859
f 859 851 853
f 852 855 860
f 860 855 859
f 852 860 854
f 854 860 856
f 856 860 858
f 858 860 859
f 856 858 844
f 859 853 857
f 859 857 858
f 857 853 848
f 844 858 850
f 844 850 839
f 858 857 846
f 846 857 848
f 858 846 850
f 846 848 837
f 846 837 829
f 839 850 835
f 835 850 846
f 839 835 818
f 846 829 833
f 846 833 835
f 833 829 815
f 833 815 808
f 835 833 819
f 835 819 818
f 819 833 808
f 818 819 803
f 819 808 789
f 819 789 803
f 803 789 753
f 753 789 733
f 803 753 773
f 773 753 736
f 736 753 641
f 736 641 630
f 495 433 469
f 495 469 524
s 0
f 469 433 426
s 1
f 426 433 404
s 0
f 426 404 391
s 1
f 391 404 386
s 0
f 426 391 393
s 1
f 426 393 397
f 641 549 630
f 495 524 543
s 0
f 507 517 459
f 563 507 545
f 507 563 548
f 507 548 517
s 1
f 517 548 515
f 517 515 452
f 515 548 502
f 515 502 470
f 613 589 545
f 589 613 632
f 589 632 657
f 545 589 563
f 589 657 623
f 589 623 563
f 563 623 548
f 548 623 597
f 597 623 628
f 597 628 580
f 580 628 615
f 580 615 572
f 572 615 610
f 610 615 634
f 578 616 630
f 616 578 543
f 616 543 605
f 616 605 674
f 605 543 524
f 605 524 556
f 605 556 600
f 600 556 566
f 517 452 446
f 630 616 736
f 736 616 674
f 736 674 727
f 736 727 773
f 773 727 764
f 764 727 709
f 764 709 717
f 764 717 760
f 773 764 793
f 773 793 803
f 803 793 818
f 793 764 802
f 802 764 760
f 818 793 824
f 824 793 802
f 818 824 839
f 839 824 844
f 824 802 832
f 824 832 844
f 802 760 772
f 772 760 732
f 772 732 763
f 802 772 812
f 802 812 832
f 772 763 791
f 772 791 812
f 791 763 762
f 832 812 816
f 816 812 791
f 791 762 798
f 791 798 816
f 798 762 790
f 790 762 752
f 816 798 821
f 821 798 790
f 832 816 841
f 841 816 821
f 832 841 849
f 832 849 844
f 844 849 856
f 856 849 854
f 849 841 842
f 849 842 854
f 842 841 821
f 854 842 852
f 852 842 843
f 842 821 826
f 826 821 790
f 843 842 823
f 823 842 826
f 843 823 825
f 826 790 788
f 826 788 823
f 788 790 752
f 825 823 795
f 795 823 788
f 788 752 766
f 788 766 795
f 766 752 742
f 766 742 741
f 766 741 795
f 825 795 783
f 783 795 741
f 825 783 817
f 783 741 731
f 783 731 780
f 780 731 719
f 719 731 673
f 437 452 413
f 413 452 435
f 413 435 402
f 413 402 381
f 381 402 379
f 381 379 363
f 435 452 470
f 470 452 515
f 435 470 484
f 484 470 502
s 0
f 524 469 506
f 524 506 556
f 556 506 519
f 519 506 493
s 1
f 519 493 522
f 522 493 488
s 0
f 469 426 427
s 1
f 427 426 397
f 427 397 400
s 0
f 469 427 506
f 506 427 493
s 1
f 493 427 444
f 493 444 488
f 444 427 418
f 719 660 739
f 660 719 657
f 657 632 660
f 719 673 657
f 674 605 675
f 674 675 727
f 727 675 709
f 709 675 671
f 709 671 680
f 680 671 656
f 709 680 717
f 680 656 681
f 680 681 717
f 681 656 665
f 681 665 676
f 717 681 706
f 717 706 732
f 717 732 760
f 706 681 700
f 700 681 676
f 732 706 714
f 714 706 700
f 732 714 763
f 700 676 688
f 700 688 714
f 688 676 668
f 688 668 670
f 763 714 734
f 763 734 762
f 734 714 715
f 734 715 762
f 715 714 688
f 688 670 683
f 688 683 715
f 683 670 666
f 683 666 678
f 715 683 703
f 703 683 678
f 730 762 715
f 730 715 703
f 762 730 752
f 703 678 704
f 703 704 730
f 752 730 728
f 728 730 704
f 752 728 742
f 742 728 707
f 707 728 704
f 742 707 741
f 679 704 678
f 704 679 707
f 679 678 662
f 679 662 667
f 707 679 696
f 696 679 667
f 707 696 741
f 696 667 650
f 741 696 685
f 685 696 650
f 741 685 731
f 685 650 673
f 685 673 731
f 370 365 379
f 371 361 370
f 371 370 383
f 383 370 379
f 371 383 374
f 383 379 406
f 406 379 402
f 406 402 435
f 406 435 450
f 406 450 420
f 406 420 383
f 420 450 422
f 398 374 383
f 398 383 420
f 398 420 422
f 374 398 378
f 398 422 407
f 398 407 378
f 407 422 431
f 431 422 455
f 378 407 409
f 409 407 431
f 378 409 385
f 378 385 373
f 373 385 389
f 409 431 415
f 409 415 385
f 415 431 441
f 385 415 390
f 390 415 441
f 385 390 389
f 390 441 395
f 390 395 389
f 389 395 401
f 395 441 429
f 401 395 405
f 395 429 423
f 395 423 405
f 423 429 445
f 405 423 416
f 405 416 411
f 416 423 439
f 416 439 421
f 673 628 657
f 657 628 623
f 628 673 650
f 628 650 615
f 615 650 634
f 556 519 566
f 605 600 675
f 675 600 671
f 671 600 621
f 671 621 656
f 656 621 622
f 656 622 643
f 643 622 618
f 643 618 631
f 656 643 665
f 643 631 658
f 643 658 665
f 665 658 676
f 484 450 435
f 450 484 485
f 597 538 548
f 538 597 580
f 548 538 502
f 502 538 513
f 566 519 522
f 513 484 502
f 484 513 485
f 485 513 478
f 478 513 508
f 580 544 538
f 544 580 572
f 544 572 539
f 600 566 571
f 538 544 513
f 513 544 539
f 513 539 508
f 508 539 516
f 508 516 494
f 516 539 533
f 494 516 523
f 523 516 533
f 523 533 554
f 642 634 667
f 667 634 650
f 634 642 610
f 642 667 662
f 610 642 625
f 642 662 647
f 642 647 625
f 647 662 663
f 663 662 678
f 663 678 666
f 647 663 637
f 647 637 625
f 637 663 666
f 625 637 614
f 614 637 620
f 637 666 654
f 654 666 670
f 620 637 633
f 633 637 654
f 620 633 624
f 654 670 652
f 654 652 633
f 652 670 668
f 624 633 635
f 635 633 652
f 624 635 619
f 619 635 631
f 631 635 652
f 619 631 606
f 631 652 658
f 658 652 668
f 658 668 676
f 488 444 438
f 488 438 451
f 488 451 496
f 496 451 475
f 475 451 448
f 566 522 571
f 571 522 528
f 571 528 546
f 571 546 591
f 485 478 450
f 450 478 455
f 450 455 422
f 455 478 471
f 455 471 460
f 455 460 431
f 460 471 494
f 431 460 441
f 460 494 473
f 460 473 441
f 600 571 621
f 621 571 591
f 621 591 622
f 622 591 602
f 602 591 577
f 622 602 618
f 602 577 586
f 602 586 618
f 618 586 606
f 618 606 631
f 606 586 581
f 606 581 590
f 606 590 619
f 619 590 599
f 619 599 624
f 599 590 583
f 624 599 620
f 620 599 583
f 620 583 585
f 620 585 614
f 614 585 587
f 614 587 595
f 614 595 625
f 625 595 610
f 508 471 478
f 595 569 610
f 610 569 572
f 572 569 539
f 539 569 533
f 533 569 554
f 554 569 576
f 576 569 595
f 576 595 587
f 522 488 496
f 522 496 528
f 528 496 475
f 528 475 530
f 528 530 546
f 530 475 510
f 530 510 557
f 494 471 508
f 587 553 576
f 553 587 585
f 553 585 562
f 553 562 529
f 529 562 555
f 555 562 585
f 555 585 583
f 555 583 526
f 526 583 559
f 526 559 536
f 559 583 590
f 536 559 565
f 565 559 590
f 565 590 581
f 536 565 547
f 547 565 581
f 547 581 586
f 547 586 557
f 547 557 510
f 557 586 577
f 557 577 591
f 557 591 546
f 557 546 530
f 553 554 576
f 554 553 523
f 523 490 494
f 490 523 504
f 504 523 553
f 504 553 529
f 490 504 479
f 504 529 503
f 504 503 479
f 479 503 487
f 487 503 526
f 473 494 490
f 510 475 468
f 510 468 481
f 475 448 468
f 468 448 436
f 468 436 481
f 481 436 454
f 481 454 474
f 474 454 447
f 474 447 482
f 447 454 421
f 482 447 487
f 447 421 439
f 447 439 487
f 490 458 473
f 473 458 441
f 441 458 429
f 458 490 479
f 429 458 445
f 445 458 479
f 445 479 443
f 445 443 423
f 443 479 487
f 423 443 439
f 439 443 487
f 503 529 555
f 503 555 526
f 547 514 536
f 514 547 510
f 514 510 481
f 536 514 501
f 501 514 474
f 536 501 526
f 526 501 482
f 526 482 487
f 481 474 514
f 474 482 501
o tripo_part_2
v 0.000443 -0.190842 0.361420
v 0.000481 -0.230148 0.375610
v 0.000939 -0.170715 0.355194
v 0.001265 -0.196808 0.341766
v 0.001318 -0.222519 0.379059
v 0.001375 -0.234009 0.354797
v 0.001636 -0.227661 0.340973
v 0.001753 -0.216431 0.337708
v 0.001841 -0.230087 0.343964
v 0.001893 -0.171829 0.339844
v 0.002543 -0.196442 0.374207
v 0.002879 -0.200989 0.378387
v 0.003269 -0.193802 0.347321
v 0.003443 -0.233093 0.366272
v 0.003483 -0.170242 0.354156
v 0.004851 -0.233154 0.359192
v 0.004943 -0.212967 0.379364
v 0.005239 -0.168304 0.364166
v 0.005624 -0.193024 0.359253
v 0.005926 -0.169373 0.351562
v 0.006008 -0.198730 0.343323
v 0.006147 -0.205185 0.341125
v 0.006444 -0.195068 0.350800
v 0.006486 -0.169968 0.343292
v 0.007110 -0.227127 0.373016
v 0.007246 -0.169189 0.347809
v 0.007316 -0.229446 0.351532
v 0.007513 -0.223709 0.343170
v 0.007673 -0.195786 0.354553
v 0.008550 -0.197418 0.364563
v 0.008692 -0.220810 0.374390
v 0.008730 -0.203003 0.374481
v 0.008893 -0.219574 0.343323
v 0.009029 -0.201767 0.346252
v 0.009083 -0.228241 0.365540
v 0.009103 -0.227264 0.353516
v 0.009576 -0.167572 0.347443
v 0.012191 -0.212875 0.359039
v -0.000156 -0.206909 0.337799
v -0.000217 -0.193436 0.346313
v -0.001222 -0.209122 0.380737
v -0.002052 -0.197052 0.376343
v -0.002390 -0.234390 0.362640
v -0.002740 -0.171738 0.340210
v -0.002833 -0.170410 0.354797
v -0.002981 -0.232452 0.349762
v -0.003464 -0.197189 0.341919
v -0.003598 -0.194016 0.347229
v -0.004392 -0.191681 0.360443
v -0.004508 -0.215240 0.338379
v -0.004562 -0.227585 0.341919
v -0.004566 -0.220779 0.378601
v -0.005286 -0.168457 0.364563
v -0.005357 -0.228546 0.374390
v -0.005601 -0.200409 0.376678
v -0.006015 -0.169464 0.352295
v -0.006071 -0.170380 0.342072
v -0.007033 -0.195343 0.350769
v -0.007392 -0.213181 0.377777
v -0.007488 -0.193970 0.357788
v -0.007823 -0.231369 0.356628
v -0.007828 -0.208588 0.340698
v -0.007913 -0.182419 0.352020
v -0.008064 -0.168945 0.346375
v -0.008134 -0.201187 0.343933
v -0.008689 -0.221848 0.343719
v -0.009213 -0.198395 0.367065
v -0.009386 -0.225281 0.371948
v -0.009624 -0.204727 0.373138
v -0.009685 -0.200272 0.348572
v -0.009898 -0.225845 0.350311
v -0.010569 -0.213196 0.347412
v -0.012643 -0.213013 0.359650
s 1
f 877 901 865
f 912 865 901
f 865 912 862
f 862 912 914
f 914 912 928
f 928 912 919
f 914 928 921
f 912 901 919
f 929 928 919
f 929 919 915
f 915 919 901
f 915 901 902
f 915 902 927
f 902 901 872
f 872 901 877
f 865 891 877
f 877 892 872
f 892 877 891
f 892 891 898
f 872 892 871
f 872 871 902
f 871 892 890
f 890 892 898
f 890 898 894
f 885 891 865
f 885 865 862
f 891 885 895
f 891 895 898
f 895 885 874
f 874 885 862
f 874 862 903
f 903 862 914
f 927 929 915
f 929 927 933
f 933 927 930
f 929 933 928
f 871 861 902
f 902 861 909
f 861 871 879
f 879 871 890
f 879 890 889
f 902 909 927
f 927 909 920
f 927 920 930
f 903 914 921
f 903 921 906
f 903 906 866
f 903 866 874
f 874 866 876
f 874 876 895
f 895 876 896
f 928 931 921
f 921 931 911
f 931 928 933
f 878 863 875
f 878 875 880
f 878 880 897
f 880 875 879
f 897 880 886
f 886 880 879
f 896 898 895
f 898 896 893
f 893 896 888
f 888 896 887
f 887 896 876
f 879 875 861
f 861 875 863
f 861 863 905
f 861 905 909
f 920 909 916
f 916 909 905
f 920 916 923
f 923 916 924
f 923 924 918
f 918 924 917
f 886 879 889
f 886 889 883
f 905 913 916
f 933 932 931
f 932 933 930
f 932 930 925
f 932 925 922
f 931 932 926
f 926 932 922
f 931 926 911
f 926 922 910
f 926 910 911
f 876 866 887
f 887 866 869
f 869 866 906
f 887 869 867
f 887 867 888
f 867 869 911
f 911 869 906
f 911 906 921
f 918 930 920
f 918 920 923
f 930 918 908
f 908 918 917
f 894 889 890
f 889 894 883
f 883 894 881
f 883 881 873
f 881 894 882
f 893 894 898
f 894 893 882
f 882 893 868
f 868 893 888
f 868 888 867
f 868 867 911
f 882 868 899
f 868 911 910
f 868 910 899
f 899 910 922
f 883 884 886
f 886 884 897
f 908 907 930
f 930 907 925
f 907 908 900
f 900 908 904
f 881 864 873
f 873 864 900
f 900 864 907
f 864 881 899
f 864 899 907
f 899 881 882
f 907 899 922
f 907 922 925
f 873 884 883
f 873 870 884
f 908 917 904
f 873 900 870
f 904 870 900
o tripo_part_3
v 0.000001 -0.007437 0.233597
v 0.000016 0.063652 -0.435577
v 0.000024 -0.000056 0.319855
v 0.000025 0.066795 0.412323
v 0.000039 -0.092613 0.460144
v 0.000041 -0.158768 0.413727
v 0.000054 0.042645 0.039082
v 0.000105 0.027277 0.098755
v 0.000113 -0.128586 -0.185867
v 0.000130 0.019983 0.125565
v 0.000203 0.065315 -0.411072
v 0.000207 -0.004670 0.312988
v 0.000245 -0.173065 0.321228
v 0.000264 0.024269 0.109558
v 0.000298 0.103737 -0.183533
v 0.000333 -0.011917 0.249512
v 0.000369 0.062077 0.434723
v 0.000370 0.017422 0.135025
v 0.000380 0.066399 0.416504
v 0.000434 0.052307 -0.467743
v 0.000464 0.021000 -0.012984
v 0.000470 -0.015075 0.261414
v 0.000505 -0.010032 0.303192
v 0.000519 0.114632 -0.234299
v 0.000522 0.116959 -0.249207
v 0.000552 0.043407 -0.470551
v 0.000585 0.065163 0.402191
v 0.000642 -0.120544 -0.218964
v 0.000667 0.016195 0.340759
v 0.000672 -0.080933 0.463409
v 0.000686 0.033619 0.362152
v 0.000689 0.049580 0.381439
v 0.000694 0.036564 0.365723
v 0.000695 0.045975 0.377106
v 0.000696 -0.165253 0.390228
v 0.000702 -0.161850 0.401337
v 0.000711 0.023840 0.350250
v 0.000715 -0.158737 -0.045330
v 0.000719 0.037186 0.061806
v 0.000736 -0.045578 -0.002495
v 0.000769 0.019600 0.344910
v 0.000771 -0.017687 0.270630
v 0.000802 0.028080 0.355347
v 0.000803 0.012909 0.336609
v 0.000807 0.005325 0.326843
v 0.000818 0.008717 0.331177
v 0.000842 -0.048077 0.469086
v 0.000850 0.041206 0.371307
v 0.000867 0.056885 0.390411
v 0.000878 -0.036110 -0.432861
v 0.000923 0.051517 0.451324
v 0.000939 -0.170715 0.355194
v 0.000946 0.030603 0.358459
v 0.000955 -0.080048 -0.348297
v 0.000978 0.056934 0.444855
v 0.000993 -0.016766 0.284393
v 0.000998 0.061699 0.396545
v 0.000999 -0.069000 0.465851
v 0.001001 0.053337 0.385986
v 0.001008 -0.015241 0.289978
v 0.001045 -0.180023 0.139389
v 0.001077 -0.142471 0.432068
v 0.001109 -0.002559 0.316254
v 0.001116 -0.123856 0.445801
v 0.001149 0.030453 -0.464691
v 0.001155 0.005564 0.468750
v 0.001211 0.003068 0.323914
v 0.001227 0.108330 -0.205215
v 0.001288 -0.108810 0.454102
v 0.001352 -0.133133 0.439331
v 0.001362 0.090050 -0.401917
v 0.001387 -0.097260 0.458710
v 0.001393 0.060673 -0.449493
v 0.001446 -0.023033 0.470276
v 0.001466 0.024382 0.465607
v 0.001502 0.044773 0.457214
v 0.001545 -0.033176 0.470062
v 0.001563 0.059418 0.440887
v 0.001581 0.066063 0.404358
v 0.001589 0.057663 -0.460327
v 0.001611 -0.115067 0.450897
v 0.001648 -0.167114 0.380737
v 0.001690 -0.174667 0.300903
v 0.001705 0.072540 -0.405914
v 0.001726 0.055141 -0.464996
v 0.001749 0.066620 0.407532
v 0.001763 0.064957 0.423981
v 0.001797 -0.009602 0.304352
v 0.001804 -0.154755 0.419952
v 0.001809 -0.142639 -0.122047
v 0.001840 0.036533 0.461884
v 0.001893 -0.171829 0.339844
v 0.001930 0.107506 -0.401764
v 0.002104 0.034943 -0.468719
v 0.002147 0.052677 -0.194489
v 0.002150 0.017647 0.466980
v 0.002153 0.015224 -0.441528
v 0.002172 0.037174 0.366699
v 0.002319 0.027817 0.355438
v 0.002350 0.050186 0.382446
v 0.002421 0.043453 0.374390
v 0.002612 -0.056953 0.467743
v 0.002620 -0.012232 -0.207428
v 0.002622 0.013993 0.338562
v 0.002650 -0.001476 0.031147
v 0.002735 0.085197 -0.187622
v 0.002796 -0.052097 -0.401764
v 0.002855 0.023010 0.349854
v 0.002858 -0.002639 0.469269
v 0.002866 0.005703 0.328156
v 0.002870 0.065834 0.417908
v 0.002951 -0.070625 0.465240
v 0.002989 -0.012304 0.469879
v 0.003133 -0.085526 0.461853
v 0.003139 -0.006507 0.310944
v 0.003190 -0.018248 0.279205
v 0.003298 0.104095 -0.402039
v 0.003341 -0.015513 0.290924
v 0.003380 0.104340 -0.184402
v 0.003534 -0.050888 -0.402679
v 0.003569 0.064407 0.401733
v 0.003583 0.047039 -0.469727
v 0.003622 0.055847 0.389984
v 0.003653 0.117935 -0.274048
v 0.003722 -0.012249 0.299744
v 0.003757 0.061226 0.396881
v 0.003823 0.067238 -0.429871
v 0.003828 0.115852 -0.309418
v 0.003878 -0.147766 0.426453
v 0.003976 -0.177078 0.272003
v 0.004013 0.062180 0.433289
v 0.004024 0.063629 -0.431610
v 0.004040 0.066017 0.412018
v 0.004046 0.007977 0.467896
v 0.004056 -0.004159 0.315430
v 0.004124 0.031761 0.463135
v 0.004158 -0.040039 0.469238
v 0.004232 -0.058956 0.466919
v 0.004291 0.033356 0.363251
v 0.004351 0.064850 0.421387
v 0.004369 0.045647 0.378174
v 0.004417 0.011952 0.337097
v 0.004417 0.025608 0.464752
v 0.004471 -0.093849 0.458984
v 0.004504 0.040260 0.038776
v 0.004509 0.040321 0.459442
v 0.004529 -0.109398 0.452759
v 0.004554 -0.023708 0.469574
v 0.004557 -0.137268 0.434906
v 0.004594 -0.100990 0.456421
v 0.004597 0.039284 0.370575
v 0.004618 -0.117722 0.448334
v 0.004677 0.040211 -0.469940
v 0.004720 0.021473 0.349213
v 0.004722 0.002738 0.185669
v 0.004730 -0.159897 0.408813
v 0.004736 -0.023518 -0.427612
v 0.004745 0.063560 0.427155
v 0.004791 0.000726 0.322815
v 0.004800 -0.127350 0.442047
v 0.004816 0.064552 0.403137
v 0.004849 0.059612 0.439484
v 0.004897 0.065674 0.407043
v 0.004915 0.050850 0.384827
v 0.004924 -0.066872 0.465088
v 0.004983 0.051361 0.450745
v 0.005003 -0.090057 -0.322357
v 0.005003 -0.157303 0.414551
v 0.005037 0.016951 0.466156
v 0.005052 -0.070770 -0.368530
v 0.005094 0.056171 0.445404
v 0.005109 0.006475 -0.422424
v 0.005149 0.045483 0.455780
v 0.005175 -0.043427 0.468445
v 0.005225 0.110611 -0.366058
v 0.005227 -0.083084 0.461578
v 0.005239 -0.168304 0.364166
v 0.005324 0.008637 0.467072
v 0.005479 -0.021486 0.278778
v 0.005517 0.105064 -0.191742
v 0.005533 -0.165436 0.380951
v 0.005563 -0.020000 -0.197144
v 0.005581 -0.172272 0.322845
v 0.005599 0.064224 -0.409760
v 0.005606 0.029116 0.463165
v 0.005614 -0.007674 0.468353
v 0.005785 0.059204 0.440674
v 0.005838 0.011842 -0.441315
v 0.005938 0.032673 -0.465759
v 0.005962 -0.076363 0.462616
v 0.005964 -0.161270 0.400421
v 0.005965 0.059944 -0.408630
v 0.006008 0.117378 -0.259155
v 0.006018 -0.034397 0.468323
v 0.006063 0.108147 -0.206863
v 0.006064 0.034752 0.460876
v 0.006069 0.027502 0.357666
v 0.006141 0.064781 0.416748
v 0.006149 0.021837 0.464050
v 0.006187 -0.059921 0.465332
v 0.006259 -0.016157 0.257904
v 0.006289 0.036404 -0.468140
v 0.006295 0.007085 0.466003
v 0.006325 0.055634 0.391907
v 0.006348 -0.014722 0.296875
v 0.006352 0.060875 0.398712
v 0.006376 0.042271 0.456787
v 0.006399 0.062508 -0.436462
v 0.006412 -0.017494 0.288849
v 0.006438 0.033298 0.365082
v 0.006449 0.013380 0.340576
v 0.006467 0.011991 0.144669
v 0.006478 0.116440 -0.308502
v 0.006478 0.046017 0.380524
v 0.006486 -0.169968 0.343292
v 0.006497 -0.012116 0.241684
v 0.006497 -0.023098 0.467773
v 0.006504 0.048939 0.452087
v 0.006536 -0.152008 0.420685
v 0.006537 0.067764 -0.427185
v 0.006561 0.040730 0.040016
v 0.006578 -0.010148 0.307617
v 0.006594 0.006584 0.332092
v 0.006622 0.064880 0.410217
v 0.006639 0.020800 0.350037
v 0.006700 -0.117447 0.446991
v 0.006730 0.028503 0.461823
v 0.006750 0.063713 0.421661
v 0.006764 -0.045090 0.466644
v 0.006793 -0.160187 0.401398
v 0.006806 0.039204 0.372559
v 0.006820 0.060768 0.434814
v 0.006823 0.000543 0.324341
v 0.006855 -0.094704 0.457031
v 0.006888 0.062485 0.402039
v 0.006905 0.027817 -0.459167
v 0.006914 0.054043 0.446930
v 0.006916 -0.019526 0.279633
v 0.006935 0.018995 0.462982
v 0.006946 -0.106682 0.452240
v 0.007168 0.064156 0.406250
v 0.007170 -0.073586 0.461761
v 0.007194 0.041283 0.455719
v 0.007201 -0.060787 0.463837
v 0.007229 0.047260 0.452179
v 0.007243 -0.005556 0.316040
v 0.007280 -0.006773 0.465393
v 0.007294 0.058155 -0.453857
v 0.007295 0.064110 0.415558
v 0.007298 0.097046 -0.401031
v 0.007309 -0.034534 0.466217
v 0.007362 0.058746 0.439331
v 0.007366 -0.060616 -0.386993
v 0.007367 0.062107 0.428406
v 0.007398 0.114342 -0.235886
v 0.007419 -0.137192 0.432648
v 0.007452 0.035820 0.457520
v 0.007471 -0.008417 0.225174
v 0.007505 0.010797 -0.440063
v 0.007565 -0.128006 0.439270
v 0.007720 0.063828 0.410187
v 0.007747 0.058613 0.440277
v 0.007766 0.024124 0.459900
v 0.007775 -0.088234 0.457550
v 0.007798 -0.174881 0.270599
v 0.007816 -0.020681 0.279053
v 0.007827 -0.146835 0.424469
v 0.007860 0.062508 0.404266
v 0.007878 0.054718 0.392914
v 0.007882 0.101974 -0.183990
v 0.007933 0.113007 -0.340942
v 0.007942 0.051586 0.447327
v 0.007977 0.023460 0.355011
v 0.007986 0.049923 0.387268
v 0.008001 0.058739 0.398285
v 0.008030 0.006529 -0.203674
v 0.008033 -0.017834 -0.206116
v 0.008046 0.055321 -0.461273
v 0.008047 0.051266 -0.466187
v 0.008072 -0.018200 0.290588
v 0.008113 0.028196 0.457764
v 0.008123 0.044086 0.380463
v 0.008134 -0.001641 0.462524
v 0.008198 -0.003678 0.205261
v 0.008209 0.046257 -0.468445
v 0.008215 0.011182 0.339935
v 0.008243 0.062752 0.415161
v 0.008279 -0.060020 0.461884
v 0.008301 0.045212 0.449860
v 0.008315 -0.040100 -0.430206
v 0.008346 -0.157700 0.409241
v 0.008367 0.061520 0.425568
v 0.008382 0.059742 0.433746
v 0.008488 0.111313 -0.367340
v 0.008504 0.062031 0.406647
v 0.008536 -0.114029 0.446350
v 0.008547 0.032043 0.366394
v 0.008571 0.009352 -0.419434
v 0.008579 -0.014835 0.300415
v 0.008596 0.112305 -0.395844
v 0.008599 -0.102577 0.451569
v 0.008615 0.059143 0.400452
v 0.008657 0.057438 0.440430
v 0.008703 -0.077271 0.457916
v 0.008705 0.056984 0.439209
v 0.008827 0.050213 0.445038
v 0.008882 -0.160675 0.391479
v 0.008915 0.038338 0.374786
v 0.008945 -0.047287 0.461395
v 0.008945 0.004219 0.331818
v 0.008948 0.022047 0.455811
v 0.008970 -0.030712 0.461700
v 0.009054 0.059685 0.428436
v 0.009122 0.117012 -0.282532
v 0.009141 0.033379 0.451416
v 0.009145 0.054878 0.396027
v 0.009160 -0.179245 0.176331
v 0.009162 0.059063 0.402740
v 0.009186 0.055920 0.440430
v 0.009201 0.019432 -0.445496
v 0.009203 0.043339 0.381653
v 0.009234 0.059055 0.412994
v 0.009234 0.059380 0.425659
v 0.009242 -0.020264 0.284851
v 0.009313 0.016497 0.348328
v 0.009323 0.057762 0.432983
v 0.009332 -0.175385 0.272003
v 0.009336 0.046139 0.385376
v 0.009343 0.051037 0.391602
v 0.009362 0.007555 -0.421814
v 0.009446 -0.153137 0.415588
v 0.009454 0.116295 -0.252594
v 0.009472 -0.002961 -0.422150
v 0.009488 -0.021042 0.459442
v 0.009497 0.021675 0.355286
v 0.009499 0.028084 0.080589
v 0.009536 -0.006077 0.457947
v 0.009551 -0.164200 0.371368
v 0.009576 -0.167572 0.347443
v 0.009599 0.028275 0.363770
v 0.009601 0.102402 -0.184570
v 0.009655 0.110794 -0.309662
v 0.009663 0.052963 0.439117
v 0.009667 -0.017281 0.297424
v 0.009711 0.057205 0.404572
v 0.009738 0.016766 -0.440948
v 0.009738 -0.048363 0.021875
v 0.009760 0.061253 -0.408813
v 0.009791 0.040283 -0.467468
v 0.009796 0.047131 0.388214
v 0.009802 0.054298 0.398071
v 0.009812 0.039253 0.378143
v 0.009892 0.053436 0.436615
v 0.009933 0.035542 0.373749
v 0.009949 0.002179 0.454742
v 0.009995 -0.126831 0.435883
v 0.010000 -0.011778 0.309296
v 0.010016 0.048958 0.440094
v 0.010036 0.032410 0.370026
v 0.010061 0.054836 0.428528
v 0.010111 0.010088 0.341400
v 0.010135 0.045982 0.438995
v 0.010138 0.042381 0.383514
v 0.010139 0.023937 -0.200195
v 0.010173 -0.020029 0.292053
v 0.010184 0.020475 0.106567
v 0.010209 -0.157822 0.401489
v 0.010221 0.048611 0.392609
v 0.010234 0.053463 0.416748
v 0.010244 -0.176102 0.243515
v 0.010309 -0.097382 0.449158
v 0.010372 0.028719 0.366486
v 0.010377 0.031235 -0.460846
v 0.010389 -0.017359 0.255371
v 0.010431 -0.123032 -0.207306
v 0.010460 -0.077332 0.453125
v 0.010489 0.038139 0.379639
v 0.010502 0.023540 0.360077
v 0.010506 0.052307 0.402710
v 0.010524 -0.024082 0.279144
v 0.010529 0.015422 0.349518
v 0.010546 -0.039452 0.456329
v 0.010562 -0.007846 0.317017
v 0.010602 0.041508 0.439606
v 0.010608 0.046585 0.438019
v 0.010625 -0.003137 0.324188
v 0.010634 0.017794 0.447449
v 0.010665 -0.138870 0.426605
v 0.010760 0.049206 0.426971
v 0.010798 0.038792 0.438416
v 0.010814 0.004583 0.335449
v 0.010822 0.031506 0.372345
v 0.010851 0.043030 0.438232
v 0.010859 0.047955 0.397461
v 0.010859 0.045029 0.392365
v 0.010863 0.048916 0.413849
v 0.010917 0.019646 0.356293
v 0.010927 0.000746 0.330444
v 0.010942 -0.062042 0.453674
v 0.010950 0.024733 0.363525
v 0.011006 -0.022068 0.279663
v 0.011007 -0.015389 0.304932
v 0.011013 0.004743 0.448334
v 0.011059 0.034924 0.053593
v 0.011078 -0.105003 -0.273590
v 0.011086 0.040665 0.387268
v 0.011128 0.032513 0.439148
v 0.011205 0.045868 0.403839
v 0.011211 0.008470 0.342163
v 0.011230 0.012944 0.348572
v 0.011233 0.044743 0.423828
v 0.011234 0.032341 0.437744
v 0.011269 0.062531 -0.410461
v 0.011348 -0.006048 0.321594
v 0.011351 0.039261 0.437439
v 0.011387 0.034180 0.380096
v 0.011405 0.026777 0.369202
v 0.011449 0.040161 0.391266
v 0.011451 -0.112396 0.439972
v 0.011513 0.066055 -0.427521
v 0.011523 -0.010657 0.314514
v 0.011539 0.035351 0.437469
v 0.011548 0.028372 0.437286
v 0.011623 0.016579 0.355804
v 0.011634 0.004776 0.338776
v 0.011691 0.038746 0.394714
v 0.011729 0.038486 0.412628
v 0.011801 -0.030094 0.450348
v 0.011804 -0.142258 -0.121216
v 0.011839 0.000087 0.332672
v 0.011856 -0.018456 0.302155
v 0.011871 0.022867 0.436646
v 0.011894 0.031822 0.381989
v 0.011894 -0.020464 0.448639
v 0.011976 -0.004944 0.325470
v 0.012003 -0.111916 -0.248978
v 0.012068 0.028780 0.436707
v 0.012087 -0.082191 0.446625
v 0.012100 -0.178024 0.099213
v 0.012102 0.026226 0.374573
v 0.012136 0.021112 0.366455
v 0.012138 0.012766 0.438538
v 0.012139 -0.175537 0.065086
v 0.012181 0.113914 -0.309753
v 0.012184 0.035637 0.037918
v 0.012197 0.028233 0.435730
v 0.012211 0.018047 0.435883
v 0.012228 0.005939 0.344025
v 0.012328 0.060886 -0.431915
v 0.012349 -0.060551 0.448547
v 0.012361 -0.009615 0.319580
v 0.012362 0.026724 0.429291
v 0.012364 -0.158188 -0.044056
v 0.012376 -0.014030 0.311829
v 0.012390 0.116455 -0.267670
v 0.012409 0.027855 0.390045
v 0.012436 0.059978 -0.436249
v 0.012446 0.064613 -0.430298
v 0.012486 -0.148102 0.414520
v 0.012489 -0.041149 0.447968
v 0.012508 -0.022474 0.296539
v 0.012510 0.034649 -0.462036
v 0.012513 0.105057 -0.200409
v 0.012519 0.005248 0.159683
v 0.012568 -0.133636 0.425659
v 0.012599 0.012700 0.434906
v 0.012612 -0.118141 -0.226120
v 0.012635 -0.079277 -0.348938
v 0.012640 0.021767 0.374908
v 0.012655 0.008263 0.350494
v 0.012702 -0.154465 0.402100
v 0.012720 -0.023777 0.286285
v 0.012752 -0.011196 0.225693
v 0.012779 0.053875 -0.455383
v 0.012785 0.019266 0.435059
v 0.012819 -0.156403 0.391968
v 0.012823 0.036835 0.038464
v 0.012892 0.114120 -0.241653
v 0.012918 0.008297 0.434448
v 0.012925 0.010406 0.356567
v 0.013028 0.012489 0.361908
v 0.013054 0.041096 -0.464508
v 0.013065 -0.017736 0.441711
v 0.013129 -0.008759 0.325897
v 0.013165 -0.154587 0.402771
v 0.013166 0.012611 0.434387
v 0.013188 -0.020910 0.263275
v 0.013260 0.012798 0.368073
v 0.013266 -0.178925 0.128845
v 0.013271 0.001336 0.344788
v 0.013344 0.002414 0.433777
v 0.013351 0.035664 -0.197906
v 0.013371 0.045887 -0.463745
v 0.013392 0.111343 -0.227768
v 0.013439 -0.021376 0.303802
v 0.013448 -0.002464 0.435181
v 0.013452 -0.025642 0.278748
v 0.013489 0.007925 0.433411
v 0.013490 -0.024706 0.294067
v 0.013494 0.010827 0.374390
v 0.013528 0.050022 -0.460632
v 0.013545 -0.003083 -0.205551
v 0.013589 -0.004540 0.337097
v 0.013709 -0.170700 0.027136
v 0.013747 -0.017780 0.312134
v 0.013752 -0.129395 -0.178894
v 0.013806 -0.002667 0.189148
v 0.013844 -0.122406 0.427887
v 0.013887 -0.005196 0.432709
v 0.013897 0.002789 0.400848
v 0.013959 -0.002653 0.346252
v 0.014001 -0.024870 0.299927
v 0.014080 -0.012261 0.326843
v 0.014247 -0.001471 0.370483
v 0.014266 -0.010887 0.433014
v 0.014298 -0.004541 0.431763
v 0.014314 -0.002644 0.356537
v 0.014353 -0.148773 -0.090172
v 0.014361 -0.005475 0.412476
v 0.014380 -0.012626 0.431702
v 0.014385 -0.027969 -0.431335
v 0.014399 -0.005700 0.348694
v 0.014404 -0.007692 0.431976
v 0.014552 -0.021112 0.311249
v 0.014560 -0.135696 -0.149231
v 0.014574 -0.086929 -0.329010
v 0.014587 0.016020 -0.201797
v 0.014741 -0.014060 0.332367
v 0.014787 -0.018799 0.432312
v 0.014798 0.011924 -0.418915
v 0.014853 -0.014898 0.430969
v 0.014859 -0.027445 0.302460
v 0.014930 -0.015406 0.429901
v 0.014939 -0.019182 0.430817
v 0.014956 0.023159 -0.445465
v 0.015052 -0.147293 0.403625
v 0.015105 -0.149124 0.402618
v 0.015107 -0.014993 0.351196
v 0.015114 -0.022203 0.316101
v 0.015132 0.012794 -0.434540
v 0.015163 0.114395 -0.308868
v 0.015185 0.013149 -0.437134
v 0.015189 -0.017519 0.334900
v 0.015220 -0.106461 0.429016
v 0.015254 -0.027704 0.291443
v 0.015260 -0.096718 0.431366
v 0.015288 -0.029222 0.299072
v 0.015338 0.057926 -0.409210
v 0.015349 -0.022776 0.429932
v 0.015378 0.018740 -0.011949
v 0.015387 -0.026999 0.429718
v 0.015400 -0.026051 0.312286
v 0.015428 -0.166962 0.318634
v 0.015432 -0.022333 0.323975
v 0.015450 0.010329 -0.421448
v 0.015492 -0.021288 0.338562
v 0.015532 -0.151627 0.393829
v 0.015542 -0.026125 0.279968
v 0.015542 -0.149216 0.403870
v 0.015553 -0.046429 0.023050
v 0.015564 -0.030113 0.308685
v 0.015582 -0.025723 0.417053
v 0.015588 0.060383 -0.411163
v 0.015597 -0.025162 0.389618
v 0.015605 -0.030024 -0.432190
v 0.015627 -0.071388 -0.365356
v 0.015665 -0.033104 0.430542
v 0.015682 -0.025036 0.351959
v 0.015690 0.108330 -0.401184
v 0.015696 -0.027658 0.429138
v 0.015720 -0.026615 0.375275
v 0.015724 0.100464 -0.185104
v 0.015827 0.007370 0.144653
v 0.015827 -0.032585 0.307648
v 0.015863 -0.082787 0.431244
v 0.015915 -0.035194 0.428284
v 0.015919 -0.095192 -0.304596
v 0.015934 0.015324 -0.440155
v 0.015970 -0.030014 0.364594
v 0.016047 -0.030428 0.323639
v 0.016047 -0.032383 0.428192
v 0.016117 -0.028246 0.279633
v 0.016190 -0.071724 0.430908
v 0.016226 -0.036736 0.318451
v 0.016272 -0.033791 0.340393
v 0.016382 0.080963 -0.188538
v 0.016401 -0.177322 0.186050
v 0.016407 -0.049362 -0.403473
v 0.016434 -0.042271 0.427185
v 0.016497 -0.037426 0.315125
v 0.016504 -0.040092 0.324890
v 0.016510 -0.034103 0.304962
v 0.016520 0.112404 -0.325897
v 0.016560 -0.040520 0.426788
v 0.016623 -0.020882 -0.426727
v 0.016678 -0.042629 0.331970
v 0.016735 -0.042835 0.424469
v 0.016747 -0.047798 0.427216
v 0.016769 -0.144287 0.405029
v 0.016895 -0.050148 0.425323
v 0.016912 -0.090355 0.425751
v 0.016914 -0.046455 0.340332
v 0.016935 0.012988 0.121300
v 0.016945 -0.084930 0.426422
v 0.016956 0.045017 -0.456909
v 0.016964 -0.017673 0.240891
v 0.017000 -0.064987 0.427399
v 0.017006 -0.045383 0.332977
v 0.017015 -0.047279 0.365631
v 0.017023 -0.042194 0.323730
v 0.017033 -0.038853 0.314606
v 0.017040 -0.048336 0.415222
v 0.017057 0.036942 -0.455902
v 0.017065 -0.165207 -0.003867
v 0.017096 -0.048588 0.424988
v 0.017101 -0.082436 0.426086
v 0.017107 -0.140289 0.405090
v 0.017166 -0.033199 0.298676
v 0.017166 -0.094101 0.424286
v 0.017195 -0.049103 0.341980
v 0.017208 -0.141724 0.405975
v 0.017237 -0.054157 0.425385
v 0.017286 -0.052361 0.351196
v 0.017324 -0.053925 0.357025
v 0.017361 -0.171677 0.270325
v 0.017382 -0.045048 0.328552
v 0.017401 0.049019 -0.451935
v 0.017426 -0.048424 0.337311
v 0.017433 0.021902 0.088715
v 0.017437 -0.058949 0.423584
v 0.017460 -0.051723 0.346344
v 0.017504 0.111076 -0.395935
v 0.017555 -0.029615 0.285858
v 0.017580 -0.055092 0.423645
v 0.017609 0.041382 -0.456116
v 0.017635 0.013824 -0.431610
v 0.017666 -0.059647 0.369476
v 0.017672 0.111694 -0.332184
v 0.017685 -0.135010 0.408600
v 0.017694 -0.048771 0.018970
v 0.017717 -0.058865 0.392853
v 0.017723 -0.061951 0.423584
v 0.017750 -0.079239 0.423950
v 0.017775 0.062397 -0.428467
v 0.017782 -0.057827 0.360382
v 0.017796 -0.139786 0.404633
v 0.017847 0.111839 -0.309723
v 0.017923 -0.064087 0.379639
v 0.017935 0.108620 -0.365997
v 0.017941 -0.065880 0.422058
v 0.017941 -0.097198 0.420837
v 0.017946 -0.061394 0.422333
v 0.018122 -0.065887 0.410889
v 0.018133 -0.054859 0.349640
v 0.018238 -0.062584 0.370026
v 0.018238 -0.069603 0.422058
v 0.018244 -0.070267 0.393433
v 0.018314 -0.063927 -0.378784
v 0.018318 -0.132721 0.406952
v 0.018330 0.056412 -0.432709
v 0.018339 -0.071701 0.400818
v 0.018341 -0.047142 0.328247
v 0.018381 -0.015496 -0.207932
v 0.018394 -0.029650 0.279541
v 0.018398 -0.153076 0.376038
v 0.018423 -0.070923 0.420410
v 0.018442 -0.069969 0.388184
v 0.018454 -0.039795 0.309143
v 0.018484 -0.052631 0.341553
v 0.018509 -0.025370 0.265991
v 0.018547 -0.077690 0.420532
v 0.018579 -0.075150 0.408844
v 0.018621 -0.073692 0.401093
v 0.018637 0.035343 0.039642
v 0.018646 -0.050529 -0.401733
v 0.018684 -0.072342 0.394287
v 0.018688 -0.008288 0.200272
v 0.018711 -0.067947 0.380432
v 0.018923 -0.124985 0.409515
v 0.018942 0.023327 -0.439667
v 0.018999 -0.071541 0.390259
v 0.019100 -0.039467 -0.428375
v 0.019114 -0.160278 -0.028221
v 0.019117 0.095512 -0.401520
v 0.019135 -0.061394 0.360840
v 0.019148 -0.174622 0.219559
v 0.019175 -0.159256 0.347809
v 0.019302 -0.069786 0.382507
v 0.019312 -0.066422 0.372955
v 0.019325 -0.170273 0.271606
v 0.019413 0.113457 -0.250214
v 0.019432 0.028263 -0.444946
v 0.019495 0.109726 -0.368744
v 0.019512 -0.102028 0.413605
v 0.019560 -0.141495 0.394684
v 0.019567 -0.107697 0.412720
v 0.019581 0.111473 -0.237366
v 0.019625 0.114151 -0.258850
v 0.019651 -0.127655 0.407043
v 0.019686 -0.031525 0.279968
v 0.019697 0.109566 -0.353241
v 0.019775 0.097580 -0.185059
v 0.019783 0.060204 -0.430389
v 0.019896 0.112770 -0.310730
v 0.019928 -0.097900 0.413696
v 0.020050 -0.068039 0.374115
v 0.020061 0.020144 -0.012200
v 0.020102 0.115646 -0.329529
v 0.020115 0.104103 -0.206757
v 0.020205 0.112022 -0.320587
v 0.020208 0.063744 -0.407715
v 0.020218 -0.048409 -0.402008
v 0.020317 0.109711 -0.399048
v 0.020321 -0.031284 0.280396
v 0.020336 -0.103210 0.412628
v 0.020355 -0.033440 0.285706
v 0.020535 -0.125870 0.409027
v 0.020536 0.053391 -0.410126
v 0.020832 0.114082 -0.281708
v 0.020847 -0.066200 0.364380
v 0.020899 0.063202 -0.192352
v 0.020933 -0.177109 0.136459
v 0.021017 -0.113388 0.411041
v 0.021093 0.109062 -0.228119
v 0.021370 -0.036087 -0.431610
v 0.021391 0.089462 -0.402222
v 0.021412 0.015155 -0.421417
v 0.021441 0.001043 -0.015184
v 0.021486 -0.042995 0.302216
v 0.021492 0.055408 -0.411591
v 0.021532 -0.037830 0.291321
v 0.021547 0.016212 -0.418610
v 0.021664 -0.087662 0.426208
v 0.021694 -0.064735 0.357178
v 0.021711 -0.048492 -0.403564
v 0.021715 -0.123528 0.408356
v 0.021755 0.098511 -0.186203
v 0.021765 0.115509 -0.323059
v 0.021940 -0.032925 0.279694
v 0.021950 -0.000236 0.160660
v 0.022009 -0.076660 0.415649
v 0.022020 -0.079514 0.423737
v 0.022034 -0.016949 -0.207626
v 0.022066 0.101913 -0.402649
v 0.022066 -0.126678 0.404541
v 0.022089 -0.034470 0.280090
v 0.022127 0.051380 -0.433685
v 0.022158 -0.161331 0.321228
v 0.022179 -0.061134 0.344208
v 0.022190 -0.122955 -0.201523
v 0.022238 0.020155 -0.438538
v 0.022253 0.018574 -0.417419
v 0.022308 -0.155579 0.347565
v 0.022339 -0.062973 0.348663
v 0.022396 0.031616 0.037350
v 0.022455 -0.026833 0.259155
v 0.022463 0.007487 -0.439240
v 0.022547 0.108528 -0.367035
v 0.022549 -0.083878 -0.333801
v 0.022596 -0.118195 -0.220551
v 0.022675 -0.128937 0.395691
v 0.022690 -0.175507 0.087379
v 0.022852 0.010384 0.119133
v 0.022888 -0.143280 -0.108757
v 0.022980 -0.096069 0.399963
v 0.023010 -0.059235 0.334167
v 0.023096 0.018866 -0.429565
v 0.023104 -0.110733 -0.247635
v 0.023207 0.008228 -0.432556
v 0.023209 0.006185 -0.434631
v 0.023235 -0.061069 0.338593
v 0.023237 0.114105 -0.332764
v 0.023308 0.103889 -0.402527
v 0.023363 -0.170685 0.040443
v 0.023380 0.029940 -0.438202
v 0.023401 -0.131226 -0.163361
v 0.023432 0.113358 -0.268311
v 0.023504 0.054447 -0.432251
v 0.023529 -0.021183 0.235901
v 0.023529 -0.062881 0.346985
v 0.023567 -0.050739 0.309814
v 0.023634 0.056484 -0.429932
v 0.023668 -0.098808 -0.288452
v 0.023678 0.018263 -0.430664
v 0.023743 -0.151443 -0.067886
v 0.023773 -0.081795 0.425598
v 0.023882 -0.073112 -0.358673
v 0.023916 -0.147690 0.364258
v 0.023933 -0.059937 0.331360
v 0.024002 0.027380 0.058193
v 0.024040 -0.061512 0.338837
v 0.024071 0.020258 -0.432098
v 0.024076 0.021019 -0.436005
v 0.024168 -0.044449 0.295197
v 0.024202 0.049198 -0.195145
v 0.024258 0.109444 -0.396057
v 0.024284 0.046379 -0.434814
v 0.024324 -0.175003 0.167114
v 0.024460 -0.098091 0.417725
v 0.024481 0.116890 -0.327820
v 0.024603 0.048042 -0.411224
v 0.024630 -0.058228 0.322388
v 0.024744 0.025358 -0.438171
v 0.024748 -0.036591 0.280334
v 0.024769 -0.095917 0.423157
v 0.024776 -0.094978 0.392822
v 0.024849 -0.038490 0.284088
v 0.024984 0.109787 -0.334808
v 0.025003 -0.092445 0.425323
v 0.025011 0.035175 -0.437134
v 0.025019 -0.106476 0.395782
v 0.025097 -0.083809 0.426300
v 0.025179 0.050629 -0.412750
v 0.025337 0.040710 -0.436005
v 0.025393 -0.005255 0.171799
v 0.025524 0.111603 -0.308289
v 0.025526 -0.011951 0.196945
v 0.025572 -0.056396 0.312775
v 0.025688 -0.127914 0.390839
v 0.025761 0.095978 -0.185883
v 0.025835 -0.038063 0.280487
v 0.025934 -0.031780 0.264526
v 0.025953 0.021235 -0.417908
v 0.025995 -0.166412 0.270874
v 0.026012 -0.032276 -0.432220
v 0.026075 -0.157745 0.317932
v 0.026157 0.052387 -0.429871
v 0.026199 0.025799 -0.415863
v 0.026300 -0.138275 0.371307
v 0.026392 -0.061993 -0.378693
v 0.026421 -0.037643 0.279907
v 0.026470 -0.126419 0.391266
v 0.026493 0.030983 0.038010
v 0.026562 -0.054752 0.305023
v 0.026623 -0.165451 0.272614
v 0.026680 -0.171021 0.216309
v 0.026684 -0.094131 0.386108
v 0.026686 0.043915 -0.412079
v 0.026728 -0.039883 0.280304
v 0.026907 0.093880 -0.185852
v 0.027216 0.110199 -0.320404
v 0.027218 0.026831 -0.434967
v 0.027279 -0.092728 -0.305237
v 0.027451 -0.045834 0.289093
v 0.027477 0.034035 -0.414154
v 0.027760 -0.123657 0.388489
v 0.027809 0.027176 0.036366
v 0.027855 0.041027 -0.435272
v 0.027977 0.109657 -0.309875
v 0.028065 -0.054016 0.299316
v 0.028093 0.112183 -0.332642
v 0.028189 -0.174362 0.124809
v 0.028217 0.026203 -0.418396
v 0.028246 -0.165268 0.013139
v 0.028357 0.043751 -0.414459
v 0.028397 0.114120 -0.323425
v 0.028458 0.028694 -0.416321
v 0.028465 0.030432 0.040028
v 0.028475 0.046936 -0.432465
v 0.028519 -0.163101 0.271759
v 0.028528 0.039055 -0.413879
v 0.028704 -0.092880 0.377380
v 0.028833 0.107254 -0.368469
v 0.028912 -0.158264 -0.026258
v 0.028940 -0.067513 0.366180
v 0.029020 -0.048798 -0.400177
v 0.029095 0.033596 -0.435394
v 0.029152 -0.129883 0.370911
v 0.029257 -0.078041 -0.343933
v 0.029259 -0.170227 0.052505
v 0.029551 -0.042515 0.280701
v 0.029594 0.040104 -0.433868
v 0.029692 -0.045738 -0.401031
v 0.029703 -0.148941 0.331116
v 0.029730 0.035465 -0.416656
v 0.029730 -0.054348 0.296417
v 0.029881 0.105492 -0.400909
v 0.029924 0.113136 -0.329102
v 0.030083 0.106552 -0.365570
v 0.030085 -0.043560 0.281769
v 0.030222 -0.021320 0.216629
v 0.030237 0.102882 -0.402557
v 0.030321 -0.046333 -0.403015
v 0.030327 -0.059391 0.323608
v 0.030378 -0.091492 0.369965
v 0.030449 -0.035698 -0.429016
v 0.030489 -0.127197 0.377106
v 0.030605 0.046947 -0.411438
v 0.030653 -0.015726 -0.425507
v 0.030691 0.091423 -0.402557
v 0.030701 -0.102783 0.374207
v 0.030811 -0.042599 0.279785
v 0.030840 -0.042522 -0.400116
v 0.030882 -0.126907 -0.174393
v 0.030926 0.000999 0.135544
v 0.030928 -0.095390 0.394348
v 0.030994 0.108719 -0.245972
v 0.031101 0.019457 0.071960
v 0.031176 -0.008469 -0.423309
v 0.031223 -0.140442 0.344269
v 0.031254 -0.046688 -0.401093
v 0.031258 -0.161682 0.270752
v 0.031353 -0.115799 -0.221954
v 0.031563 -0.018019 -0.206085
v 0.031567 0.108566 -0.327759
v 0.031601 -0.090630 0.364990
v 0.031643 -0.151566 0.312073
v 0.031654 0.109695 -0.311432
v 0.031845 0.094963 -0.188065
v 0.031914 -0.128845 0.367218
v 0.031960 0.106819 -0.397430
v 0.032078 0.000851 -0.432922
v 0.032280 -0.171097 0.160431
v 0.032288 -0.097466 -0.284943
v 0.032410 0.102341 -0.218307
v 0.032417 -0.023285 -0.430511
v 0.032452 0.104347 -0.367249
v 0.032478 -0.036732 0.257751
v 0.032490 0.109734 -0.259979
v 0.032497 0.011194 0.096809
v 0.032574 -0.015682 0.190872
v 0.032578 -0.159668 0.273041
v 0.032600 -0.026323 0.225525
v 0.032616 -0.166504 0.220901
v 0.032642 -0.086533 -0.318604
v 0.032692 0.105446 -0.231705
v 0.032787 -0.098969 0.365204
v 0.032833 -0.137131 -0.124413
v 0.032864 -0.047047 0.280823
v 0.032875 0.021437 -0.013556
v 0.032928 0.026615 0.036613
v 0.032997 -0.045193 0.279175
v 0.033047 0.014434 -0.430634
v 0.033051 -0.089851 0.360687
v 0.033131 -0.089973 0.358734
v 0.033188 -0.170746 0.078659
v 0.033237 -0.057693 -0.381989
v 0.033325 -0.130234 0.352295
v 0.033447 -0.116608 0.367828
v 0.033524 -0.105331 -0.256775
v 0.033581 -0.144424 -0.089378
v 0.033966 -0.150070 -0.060402
v 0.033970 -0.031590 0.237350
v 0.034027 0.091644 -0.186600
v 0.034119 -0.054821 0.288940
v 0.034210 0.107132 -0.310303
v 0.034245 0.107559 -0.330780
v 0.034355 -0.157959 -0.018179
v 0.034420 -0.124657 0.364716
v 0.034481 -0.008164 0.159302
v 0.034485 -0.040932 0.262573
v 0.034519 -0.056324 0.280609
v 0.034550 -0.088898 0.352692
v 0.034603 -0.156204 0.272247
v 0.034786 -0.165359 0.030710
v 0.034809 -0.088387 0.352692
v 0.035072 -0.066368 -0.364532
v 0.035164 -0.127289 0.359741
v 0.035183 -0.050373 0.281830
v 0.035213 0.097214 -0.403900
v 0.035347 0.109360 -0.281616
v 0.035488 -0.170486 0.099548
v 0.035496 -0.129166 0.353088
v 0.035507 -0.106010 0.357544
v 0.035561 -0.051384 0.280853
v 0.035583 -0.095924 0.352783
v 0.035744 -0.087402 0.346588
v 0.035912 0.092377 -0.187576
v 0.036240 0.026171 0.039509
v 0.036278 -0.070816 -0.354370
v 0.036278 -0.079948 -0.332794
v 0.036320 -0.130203 0.337708
v 0.036324 -0.033745 -0.427612
v 0.036388 0.099922 -0.367737
v 0.036465 -0.161636 0.230621
v 0.036560 0.108200 -0.309174
v 0.036724 -0.091995 0.344757
v 0.036732 0.103455 -0.367218
v 0.036743 -0.091911 -0.297852
v 0.036774 -0.154495 0.271698
v 0.036785 -0.053474 0.280975
v 0.036800 -0.086296 0.340332
v 0.037159 -0.121094 -0.191284
v 0.037170 -0.165863 0.187347
v 0.037254 -0.052715 0.280701
v 0.037289 -0.043770 -0.401886
v 0.037853 -0.041370 -0.399841
v 0.037895 -0.052475 0.279755
v 0.037899 -0.085510 0.334473
v 0.038033 -0.103699 0.345734
v 0.038055 0.076706 -0.189484
v 0.038067 0.103973 -0.365601
v 0.038090 -0.129440 0.339966
v 0.038158 0.092468 -0.189651
v 0.038292 0.024708 -0.199997
v 0.038292 -0.054966 0.281860
v 0.038296 -0.006682 0.144211
v 0.038296 -0.015726 0.174408
v 0.038345 -0.043102 0.254333
v 0.038471 -0.145798 0.292450
v 0.038528 -0.056641 0.280914
v 0.038654 -0.112724 -0.223663
v 0.038742 -0.119194 0.347137
v 0.038757 -0.022129 0.193451
v 0.038822 0.024216 0.037029
v 0.038837 0.107834 -0.269562
v 0.038898 0.022030 0.035492
v 0.038979 -0.043457 -0.400055
v 0.039036 -0.024786 -0.430939
v 0.039093 -0.151047 0.273682
v 0.039177 -0.165298 0.048294
v 0.039272 -0.126617 0.343567
v 0.039314 -0.128387 0.339905
v 0.039391 -0.130051 0.322723
v 0.039398 -0.084015 0.326660
v 0.039433 0.005454 0.100868
v 0.039562 0.107109 -0.311676
v 0.039612 -0.029734 0.212982
v 0.039673 -0.091675 0.369537
v 0.039959 -0.159912 0.008140
v 0.039974 -0.148331 0.272919
v 0.039982 -0.036594 0.231049
v 0.040016 -0.063110 0.289673
v 0.040146 -0.044441 -0.399200
v 0.040157 0.039349 -0.197128
v 0.040165 -0.059525 -0.372925
v 0.040340 -0.016478 -0.207794
v 0.040382 -0.166977 0.130157
v 0.040386 0.099709 -0.222031
v 0.040421 -0.093201 0.329285
v 0.040611 -0.042027 -0.400482
v 0.040623 0.102135 -0.368408
v 0.040695 0.003848 0.032047
v 0.040718 0.015749 0.064842
v 0.040722 -0.058804 0.280670
v 0.040779 -0.105385 -0.246780
v 0.040813 -0.082474 0.318359
v 0.041084 -0.061455 0.280914
v 0.041157 0.102493 -0.371735
v 0.041214 -0.082344 0.318573
v 0.041298 -0.101837 0.329926
v 0.041336 -0.086586 0.320251
v 0.041367 -0.136444 0.299835
v 0.041382 -0.124283 0.335083
v 0.041504 -0.129929 -0.142883
v 0.041557 -0.060207 0.281860
v 0.041710 0.088486 -0.187653
v 0.041786 -0.129211 0.322418
v 0.041859 0.102943 -0.239670
v 0.041874 0.100899 -0.401703
v 0.041916 -0.097054 -0.273560
v 0.042015 -0.165695 0.075623
v 0.042034 -0.016603 0.028397
v 0.042091 -0.160812 0.189255
v 0.042244 0.102356 -0.366119
v 0.042381 0.099380 -0.368103
v 0.042423 -0.001372 0.116020
v 0.042488 -0.145325 0.272400
v 0.042568 -0.140167 -0.092522
v 0.042572 0.022202 0.039833
v 0.042641 -0.020121 -0.197006
v 0.042702 -0.081001 0.310547
v 0.042927 -0.088715 -0.299377
v 0.042938 0.102409 -0.397827
v 0.042965 -0.040619 -0.402802
v 0.042973 -0.116341 0.326508
v 0.042988 0.105782 -0.309937
v 0.043118 -0.146149 0.262909
v 0.043121 -0.067459 0.289246
v 0.043171 -0.154678 -0.014435
v 0.043209 -0.061104 0.278992
v 0.043224 -0.127258 0.323669
v 0.043320 -0.074440 -0.338135
v 0.043381 -0.048443 0.021994
v 0.043430 0.067360 -0.191528
v 0.043690 -0.110519 0.322693
v 0.043697 -0.026804 -0.429779
v 0.043732 -0.129379 0.301056
v 0.043755 -0.067955 0.280731
v 0.043774 -0.165131 0.096924
v 0.043884 -0.149200 -0.043304
v 0.043941 -0.141708 0.274323
v 0.043953 -0.116287 0.322235
v 0.044048 -0.046402 0.241333
v 0.044060 -0.013581 0.150650
v 0.044090 0.096931 -0.403900
v 0.044090 -0.112160 -0.216599
v 0.044121 -0.107140 0.320374
v 0.044136 0.088829 -0.189346
v 0.044216 0.082077 -0.404327
v 0.044304 -0.065811 0.281250
v 0.044327 -0.007277 -0.423798
v 0.044334 -0.014378 -0.427826
v 0.044350 -0.005268 0.123650
v 0.044441 0.094589 -0.210251
v 0.044624 -0.021078 0.171722
v 0.044632 -0.083336 0.323334
v 0.044662 -0.052635 -0.380371
v 0.044678 -0.065804 0.280304
v 0.044697 -0.079323 0.302307
v 0.044731 0.008356 0.079521
v 0.044777 0.084274 -0.187958
v 0.044800 -0.138504 0.273834
v 0.044884 0.100510 -0.369537
v 0.045017 -0.079521 0.300385
v 0.045029 -0.119835 0.317474
v 0.045151 -0.053326 0.253265
v 0.045155 -0.063286 -0.360291
v 0.045238 -0.036331 0.211639
v 0.045338 -0.067108 0.282104
v 0.045391 -0.127304 0.310974
v 0.045422 -0.037426 0.024679
v 0.045422 -0.105385 0.314880
v 0.045437 -0.077042 0.280273
v 0.045448 0.009196 -0.013682
v 0.045460 -0.072273 0.289978
v 0.045502 -0.120262 -0.178848
v 0.045609 -0.007272 0.029831
v 0.045650 -0.160843 0.041302
v 0.045689 0.009744 0.032486
v 0.045692 -0.092667 0.308929
v 0.045799 -0.138077 0.272827
v 0.045879 -0.077171 0.294464
v 0.045925 0.103294 -0.310852
v 0.045956 -0.002242 -0.205383
v 0.046051 -0.075890 0.292389
v 0.046131 0.018936 0.035419
v 0.046177 -0.077911 0.296448
v 0.046200 -0.085838 0.301849
v 0.046234 -0.119011 0.311798
v 0.046303 -0.048855 0.020882
v 0.046360 0.055756 -0.193878
v 0.046391 -0.101295 -0.251434
v 0.046410 -0.081009 -0.316315
v 0.046471 0.088730 -0.192474
v 0.046551 -0.040607 -0.022442
v 0.046577 0.014857 0.034065
v 0.046597 -0.025892 0.026382
v 0.046680 -0.071419 0.280304
v 0.046761 -0.108711 0.309814
v 0.046803 -0.047512 0.022650
v 0.046822 0.103409 -0.256348
v 0.046833 0.014049 -0.418121
v 0.046978 -0.134354 0.274689
v 0.046997 -0.040207 -0.398651
v 0.047054 -0.072830 0.280823
v 0.047085 -0.128189 0.297546
v 0.047104 -0.113014 0.308472
v 0.047211 0.099838 -0.366669
v 0.047226 -0.099182 0.306091
v 0.047272 0.102325 -0.333038
v 0.047337 -0.031137 0.190826
v 0.047474 -0.003321 0.029562
v 0.047478 -0.134064 -0.109726
v 0.047558 -0.115944 0.320953
v 0.047619 -0.037571 -0.398956
v 0.047634 -0.151901 0.203323
v 0.047649 0.085457 -0.188675
v 0.047688 -0.087105 0.342224
v 0.047691 -0.038330 0.024050
v 0.047970 -0.071159 0.278412
v 0.047977 0.103531 -0.312012
v 0.048000 -0.107124 -0.227951
v 0.048023 0.097229 -0.368958
v 0.048031 -0.073654 0.282806
v 0.048168 -0.112663 0.321594
v 0.048248 -0.012687 0.026972
v 0.048321 -0.048634 0.017723
v 0.048374 0.088631 -0.405609
v 0.048386 -0.109230 0.320007
v 0.048412 0.103661 -0.270752
v 0.048485 -0.078438 0.280365
v 0.048592 -0.026806 -0.426788
v 0.048634 -0.076591 0.280151
v 0.048653 -0.159805 0.129379
v 0.048660 0.010450 0.029259
v 0.048691 -0.117981 0.314178
v 0.048702 -0.124908 0.296967
v 0.048714 -0.128677 0.276672
v 0.048729 -0.107033 0.315491
v 0.048767 -0.028067 0.024422
v 0.048801 -0.013109 0.135330
v 0.049057 -0.145462 0.222885
v 0.049080 0.097725 -0.233063
v 0.049129 0.103058 -0.309875
v 0.049160 -0.074875 -0.328308
v 0.049202 -0.010903 0.024927
v 0.049309 -0.047256 0.020874
v 0.049366 -0.127762 0.274933
v 0.049381 -0.062481 0.255585
v 0.049557 -0.078377 0.281006
v 0.049572 -0.128235 0.273926
v 0.049591 -0.076180 0.278931
v 0.049774 -0.117035 0.317566
v 0.049786 -0.127472 0.286621
v 0.049873 -0.110184 0.296265
v 0.049885 -0.125626 -0.143677
v 0.049927 -0.047173 0.019358
v 0.049973 0.097481 -0.400848
v 0.050041 0.012785 0.028814
v 0.050041 -0.012420 -0.207458
v 0.050106 0.097710 -0.388062
v 0.050152 -0.115242 0.312714
v 0.050182 0.013720 0.032108
v 0.050209 -0.046684 0.004950
v 0.050259 -0.002876 0.100403
v 0.050304 -0.080902 0.283508
v 0.050362 -0.113075 -0.198807
v 0.050369 -0.036995 -0.399994
v 0.050407 -0.044014 0.211792
v 0.050465 -0.094856 -0.265503
v 0.050468 -0.154556 0.161865
v 0.050472 -0.004603 0.020546
v 0.050488 0.097885 -0.397827
v 0.050522 -0.084175 0.279938
v 0.050625 -0.110062 0.313202
v 0.050697 -0.104286 -0.232880
v 0.050735 0.010755 0.058384
v 0.050735 -0.140045 -0.071022
v 0.050774 -0.112083 0.318512
v 0.050865 -0.027287 0.168533
v 0.050900 0.015319 0.034283
v 0.051052 -0.046864 0.009096
v 0.051128 -0.127930 0.263733
v 0.051163 -0.046024 0.013846
v 0.051239 -0.111961 0.314209
v 0.051365 0.087097 -0.197235
v 0.051445 0.093987 -0.403503
v 0.051476 -0.147659 -0.027010
v 0.051525 -0.127609 0.276337
v 0.051563 0.094208 -0.369171
v 0.051609 -0.151932 0.000562
v 0.051704 -0.085548 0.280884
v 0.051754 -0.012964 -0.017561
v 0.051785 -0.092422 0.279144
v 0.051785 -0.158401 0.093666
v 0.051792 -0.087120 0.283234
v 0.051804 -0.099380 0.288452
v 0.051819 -0.033489 -0.021221
v 0.051834 -0.065231 -0.346924
v 0.051884 0.012460 0.015669
v 0.051895 0.013926 0.018021
v 0.052021 -0.084885 0.278015
v 0.052044 -0.021452 0.149124
v 0.052059 -0.013070 -0.428528
v 0.052090 -0.075172 0.291687
v 0.052158 -0.079399 0.300507
v 0.052410 0.035774 -0.413483
v 0.052429 0.095596 -0.370544
v 0.052464 -0.034458 -0.398102
v 0.052513 -0.156708 0.055981
v 0.052517 0.013615 0.029659
v 0.052612 -0.108147 -0.213837
v 0.052666 0.049469 -0.410645
v 0.052731 -0.096992 0.278717
v 0.052769 -0.070526 0.254517
v 0.052803 0.095375 -0.368652
v 0.052814 -0.091331 0.280090
v 0.052845 0.016108 0.036644
v 0.052887 -0.084427 -0.294403
v 0.052914 -0.135651 0.230713
v 0.052944 0.090302 -0.369934
v 0.052986 -0.053005 0.221558
v 0.053020 -0.123665 0.276123
v 0.053028 -0.002281 0.008400
v 0.053089 -0.034874 0.005227
v 0.053093 0.020378 -0.012341
v 0.053097 -0.102318 -0.234848
v 0.053104 -0.127457 0.274231
v 0.053108 -0.092873 0.278320
v 0.053162 -0.106232 0.277893
v 0.053246 0.015352 0.039932
v 0.053246 0.096191 -0.366760
v 0.053265 -0.114182 0.277039
v 0.053268 -0.093895 0.281067
v 0.053280 -0.044659 -0.008593
v 0.053364 -0.074463 -0.321960
v 0.053379 0.021526 -0.013759
v 0.053516 -0.113510 0.278076
v 0.053577 -0.091866 0.276581
v 0.053673 -0.044422 0.000408
v 0.053833 -0.044853 -0.003774
v 0.053867 -0.116455 -0.174866
v 0.053894 -0.079048 0.261169
v 0.053917 -0.042675 -0.021126
v 0.053936 0.100273 -0.312714
v 0.053955 0.015483 0.017906
v 0.053963 0.083046 -0.190689
v 0.053963 -0.034767 -0.397583
v 0.053963 -0.125290 0.275330
v 0.053989 -0.102890 0.279419
v 0.054024 0.009923 -0.203003
v 0.054073 -0.050518 -0.372223
v 0.054108 0.081284 -0.189346
v 0.054161 0.100304 -0.310364
v 0.054329 0.091789 -0.222427
v 0.054344 0.001681 -0.422394
v 0.054390 0.018545 -0.011842
v 0.054390 -0.036522 -0.395233
v 0.054420 0.016457 0.008802
v 0.054424 0.098068 -0.335632
v 0.054428 -0.144562 0.186584
v 0.054436 0.100418 -0.271515
v 0.054497 -0.040535 -0.022326
v 0.054516 -0.101555 0.276306
v 0.054531 -0.123833 0.273834
v 0.054543 -0.106705 0.276764
v 0.054588 -0.082397 0.314911
v 0.054646 -0.125015 -0.133255
v 0.054657 0.005291 -0.014219
v 0.054764 -0.009661 0.107666
v 0.054832 -0.057240 -0.358795
v 0.054890 0.003932 0.068184
v 0.055004 0.098618 -0.311646
v 0.055058 -0.126709 0.241165
v 0.055115 -0.152527 0.027800
v 0.055126 -0.126801 0.258911
v 0.055130 0.016582 0.000053
v 0.055180 0.077454 -0.189377
v 0.055405 -0.020016 -0.018362
v 0.055599 0.009609 0.050758
v 0.055622 -0.057339 0.219421
v 0.055664 -0.015669 -0.207886
v 0.055695 -0.125214 0.263672
v 0.055717 -0.138397 -0.062126
v 0.055775 0.015337 -0.418091
v 0.055790 -0.042507 -0.009660
v 0.055878 0.018930 -0.010987
v 0.055908 0.013903 0.033379
v 0.055939 -0.065468 0.232544
v 0.056026 -0.021885 -0.424713
v 0.056065 0.099121 -0.257355
v 0.056114 -0.042965 -0.018579
v 0.056171 -0.107452 0.266693
v 0.056393 -0.002540 -0.014387
v 0.056423 0.064934 -0.407623
v 0.056477 -0.106224 -0.211517
v 0.056679 0.001277 -0.009480
v 0.056831 -0.040897 -0.020861
v 0.056877 0.018715 -0.008673
v 0.056950 0.001392 -0.012326
v 0.056984 -0.097649 0.260315
v 0.057026 -0.092514 -0.258942
v 0.057030 -0.017551 -0.016068
v 0.057220 -0.026342 -0.015886
v 0.057281 -0.077240 0.293671
v 0.057339 -0.076653 0.241440
v 0.057369 -0.041126 -0.018927
v 0.057407 -0.087509 0.251831
v 0.057518 -0.037926 0.171219
v 0.057526 0.021181 -0.012267
v 0.057537 0.040398 -0.196991
v 0.057686 0.018728 -0.000042
v 0.057743 -0.150711 0.116989
v 0.057865 -0.136429 0.192657
v 0.057941 -0.098457 -0.237030
v 0.058128 0.088234 -0.370483
v 0.058235 -0.146561 0.143982
v 0.058315 0.023226 -0.200333
v 0.058342 0.092178 -0.368622
v 0.058426 -0.030136 -0.397034
v 0.058556 -0.125778 0.219543
v 0.058575 -0.032036 0.153732
v 0.058632 0.083847 -0.406738
v 0.058651 -0.078651 0.296295
v 0.058735 0.089439 -0.370636
v 0.058769 -0.122223 0.248367
v 0.058773 0.013383 0.030041
v 0.058964 -0.030716 -0.398193
v 0.058971 -0.024788 0.135269
v 0.058998 -0.124512 0.244583
v 0.059032 -0.064766 -0.335388
v 0.059189 0.085732 -0.212067
v 0.059196 0.058311 -0.193420
v 0.059212 0.093376 -0.312012
v 0.059280 0.020250 -0.007982
v 0.059361 0.006437 0.050091
v 0.059433 -0.018127 -0.205994
v 0.059441 -0.128403 -0.100624
v 0.059475 -0.125626 0.230377
v 0.059521 -0.121277 -0.135406
v 0.059578 -0.073860 -0.310791
v 0.059605 0.096725 -0.310913
v 0.059639 0.012165 0.035900
v 0.059677 -0.017054 -0.426147
v 0.059700 -0.014514 0.106293
v 0.059761 -0.149704 0.093254
v 0.059776 -0.149887 0.061111
v 0.059795 0.093391 -0.242798
v 0.059998 -0.112579 0.242767
v 0.060047 -0.003716 0.075294
v 0.060116 0.096741 -0.273560
v 0.060169 -0.031094 -0.394775
v 0.060303 -0.103844 -0.210617
v 0.060352 -0.066322 0.214478
v 0.060452 -0.045223 0.176270
v 0.060467 -0.119118 0.239258
v 0.060493 0.089378 -0.400757
v 0.060509 -0.107635 -0.193863
v 0.060703 -0.106773 0.239883
v 0.060860 -0.014862 -0.207840
v 0.060905 -0.017689 -0.206848
v 0.060955 -0.003187 -0.205551
v 0.061020 0.088554 -0.372009
v 0.061073 -0.125153 0.203583
v 0.061172 -0.054039 -0.354584
v 0.061192 -0.016869 -0.207596
v 0.061192 -0.123985 0.231094
v 0.061226 0.093727 -0.329865
v 0.061230 -0.097862 0.236603
v 0.061275 -0.073860 0.290985
v 0.061302 -0.000305 -0.425507
v 0.061333 0.066399 -0.408295
v 0.061413 -0.011248 -0.427307
v 0.061584 0.013379 0.026636
v 0.061596 0.093994 -0.323578
v 0.061630 -0.082779 -0.279266
v 0.061764 -0.119530 0.231812
v 0.061794 -0.019182 -0.201538
v 0.061848 -0.096306 -0.234680
v 0.062069 0.073601 -0.190201
v 0.062103 -0.105499 0.232147
v 0.062107 0.007407 -0.203400
v 0.062183 -0.141891 -0.010310
v 0.062241 0.092590 -0.332642
v 0.062271 -0.141800 0.133835
v 0.062363 0.094452 -0.313629
v 0.062458 -0.054012 0.185272
v 0.062508 0.038300 -0.413300
v 0.062546 0.017509 -0.418457
v 0.062561 0.086403 -0.370819
v 0.062576 -0.076775 0.216995
v 0.062668 -0.003845 -0.426514
v 0.062675 0.083549 -0.371399
v 0.062714 -0.113899 0.227707
v 0.062790 0.061558 -0.192581
v 0.062813 0.016638 0.011417
v 0.062813 0.032433 -0.198364
v 0.062897 -0.136627 -0.040234
v 0.062904 0.020870 -0.200607
v 0.062904 0.077843 -0.192307
v 0.062904 -0.145538 0.033154
v 0.063126 -0.129868 -0.078102
v 0.063309 -0.016130 -0.207733
v 0.063324 -0.043816 -0.369263
v 0.063377 -0.002924 -0.205231
v 0.063431 -0.018124 -0.205643
v 0.063438 0.084442 -0.404846
v 0.063446 0.071487 -0.408783
v 0.063484 0.095200 -0.328644
v 0.063660 0.075485 -0.190796
v 0.063751 0.093933 -0.254364
v 0.063782 0.047989 -0.195175
v 0.063850 0.094513 -0.258911
v 0.063911 0.010015 -0.202484
v 0.063911 0.087318 -0.368530
v 0.064110 -0.015125 -0.421692
v 0.064163 -0.124565 0.201828
v 0.064217 0.011390 0.026783
v 0.064270 0.055561 -0.193497
v 0.064270 0.082191 -0.212677
v 0.064323 -0.112083 0.240677
v 0.064392 0.019167 -0.200424
v 0.064392 0.095009 -0.324310
v 0.064400 -0.094788 -0.232895
v 0.064407 0.036671 -0.197021
v 0.064423 0.065826 -0.191727
v 0.064438 -0.141006 0.000395
v 0.064461 -0.011160 -0.206314
v 0.064468 -0.020224 -0.195663
v 0.064476 -0.000765 -0.204269
v 0.064682 -0.118217 0.236176
v 0.064735 -0.035721 -0.379669
v 0.064758 -0.025402 -0.396667
v 0.064766 -0.100006 -0.211899
v 0.064804 0.092812 -0.309967
v 0.064880 -0.073776 -0.297882
v 0.064911 0.062080 -0.191833
v 0.064911 -0.123558 0.209015
v 0.064957 -0.120003 -0.121407
v 0.064972 -0.016260 -0.206635
v 0.065018 0.088638 -0.239548
v 0.065025 0.001635 0.046883
v 0.065102 -0.116394 0.239014
v 0.065147 -0.019495 0.101639
v 0.065163 -0.066742 0.193451
v 0.065178 0.050972 -0.193771
v 0.065193 -0.123741 0.177719
v 0.065201 0.005816 -0.202301
v 0.065208 -0.086853 -0.256500
v 0.065239 0.028406 -0.197937
v 0.065247 0.038357 -0.196075
v 0.065247 -0.006607 -0.204651
v 0.065254 -0.053108 -0.348694
v 0.065262 0.015982 -0.200256
v 0.065308 -0.035213 0.137207
v 0.065346 -0.009952 -0.425476
v 0.065376 0.091339 -0.312988
v 0.065399 -0.017612 -0.204041
v 0.065437 -0.110306 -0.164658
v 0.065468 -0.133728 0.143173
v 0.065544 -0.009602 0.074417
v 0.065613 -0.089943 0.210556
v 0.065620 -0.062325 -0.327057
v 0.065651 0.091141 -0.320160
v 0.065674 0.093666 -0.332123
v 0.065704 -0.019234 -0.195480
v 0.065735 -0.004015 -0.203140
v 0.065742 0.061974 -0.190842
v 0.065750 -0.016056 -0.205322
v 0.065796 0.005886 -0.201157
v 0.065804 -0.142578 0.062099
v 0.065834 0.018505 -0.198517
v 0.065857 0.044800 -0.193893
v 0.065933 -0.102768 -0.196442
v 0.065964 -0.024286 -0.394318
v 0.065987 0.031403 -0.195969
v 0.066025 0.005180 -0.199890
v 0.066025 -0.110779 0.231140
v 0.066040 0.087997 -0.344177
v 0.066048 -0.016407 -0.202866
v 0.066048 -0.109207 0.237762
v 0.066116 0.061058 -0.189529
v 0.066124 0.014621 0.013842
v 0.066124 0.037354 -0.194031
v 0.066124 -0.017902 -0.196365
v 0.066147 0.016920 0.006831
v 0.066162 0.024920 -0.191376
v 0.066162 -0.140808 0.092094
v 0.066177 0.043995 -0.191986
v 0.066216 -0.081314 0.202927
v 0.066238 0.055626 -0.170715
v 0.066238 0.059067 -0.182571
v 0.066246 0.053623 -0.162643
v 0.066269 0.088989 -0.334534
v 0.066284 0.050526 -0.150085
v 0.066292 -0.093758 -0.230804
v 0.066322 -0.094933 0.207596
v 0.066330 -0.116646 0.233521
v 0.066376 0.041710 -0.099220
v 0.066444 -0.109100 0.234344
v 0.066498 0.057362 -0.172348
v 0.066528 0.083366 -0.385559
v 0.066559 0.090652 -0.312103
v 0.066589 0.054108 -0.159576
v 0.066650 0.049400 -0.139771
v 0.066765 0.086113 -0.313141
v 0.066780 0.044632 -0.412720
v 0.066895 0.060429 -0.180756
v 0.066933 0.062965 -0.188889
v 0.066948 -0.119843 0.201096
v 0.067039 0.065033 -0.190933
v 0.067062 -0.020849 -0.394623
v 0.067207 0.057991 -0.170746
v 0.067215 0.030828 -0.415894
v 0.067238 0.091263 -0.271790
v 0.067368 0.079025 -0.372284
v 0.067375 -0.044338 0.147781
v 0.067413 0.020193 -0.007725
v 0.067413 0.048729 -0.132858
v 0.067421 0.054985 -0.158768
v 0.067497 0.042233 -0.102310
v 0.067581 -0.136093 0.110649
v 0.067619 -0.096901 -0.214737
v 0.067642 0.082382 -0.371094
v 0.067657 0.051952 -0.145889
v 0.067802 -0.123405 0.186462
v 0.067871 -0.009969 -0.422302
v 0.067917 0.024759 -0.027462
v 0.067924 -0.122383 0.161804
v 0.068001 0.094101 -0.323364
v 0.068153 -0.051384 0.156906
v 0.068176 0.095055 -0.328644
v 0.068405 0.074677 -0.193924
v 0.068443 0.079666 -0.372650
v 0.068497 -0.068962 0.180176
v 0.068604 0.056313 -0.161545
v 0.068741 0.022980 -0.020109
v 0.068748 0.054417 -0.154022
v 0.068771 0.059139 -0.172058
v 0.068787 -0.056271 0.161880
v 0.068802 0.015675 0.004157
v 0.068802 0.047928 -0.126511
v 0.068855 0.061508 -0.180695
v 0.068993 -0.122765 0.169510
v 0.069069 -0.093239 -0.223999
v 0.069077 -0.094406 -0.219162
v 0.069145 -0.031532 -0.377319
v 0.069183 0.050907 -0.139267
v 0.069191 -0.052807 -0.340515
v 0.069237 0.027201 -0.030045
v 0.069252 0.064064 -0.189240
v 0.069267 -0.130890 -0.037487
v 0.069359 -0.070610 -0.294250
v 0.069458 -0.137177 0.027910
v 0.069534 -0.121231 0.183762
v 0.069550 0.019344 -0.007833
v 0.069633 0.076164 -0.407440
v 0.069664 0.080208 -0.403015
v 0.069687 0.091309 -0.332489
v 0.069702 -0.019766 -0.395264
v 0.069878 0.080956 -0.370392
v 0.069885 0.079987 -0.374146
v 0.069939 0.071701 -0.191620
v 0.069977 0.068741 -0.191193
v 0.070015 -0.005203 -0.423218
v 0.070053 -0.078743 -0.267853
v 0.070084 0.085663 -0.332458
v 0.070099 0.091003 -0.322296
v 0.070122 -0.111900 -0.138214
v 0.070137 0.086914 -0.321564
v 0.070198 0.088081 -0.311096
v 0.070213 0.005534 0.022961
v 0.070366 0.001163 -0.424347
v 0.070396 -0.013175 0.067802
v 0.070480 -0.019625 -0.392303
v 0.070480 -0.121391 -0.088127
v 0.070541 -0.087257 -0.238937
v 0.070587 0.086731 -0.313599
v 0.070633 0.077522 -0.215042
v 0.070633 -0.061565 -0.315582
v 0.070656 0.043903 -0.108917
v 0.070663 0.093224 -0.325531
v 0.070740 -0.096931 0.181808
v 0.070793 -0.043034 -0.355713
v 0.070793 -0.102959 -0.176529
v 0.070801 -0.024622 0.094215
v 0.070900 0.021830 -0.018496
v 0.070969 -0.003896 0.042694
v 0.071022 0.088760 -0.257721
v 0.071106 0.074409 -0.202240
v 0.071106 -0.120789 0.142105
v 0.071228 0.018375 -0.421204
v 0.071373 -0.005507 -0.419617
v 0.071404 0.017408 -0.007915
v 0.071579 0.085709 -0.313080
v 0.071632 0.026939 -0.033302
v 0.071716 0.031502 -0.033192
v 0.071838 -0.121239 0.166702
v 0.072067 0.024633 -0.030886
v 0.072083 0.084427 -0.326965
v 0.072113 -0.015774 -0.392883
v 0.072220 -0.013805 -0.393005
v 0.072258 0.054741 -0.412964
v 0.072319 0.089310 -0.324646
v 0.072327 0.089699 -0.329712
v 0.072334 -0.131683 -0.002303
v 0.072487 -0.080269 0.168625
v 0.072540 0.081459 -0.236893
v 0.072601 0.027599 -0.037048
v 0.072792 0.085304 -0.314850
v 0.072815 0.028940 -0.040314
v 0.072823 0.028286 -0.418579
v 0.072845 0.086365 -0.253326
v 0.072853 0.072563 -0.373779
v 0.072868 0.037121 -0.074440
v 0.072868 0.047459 -0.123688
v 0.072891 0.032642 -0.053108
v 0.072906 0.025372 -0.034504
v 0.072922 -0.014953 -0.394501
v 0.072998 -0.121101 0.151840
v 0.073090 0.034851 -0.062706
v 0.073166 -0.034565 0.106911
v 0.073204 -0.126022 0.101532
v 0.073212 -0.117531 0.164520
v 0.073288 0.063141 -0.411377
v 0.073318 0.079758 -0.350128
v 0.073555 0.066132 -0.190964
v 0.073563 0.063271 -0.375427
v 0.073669 -0.130585 0.049866
v 0.073700 -0.060574 0.146164
v 0.073784 0.012301 -0.422577
v 0.073814 0.029520 -0.048786
v 0.073875 0.031704 -0.056759
v 0.073898 0.038342 -0.084152
v 0.073906 0.067390 -0.191391
v 0.073997 0.033913 -0.065338
v 0.074120 0.020090 -0.023815
v 0.074120 0.075485 -0.371185
v 0.074181 0.041695 -0.415680
v 0.074249 0.082657 -0.313873
v 0.074333 -0.014198 -0.391052
v 0.074341 -0.104599 0.159500
v 0.074547 0.068855 -0.408844
v 0.074593 -0.110771 0.158096
v 0.074684 0.046284 -0.118484
v 0.074753 -0.123375 -0.046535
v 0.074768 -0.119202 0.153351
v 0.074776 -0.031115 -0.365173
v 0.074821 -0.094826 -0.194748
v 0.074837 -0.118401 0.118187
v 0.074921 0.035011 -0.071945
v 0.075027 -0.055798 -0.317108
v 0.075035 0.073540 -0.375275
v 0.075050 -0.064285 -0.294312
v 0.075142 -0.128555 0.019053
v 0.075165 0.041649 -0.098816
v 0.075195 -0.084869 -0.230484
v 0.075211 0.081055 -0.327576
v 0.075417 0.072227 -0.373322
v 0.075424 -0.124916 0.077545
v 0.075455 0.007133 0.003059
v 0.075493 0.071014 -0.374420
v 0.075500 -0.037640 -0.353149
v 0.075508 -0.073471 -0.265564
v 0.075516 0.072289 -0.403412
v 0.075523 0.070930 -0.204727
v 0.075546 -0.099297 0.153259
v 0.075577 -0.047413 -0.334717
v 0.075645 -0.113556 0.151047
v 0.075676 0.083183 -0.272919
v 0.075745 0.070740 -0.406250
v 0.075829 0.068878 -0.193420
v 0.075890 -0.013519 0.050026
v 0.075912 0.073402 -0.218491
v 0.076004 -0.101273 -0.159470
v 0.076050 -0.107346 -0.129730
v 0.076080 -0.001836 0.021925
v 0.076149 0.007037 -0.421631
v 0.076164 -0.007660 -0.391754
v 0.076172 -0.117188 -0.075859
v 0.076218 -0.024080 0.073318
v 0.076225 0.003268 -0.418701
v 0.076340 -0.048653 0.119186
v 0.076340 -0.112015 -0.104134
v 0.076492 -0.039062 0.102509
v 0.076515 0.065125 -0.190063
v 0.076553 -0.101418 0.146729
v 0.076668 -0.109680 0.145187
v 0.076729 0.056026 -0.160126
v 0.076805 -0.105103 0.144409
v 0.076820 -0.008080 -0.392944
v 0.076889 -0.119232 0.133041
v 0.076965 0.060165 -0.175446
v 0.077065 0.063431 -0.186539
v 0.077072 -0.009269 -0.390625
v 0.077095 0.066956 -0.374634
v 0.077209 0.077042 -0.314606
v 0.077393 0.051365 -0.141327
v 0.077538 -0.116989 0.138245
v 0.077545 0.028677 -0.058514
v 0.077599 -0.079895 0.140137
v 0.077705 0.034264 -0.074478
v 0.077812 0.040680 -0.096268
v 0.077827 0.035355 -0.417389
v 0.078323 0.037094 -0.084381
v 0.078339 0.047554 -0.124977
v 0.078491 0.065300 -0.191681
v 0.078529 0.079872 -0.312500
v 0.078537 -0.120804 -0.024796
v 0.078644 -0.115189 0.093834
v 0.078705 0.008622 -0.418121
v 0.078728 -0.005011 -0.390411
v 0.078735 0.078270 -0.314240
v 0.078812 0.044029 -0.110847
v 0.078827 -0.103012 0.156052
v 0.078918 -0.037346 -0.343842
v 0.078979 0.058769 -0.171341
v 0.079102 -0.000702 -0.389862
v 0.079216 -0.117264 0.112129
v 0.079353 -0.111938 0.152527
v 0.079369 0.017553 -0.419891
v 0.079369 0.050503 -0.138855
v 0.079422 0.055523 -0.159454
v 0.079506 -0.089088 0.129471
v 0.079514 0.062767 -0.375885
v 0.079613 0.063293 -0.188156
v 0.079697 -0.108826 0.156540
v 0.079834 0.066116 -0.376953
v 0.079895 0.079842 -0.257446
v 0.079956 0.052765 -0.149124
v 0.080040 -0.047607 -0.319702
v 0.080055 0.040741 -0.101028
v 0.080078 0.035286 -0.417114
v 0.080078 -0.065376 0.120148
v 0.080101 0.062584 -0.405731
v 0.080261 -0.116737 0.117844
v 0.080368 0.033604 -0.081146
v 0.080368 0.063919 -0.192749
v 0.080368 -0.055744 -0.298187
v 0.080376 0.048153 -0.130859
v 0.080391 -0.118073 0.040962
v 0.080414 0.048752 -0.413666
v 0.080437 0.060154 -0.178680
v 0.080437 -0.102829 0.151215
v 0.080452 0.013437 -0.417725
v 0.080460 0.013417 -0.029701
v 0.080460 0.064308 -0.373993
v 0.080498 -0.019924 0.048340
v 0.080574 0.065315 -0.202896
v 0.080582 -0.026773 -0.356079
v 0.080589 0.056580 -0.165787
v 0.080589 0.067680 -0.214996
v 0.080589 -0.119003 0.005805
v 0.080612 0.072624 -0.338257
v 0.080666 -0.000123 -0.391113
v 0.080734 -0.051746 0.103523
v 0.080734 -0.082863 -0.213211
v 0.080757 -0.039413 0.085022
v 0.080772 0.076637 -0.315857
v 0.080849 0.077614 -0.276398
v 0.080902 -0.040417 -0.331818
v 0.080925 0.055840 -0.410492
v 0.080963 -0.107933 0.148865
v 0.081001 -0.090424 -0.181686
v 0.081200 0.020567 -0.050835
v 0.081207 0.051842 -0.148926
v 0.081223 0.045212 -0.122139
v 0.081268 0.005168 -0.011838
v 0.081276 -0.060219 0.109749
v 0.081306 -0.114334 0.115891
v 0.081314 0.043236 -0.114670
v 0.081329 0.072365 -0.237442
v 0.081345 -0.065079 -0.267303
v 0.081375 0.038616 -0.098938
v 0.081413 -0.112709 -0.058861
v 0.081482 -0.106644 -0.096329
v 0.081490 -0.096825 -0.148575
v 0.081581 -0.073196 -0.242065
v 0.081665 -0.001497 -0.386993
v 0.081703 0.058975 -0.178864
v 0.081764 -0.101189 -0.123856
v 0.081772 0.047489 -0.133530
v 0.081810 -0.111717 0.069832
v 0.081848 0.058361 -0.376801
v 0.082047 0.076965 -0.253876
v 0.082184 -0.008897 0.017769
v 0.082245 0.052803 -0.157730
v 0.082283 0.002892 -0.388611
v 0.082329 0.020178 -0.415863
v 0.082703 0.059475 -0.377838
v 0.082764 0.069420 -0.315735
v 0.082794 0.005776 -0.389771
v 0.083015 -0.075211 0.107544
v 0.083176 -0.114029 0.097267
v 0.083214 -0.112976 0.103088
v 0.083244 -0.113686 0.085808
v 0.083389 0.010968 -0.387268
v 0.083466 0.032291 -0.415680
v 0.083473 0.051197 -0.408051
v 0.083473 0.071312 -0.315857
v 0.083542 -0.025743 0.048607
v 0.083565 0.052155 -0.378082
v 0.083679 0.040363 -0.413879
v 0.084106 -0.108856 0.052319
v 0.084190 0.027592 -0.412903
v 0.084343 0.053989 -0.376495
v 0.084435 -0.030247 -0.338135
v 0.084465 -0.089661 0.098099
v 0.084656 0.006369 -0.386719
v 0.084656 0.058594 -0.194336
v 0.084671 0.012368 -0.388489
v 0.084778 0.052979 -0.379303
v 0.084877 -0.038757 -0.320648
v 0.084908 -0.046463 -0.303619
v 0.085144 0.038319 -0.411377
v 0.085182 0.040688 -0.125763
v 0.085342 -0.108063 -0.044445
v 0.085381 -0.050346 -0.291168
v 0.085381 -0.086929 -0.169662
v 0.085388 0.004824 -0.026047
v 0.085541 -0.101631 -0.089302
v 0.085655 0.061584 -0.214447
v 0.085716 0.070656 -0.314026
v 0.085716 -0.063438 -0.252716
v 0.085762 -0.064636 0.087570
v 0.085770 0.019903 -0.385345
v 0.085770 -0.046223 0.071442
v 0.085808 0.039528 -0.380920
v 0.085838 -0.081802 -0.189133
v 0.085930 -0.111145 0.081329
v 0.085945 0.071503 -0.276489
v 0.085953 0.000132 -0.375153
v 0.085991 -0.020649 -0.347992
v 0.086014 0.066277 -0.235336
v 0.086044 -0.070778 -0.228043
v 0.086090 0.045712 -0.150726
v 0.086090 -0.054447 -0.276550
v 0.086143 0.064415 -0.336212
v 0.086174 -0.110489 0.065659
v 0.086212 0.019442 -0.386719
v 0.086250 -0.014230 0.014671
v 0.086266 0.046528 -0.380524
v 0.086296 0.068985 -0.317261
v 0.086349 -0.092484 -0.134338
v 0.086365 0.071747 -0.253662
v 0.086365 -0.107613 0.007710
v 0.086441 0.066711 -0.316345
v 0.086456 -0.108826 0.080956
v 0.086464 0.072144 -0.257782
v 0.086479 0.021338 -0.072441
v 0.086639 0.013170 -0.386108
v 0.086647 -0.075546 -0.208267
v 0.086670 -0.004913 -0.007329
v 0.086700 -0.057781 0.077927
v 0.086792 -0.102165 -0.072029
v 0.086800 0.027800 -0.090561
v 0.086845 -0.106743 -0.019701
v 0.086868 0.023861 -0.385773
v 0.086899 -0.105057 0.030163
v 0.086952 0.029751 -0.383057
v 0.086967 -0.035229 0.050179
v 0.087151 0.039322 -0.382050
v 0.087158 0.041981 -0.379272
v 0.087181 0.064468 -0.329559
v 0.087395 0.030550 -0.384430
v 0.087524 -0.029444 0.038345
v 0.087654 0.061253 -0.337189
v 0.088081 0.058006 -0.344849
v 0.088097 -0.108627 0.054520
v 0.088120 -0.091545 0.072807
v 0.088295 -0.100586 0.070107
v 0.088402 -0.108162 0.063606
v 0.088417 -0.093330 0.070976
v 0.088562 0.030388 -0.381989
v 0.088684 -0.103790 0.065735
v 0.088844 -0.106979 0.043472
v 0.088882 -0.101929 0.012902
v 0.089050 0.009109 -0.373505
v 0.089096 0.025442 -0.383850
v 0.089180 -0.089180 0.065834
v 0.089294 0.029621 -0.383087
v 0.089622 -0.102043 0.059010
v 0.089645 -0.098740 -0.057415
v 0.089684 -0.088272 -0.125885
v 0.089767 -0.046227 0.050041
v 0.089867 -0.036057 -0.304871
v 0.089912 -0.089951 0.060535
v 0.090027 0.059727 -0.317413
v 0.090088 -0.082390 -0.154266
v 0.090157 -0.062004 -0.233749
v 0.090172 0.055836 -0.338348
v 0.090179 0.062443 -0.315826
v 0.090202 -0.095131 0.056602
v 0.090271 -0.104820 0.052750
v 0.090302 -0.026848 -0.321014
v 0.090454 -0.042755 -0.286041
v 0.090553 -0.105827 0.045719
v 0.090561 0.059662 -0.323700
v 0.090561 -0.104691 0.030331
v 0.090599 0.065147 -0.275635
v 0.090622 -0.074860 0.058128
v 0.090714 0.064133 -0.332642
v 0.090759 0.024097 -0.377502
v 0.090797 -0.089127 -0.108536
v 0.090805 -0.063461 0.055405
v 0.090813 0.028080 -0.108955
v 0.090988 -0.105217 0.037922
v 0.091049 -0.018768 -0.331543
v 0.091080 0.052696 -0.206558
v 0.091125 -0.021912 0.009507
v 0.091141 -0.071693 -0.193207
v 0.091209 -0.097809 -0.008792
v 0.091217 -0.053402 0.047726
v 0.091248 -0.076767 -0.171158
v 0.091270 0.057232 -0.226608
v 0.091270 -0.066025 -0.213287
v 0.091324 -0.004538 -0.026522
v 0.091347 -0.097130 -0.036625
v 0.091393 0.048370 -0.189987
v 0.091423 0.042412 -0.356689
v 0.091484 0.006950 -0.055122
v 0.091614 -0.004745 -0.348541
v 0.091644 -0.028812 0.018459
v 0.091660 -0.091789 -0.079643
v 0.091675 0.018105 -0.370636
v 0.091675 0.032402 -0.365967
v 0.091743 0.042538 -0.169357
v 0.091759 0.058956 -0.316498
v 0.091759 0.065094 -0.257751
v 0.091827 0.037518 -0.150085
v 0.091927 -0.050339 -0.258087
v 0.091980 0.063393 -0.328217
v 0.092026 0.058273 -0.318665
v 0.092056 0.064186 -0.253632
v 0.092064 0.059597 -0.337402
v 0.092186 0.060806 -0.244568
v 0.092262 -0.014252 -0.009727
v 0.092354 0.051823 -0.335114
v 0.092384 0.019918 -0.371674
v 0.092514 -0.080292 -0.141388
v 0.092575 -0.094215 0.068420
v 0.092728 -0.101913 0.015090
v 0.092873 -0.101059 0.064064
v 0.092903 -0.098869 0.068420
v 0.093033 0.060940 -0.280884
v 0.093170 0.029467 -0.126648
v 0.093170 -0.095978 0.059307
v 0.093277 -0.093369 -0.030270
v 0.093323 -0.102180 0.021498
v 0.093407 -0.091530 -0.052147
v 0.093460 0.061077 -0.335449
v 0.093491 0.051884 -0.327087
v 0.093575 -0.092384 0.064262
v 0.093613 0.011461 -0.355774
v 0.093643 -0.099792 0.062023
v 0.093658 -0.090477 -0.057415
v 0.093681 -0.101135 0.025314
v 0.093903 0.018354 -0.093880
v 0.094238 0.048466 -0.319244
v 0.094254 -0.077019 0.030502
v 0.094437 0.054939 -0.335144
v 0.094460 -0.098114 -0.005558
v 0.094490 -0.089523 -0.048782
v 0.094589 -0.078323 -0.128235
v 0.094589 -0.097061 0.065559
v 0.094620 0.014874 -0.363007
v 0.094673 -0.032684 0.008832
v 0.094719 -0.065109 0.029087
v 0.094757 0.059464 -0.327026
v 0.094872 -0.021473 -0.008686
v 0.094887 0.050301 -0.318176
v 0.094925 0.061531 -0.331085
v 0.094986 -0.062023 -0.201080
v 0.095100 -0.038338 0.012996
v 0.095230 -0.085114 -0.072678
v 0.095245 -0.056793 -0.217972
v 0.095276 0.059475 -0.255920
v 0.095291 -0.050884 -0.237000
v 0.095474 -0.026121 -0.298859
v 0.095482 0.004190 -0.340546
v 0.095543 -0.028664 -0.293457
v 0.095558 -0.022383 -0.305725
v 0.095581 -0.068237 -0.170715
v 0.095627 0.054268 -0.329437
v 0.095634 -0.031616 -0.286255
v 0.095650 -0.097649 -0.004834
v 0.095688 -0.003176 -0.332733
v 0.095695 0.008029 -0.342987
v 0.095703 -0.016304 -0.315552
v 0.095825 -0.009880 -0.324463
v 0.095871 0.043125 -0.320282
v 0.095993 -0.097412 0.004352
v 0.096008 -0.035198 -0.275574
v 0.096100 -0.094376 -0.023693
v 0.096130 -0.081268 -0.084778
v 0.096184 0.057144 -0.332306
v 0.096268 0.037422 -0.336548
v 0.096359 0.007566 -0.342102
v 0.096397 0.025141 -0.323761
v 0.096474 0.011295 -0.353210
v 0.096512 -0.038654 -0.263977
v 0.096611 -0.003234 -0.052616
v 0.096619 0.029055 -0.342651
v 0.096649 0.006611 -0.075920
v 0.096695 0.021402 -0.117119
v 0.096741 0.050629 -0.232559
v 0.096764 -0.053051 0.012815
v 0.096817 0.012075 -0.090111
v 0.096886 0.044201 -0.321930
v 0.096893 0.027336 -0.140503
v 0.096893 -0.042419 0.006234
v 0.096924 0.035976 -0.173706
v 0.096924 0.037861 -0.321259
v 0.096947 0.049210 -0.303070
v 0.096954 0.042629 -0.199951
v 0.096962 -0.077591 -0.097870
v 0.097023 -0.041050 -0.254913
v 0.097084 -0.070236 -0.144897
v 0.097221 0.053631 -0.278412
v 0.097237 0.017405 -0.346863
v 0.097336 -0.071297 0.006737
v 0.097336 -0.094734 -0.014588
v 0.097359 -0.014854 -0.033173
v 0.097374 -0.023149 -0.019011
v 0.097397 0.053589 -0.248688
v 0.097466 -0.043995 -0.243607
v 0.097481 -0.074379 -0.111694
v 0.097557 0.023794 -0.341034
v 0.097595 -0.085144 -0.003958
v 0.097702 0.040253 -0.319489
v 0.097778 0.008685 -0.343658
v 0.097786 -0.090179 -0.008924
v 0.097832 -0.046017 -0.235291
v 0.097984 -0.005935 -0.329224
v 0.098030 -0.071297 -0.125320
v 0.098068 0.031746 -0.322144
v 0.098106 -0.047958 -0.227188
v 0.098160 -0.090958 -0.039455
v 0.098244 -0.089844 -0.015225
v 0.098274 0.010600 -0.340637
v 0.098297 -0.077019 -0.006381
v 0.098389 0.006603 -0.335602
v 0.098396 -0.051262 -0.213684
v 0.098412 -0.092491 -0.025768
v 0.098427 0.029173 -0.323120
v 0.098503 -0.022421 -0.307281
v 0.098511 0.016304 -0.110878
v 0.098564 -0.058319 -0.184982
v 0.098595 0.021740 -0.335419
v 0.098610 -0.062145 -0.167770
v 0.098610 -0.066902 -0.144501
v 0.098648 -0.054794 -0.198212
v 0.098709 -0.068146 -0.138626
v 0.098763 -0.056461 -0.190765
v 0.098793 0.052105 -0.262299
v 0.098869 -0.064163 -0.156357
v 0.098900 -0.030083 -0.018513
v 0.098900 -0.075348 -0.011756
v 0.098915 -0.084885 -0.019020
v 0.098915 -0.087479 -0.057533
v 0.098969 -0.061367 -0.004195
v 0.098976 0.034286 -0.323456
v 0.099007 -0.086990 -0.063789
v 0.099060 0.018599 -0.325409
v 0.099136 -0.061707 -0.167160
v 0.099144 -0.058758 -0.180222
v 0.099159 0.012903 -0.335175
v 0.099258 -0.078514 -0.017838
v 0.099266 0.017670 -0.333191
v 0.099312 0.005361 -0.328857
v 0.099442 0.022640 -0.324249
v 0.099480 0.028357 -0.322113
v 0.099571 0.007133 -0.333252
v 0.099625 0.010068 -0.327698
v 0.099716 0.025152 -0.324738
v 0.099739 -0.089272 -0.035248
v 0.099815 -0.017975 -0.314697
v 0.099846 -0.026215 -0.301147
v 0.099915 -0.001925 -0.331482
v 0.099922 0.045498 -0.284515
v 0.099953 0.006366 -0.328949
v 0.099968 0.016052 -0.325714
v 0.100090 0.021324 -0.327393
v 0.100143 0.013638 -0.327698
v 0.100273 0.006081 -0.328247
v 0.100349 0.020470 -0.322418
v 0.100349 0.039005 -0.297791
v 0.100357 -0.040096 -0.019003
v 0.100426 0.011752 -0.325775
v 0.100441 0.043037 -0.228058
v 0.100609 -0.087021 -0.056202
v 0.100624 0.003281 -0.320923
v 0.100639 -0.047058 -0.018063
v 0.100723 -0.006743 -0.066803
v 0.100807 0.005127 -0.323792
v 0.100807 -0.013917 -0.319794
v 0.100845 0.046360 -0.247818
v 0.100975 0.020123 -0.343140
v 0.101044 0.045963 -0.269531
v 0.101097 0.012661 -0.114830
v 0.101112 0.021416 -0.339111
v 0.101143 0.003160 -0.328247
v 0.101181 0.002501 -0.088600
v 0.101189 0.014839 -0.343109
v 0.101219 -0.083870 -0.073608
v 0.101288 -0.082397 -0.005349
v 0.101364 -0.053982 -0.024652
v 0.101379 -0.085747 -0.053345
v 0.101410 -0.087372 -0.006866
v 0.101494 0.003664 -0.316833
v 0.101540 0.035877 -0.204620
v 0.101639 0.001054 -0.311096
v 0.101639 -0.083893 -0.059837
v 0.101822 0.026884 -0.172058
v 0.101936 0.044960 -0.255371
v 0.101974 -0.080475 -0.056744
v 0.101982 -0.018328 -0.053955
v 0.102051 -0.081612 -0.017059
v 0.102089 0.000023 -0.329041
v 0.102119 0.044292 -0.260040
v 0.102180 -0.032417 -0.287933
v 0.102188 -0.088654 -0.010762
v 0.102280 0.020102 -0.150833
v 0.102325 0.016806 -0.338593
v 0.102371 -0.029757 -0.042557
v 0.102394 0.001367 -0.306946
v 0.102524 -0.001084 -0.303619
v 0.102623 0.037384 -0.222107
v 0.102646 -0.074135 -0.059669
v 0.102646 -0.078468 -0.014092
v 0.102882 -0.086632 -0.015330
v 0.102905 -0.061256 -0.048340
v 0.103142 0.038883 -0.270630
v 0.103180 0.032757 -0.284058
v 0.103249 0.002673 -0.101486
v 0.103264 -0.069740 -0.064056
v 0.103302 -0.003104 -0.295166
v 0.103439 -0.082474 -0.006953
v 0.103462 -0.078499 -0.010321
v 0.103477 0.010401 -0.126205
v 0.103584 -0.007187 -0.082756
v 0.103630 -0.012544 -0.319550
v 0.103897 0.006076 -0.294586
v 0.104095 -0.048599 -0.052982
v 0.104156 0.017279 -0.291077
v 0.104187 -0.063477 -0.070686
v 0.104210 0.036091 -0.236588
v 0.104256 -0.005171 -0.285614
v 0.104256 -0.038490 -0.052975
v 0.104393 -0.082451 -0.013796
v 0.104416 -0.085281 -0.010739
v 0.104843 0.035034 -0.257690
v 0.105339 -0.079247 -0.089325
v 0.105347 -0.000205 -0.110916
v 0.105347 -0.057182 -0.079720
v 0.105423 0.023958 -0.193314
v 0.105438 -0.008353 -0.273163
v 0.105515 -0.046886 -0.233154
v 0.105736 0.024244 -0.272156
v 0.105736 0.032330 -0.247498
v 0.105736 -0.002607 -0.302338
v 0.105804 -0.048996 -0.076210
v 0.105812 0.026552 -0.209290
v 0.105972 -0.022299 -0.078575
v 0.106232 -0.053120 -0.090012
v 0.106339 0.014746 -0.274261
v 0.106354 0.029144 -0.236115
v 0.106369 -0.011282 -0.260376
v 0.106392 0.000584 -0.123352
v 0.106415 0.026999 -0.260529
v 0.106422 -0.012728 -0.094498
v 0.106461 0.013972 -0.168335
v 0.106560 -0.050236 -0.219604
v 0.106590 -0.051407 -0.095520
v 0.107101 -0.048706 -0.105286
v 0.107155 -0.014220 -0.248611
v 0.107193 -0.032639 -0.084496
v 0.107285 0.002926 -0.263763
v 0.107422 0.024208 -0.247177
v 0.107475 0.019154 -0.201141
v 0.107498 -0.046043 -0.114983
v 0.107613 -0.041313 -0.099564
v 0.107773 -0.043728 -0.123001
v 0.107803 -0.017637 -0.234818
v 0.107872 0.021276 -0.226776
v 0.107925 -0.008713 -0.119370
v 0.107933 0.016624 -0.255402
v 0.108017 -0.020786 -0.101295
v 0.108063 -0.040901 -0.135162
v 0.108093 -0.015720 -0.243881
v 0.108116 -0.020321 -0.224121
v 0.108154 0.006677 -0.165863
v 0.108223 -0.003833 -0.248764
v 0.108223 -0.038784 -0.146423
v 0.108246 0.008777 -0.254944
v 0.108246 -0.079323 -0.076714
v 0.108269 -0.022879 -0.214066
v 0.108292 -0.037563 -0.151672
v 0.108353 -0.035297 -0.159821
v 0.108376 -0.040512 -0.139771
v 0.108383 -0.025362 -0.201721
v 0.108406 -0.034023 -0.166000
v 0.108421 -0.027327 -0.194748
v 0.108444 -0.028688 -0.189087
v 0.108521 -0.076805 -0.099937
v 0.108528 0.014989 -0.204269
v 0.108559 -0.031590 -0.176346
v 0.108582 -0.028683 -0.106880
v 0.108597 -0.064056 -0.071877
v 0.108658 0.015711 -0.239456
v 0.108704 -0.019285 -0.230072
v 0.108765 -0.009268 -0.234177
v 0.108910 -0.001029 -0.155136
v 0.108948 0.014481 -0.223557
v 0.108971 -0.031281 -0.126419
v 0.109070 -0.075981 -0.103973
v 0.109085 -0.035221 -0.162231
v 0.109138 0.007561 -0.187347
v 0.109138 -0.013486 -0.130463
v 0.109154 -0.029615 -0.145599
v 0.109177 0.000417 -0.238693
v 0.109322 0.008179 -0.235275
v 0.109322 -0.079414 -0.083595
v 0.109352 -0.017416 -0.200699
v 0.109474 -0.020123 -0.132568
v 0.109520 -0.022940 -0.172394
v 0.109665 0.006538 -0.200027
v 0.109711 -0.007397 -0.217453
v 0.109825 -0.020100 -0.168259
v 0.109840 -0.003771 -0.167740
v 0.109909 -0.018972 -0.152832
v 0.109993 -0.011271 -0.158249
v 0.110046 0.002062 -0.213425
v 0.110092 -0.004892 -0.208984
v 0.110191 -0.011891 -0.185226
v 0.110245 -0.002702 -0.190948
v 0.111725 -0.030508 -0.183731
v 0.115891 -0.078354 -0.088562
v 0.116318 -0.036816 -0.158112
v 0.119408 -0.066322 -0.148834
v -0.000014 0.068230 -0.423309
v -0.000020 -0.102303 0.456818
v -0.000036 -0.058899 0.467560
v -0.000058 -0.134995 -0.156754
v -0.000059 0.117340 -0.300201
v -0.000076 0.032501 0.463470
v -0.000083 0.050098 0.382477
v -0.000086 0.059784 0.439484
v -0.000093 -0.160843 0.408081
v -0.000100 -0.151581 0.423645
v -0.000113 0.112289 -0.364960
v -0.000118 0.104668 -0.184052
v -0.000122 0.003153 0.324310
v -0.000147 0.008457 0.171509
v -0.000152 0.039524 0.369659
v -0.000153 -0.178284 0.095337
v -0.000154 0.043922 0.375153
v -0.000155 0.000231 0.204987
v -0.000157 0.034557 0.363678
v -0.000166 0.053898 0.387146
v -0.000179 0.047829 0.379852
v -0.000180 0.014284 0.148071
v -0.000186 0.054176 0.447906
v -0.000189 0.043362 0.040131
v -0.000203 -0.026203 0.470154
v -0.000205 0.022491 0.466034
v -0.000212 0.057964 0.391998
v -0.000216 -0.043423 0.469360
v -0.000218 0.031002 0.359344
v -0.000220 0.008286 0.330841
v -0.000224 0.026424 0.353668
v -0.000224 -0.155716 0.418579
v -0.000241 0.045483 0.456543
v -0.000242 0.022482 0.348816
v -0.000244 0.030134 0.088470
v -0.000248 -0.013600 0.470001
v -0.000249 0.057152 0.443787
v -0.000258 -0.106728 0.454987
v -0.000261 -0.175491 0.059486
v -0.000262 0.017399 0.342377
v -0.000262 -0.005294 0.469635
v -0.000276 0.041264 0.048283
v -0.000285 0.068756 -0.425964
v -0.000290 0.003891 0.190201
v -0.000345 0.050434 0.452179
v -0.000348 0.009631 0.468201
v -0.000369 -0.002828 0.216797
v -0.000371 0.118004 -0.310394
v -0.000386 0.062317 0.397705
v -0.000387 0.038071 0.461212
v -0.000391 0.012281 0.155777
v -0.000408 0.115356 -0.334930
v -0.000421 0.033962 0.074387
v -0.000448 0.017225 0.136169
v -0.000454 -0.121666 0.447266
v -0.000466 -0.099136 -0.294952
v -0.000502 -0.177078 0.271973
v -0.000534 0.066856 0.408203
v -0.000556 -0.111786 -0.251404
v -0.000591 0.105301 -0.188873
v -0.000597 -0.142349 0.432159
v -0.000631 0.065361 0.422791
v -0.000637 0.037624 0.060932
v -0.000684 0.061520 -0.408417
v -0.000686 -0.136017 0.437286
v -0.000691 -0.071259 0.465424
v -0.000704 0.067352 -0.420624
v -0.000723 -0.170212 0.018686
v -0.000756 -0.020054 0.278748
v -0.000760 0.023127 0.113380
v -0.000777 -0.128799 0.442596
v -0.000808 -0.113258 0.451935
v -0.000856 -0.018000 0.278961
v -0.000893 -0.147781 0.427399
v -0.000934 -0.162994 0.400330
v -0.000952 0.063652 -0.408539
v -0.000952 0.032616 0.360748
v -0.000958 0.052044 0.384399
v -0.000988 -0.000560 0.318726
v -0.001009 0.042908 0.373474
v -0.001015 -0.149429 -0.091202
v -0.001017 0.006888 -0.420593
v -0.001026 0.035557 0.364258
v -0.001031 0.029947 0.357452
v -0.001048 0.063728 0.429657
v -0.001055 0.077148 -0.425323
v -0.001060 -0.176819 0.257233
v -0.001066 0.008894 0.331177
v -0.001072 0.012636 0.336029
v -0.001084 0.027124 0.353973
v -0.001092 -0.061069 0.467377
v -0.001093 0.038731 0.368195
v -0.001103 0.117882 -0.261902
v -0.001153 -0.004926 0.312164
v -0.001171 0.046688 0.378021
v -0.001178 0.006016 -0.423157
v -0.001182 0.002806 0.323212
v -0.001193 0.056683 0.390076
v -0.001200 -0.099564 0.458130
v -0.001202 0.047695 0.455017
v -0.001209 -0.013611 0.294098
v -0.001231 0.016125 0.340302
v -0.001255 0.020527 0.345734
v -0.001266 -0.086227 0.462189
v -0.001293 -0.053989 0.468353
v -0.001312 0.017887 0.034718
v -0.001344 0.057060 0.444641
v -0.001360 0.051922 0.450989
v -0.001390 -0.017769 -0.425232
v -0.001483 -0.033443 0.470154
v -0.001500 0.027599 0.465027
v -0.001519 0.065025 0.401978
v -0.001532 0.005664 0.326904
v -0.001536 0.024851 0.351105
v -0.001549 0.117752 -0.308594
v -0.001609 -0.015644 0.262604
v -0.001614 -0.168900 0.370361
v -0.001633 -0.010956 0.300659
v -0.001655 -0.039917 0.469788
v -0.001668 0.043430 0.458282
v -0.001692 -0.164917 -0.013436
v -0.001706 -0.008738 0.305450
v -0.001708 -0.014863 0.290466
v -0.001709 0.111977 -0.367126
v -0.001745 0.066307 0.405426
v -0.001837 -0.005188 0.469757
v -0.001862 0.061317 0.395966
v -0.001902 -0.016970 0.470306
v -0.001926 -0.175735 0.291870
v -0.001970 0.032406 0.360443
v -0.002068 0.017281 0.467224
v -0.002076 0.006763 0.468658
v -0.002113 -0.002213 -0.205383
v -0.002189 0.037125 0.366241
v -0.002192 0.068962 -0.428162
v -0.002193 0.061893 0.435303
v -0.002246 -0.016478 0.285034
v -0.002273 0.042889 0.373505
v -0.002294 0.067001 -0.419403
v -0.002300 0.059364 0.441162
v -0.002352 -0.175873 0.270111
v -0.002356 0.048843 0.380646
v -0.002416 0.047787 -0.469635
v -0.002561 0.111015 -0.399933
v -0.002605 0.018929 -0.447296
v -0.002640 0.020166 0.345551
v -0.002696 0.065506 0.421295
v -0.002709 0.011049 0.334320
v -0.002740 -0.171738 0.340210
v -0.002742 0.055107 0.388367
v -0.002756 -0.002524 0.316284
v -0.002761 -0.041275 -0.429138
v -0.002809 -0.119705 0.448181
v -0.002818 0.076668 -0.418091
v -0.002833 -0.170410 0.354797
v -0.002835 0.037621 0.461517
v -0.002864 0.030590 -0.464691
v -0.002896 -0.010974 0.243454
v -0.002958 0.112808 -0.396179
v -0.002966 0.030609 0.358612
v -0.003141 0.066383 0.413422
v -0.003257 0.009715 -0.439606
v -0.003299 0.036964 -0.469543
v -0.003362 0.063957 0.400848
v -0.003368 0.117859 -0.280396
v -0.003443 -0.179443 0.193237
v -0.003541 0.066261 0.407196
v -0.003563 0.059196 -0.454163
v -0.003829 0.055264 0.446899
v -0.003871 -0.006493 0.310669
v -0.003876 0.026129 0.353668
v -0.003890 0.015245 0.340149
v -0.003894 0.060467 0.395874
v -0.003946 -0.166168 0.383575
v -0.003951 -0.173187 0.316010
v -0.003964 0.108017 -0.205139
v -0.004045 -0.020601 0.277374
v -0.004292 0.065208 0.403961
v -0.004325 0.047623 0.380188
v -0.004349 0.012657 0.467499
v -0.004361 -0.018177 0.279663
v -0.004378 -0.083870 0.462128
v -0.004386 -0.029266 0.026091
v -0.004410 -0.045715 0.468719
v -0.004422 -0.069534 0.465179
v -0.004426 -0.047775 0.022783
v -0.004430 -0.005565 0.469299
v -0.004452 -0.109680 0.453003
v -0.004593 -0.010474 0.303833
v -0.004609 -0.098610 0.457672
v -0.004621 0.063141 0.430267
v -0.004622 -0.048759 0.019093
v -0.004622 -0.056458 0.467407
v -0.004657 0.050667 0.451874
v -0.004675 -0.064667 -0.380096
v -0.004702 0.050865 -0.467834
v -0.004744 -0.031240 0.469666
v -0.004779 -0.015125 0.292542
v -0.004819 0.046062 0.455811
v -0.004843 0.065956 0.409943
v -0.004929 -0.161392 0.401428
v -0.004997 -0.156662 0.416290
v -0.005016 0.055569 -0.463074
v -0.005021 0.028313 0.464172
v -0.005045 0.004670 0.327698
v -0.005071 -0.001737 0.318909
v -0.005100 -0.019655 0.469543
v -0.005101 -0.124763 0.444092
v -0.005122 0.043411 -0.469818
v -0.005199 0.040371 0.371887
v -0.005269 0.117020 -0.301910
v -0.005281 -0.137207 0.434998
v -0.005286 -0.168457 0.364563
v -0.005538 -0.159515 0.410095
v -0.005556 0.018808 0.345825
v -0.005640 -0.015848 -0.207794
v -0.005748 -0.146301 0.427124
v -0.005750 -0.153534 0.420074
v -0.005774 0.041576 0.458374
v -0.005799 0.062653 0.400513
v -0.005801 0.102730 -0.184097
v -0.005807 0.041088 0.040295
v -0.005827 0.032635 0.363068
v -0.005833 -0.017797 0.284180
v -0.005953 0.034313 0.461639
v -0.005988 0.064133 0.424194
v -0.006001 0.061302 -0.408569
v -0.006015 -0.169464 0.352295
v -0.006033 0.014216 0.466125
v -0.006035 0.055164 0.390808
v -0.006071 -0.170380 0.342072
v -0.006122 0.024523 0.353455
v -0.006158 -0.003951 0.468079
v -0.006240 0.064919 0.417694
v -0.006241 -0.117043 0.448029
v -0.006249 0.065338 0.408569
v -0.006253 0.044964 0.378571
v -0.006318 -0.016529 0.259491
v -0.006324 -0.104630 0.454132
v -0.006334 -0.076714 0.462646
v -0.006346 -0.037769 0.468384
v -0.006382 -0.059834 0.465790
v -0.006444 -0.021456 0.468506
v -0.006456 0.042175 -0.196640
v -0.006482 0.056194 0.445007
v -0.006528 0.110878 -0.309753
v -0.006548 0.047050 0.454041
v -0.006550 0.027676 0.462921
v -0.006839 0.061413 0.434113
v -0.006871 0.008075 0.333618
v -0.006917 0.113586 -0.231964
v -0.006997 0.112541 -0.309631
v -0.007016 -0.161026 0.400085
v -0.007018 0.058987 0.440491
v -0.007064 0.039242 0.038540
v -0.007112 0.035328 0.058861
v -0.007134 0.103203 -0.185287
v -0.007190 0.064148 0.405670
v -0.007220 0.020166 0.113449
v -0.007298 -0.093025 0.457550
v -0.007332 -0.028568 -0.431458
v -0.007423 0.063026 -0.431702
v -0.007428 -0.006771 0.313782
v -0.007514 -0.014175 0.298889
v -0.007533 0.000561 0.465302
v -0.007540 0.043816 0.454620
v -0.007572 0.115387 -0.242874
v -0.007604 0.051460 0.449432
v -0.007802 0.030935 0.363159
v -0.007812 0.011965 -0.441315
v -0.007846 -0.018459 -0.204666
v -0.007860 0.063919 0.407013
v -0.007873 0.027754 0.085014
v -0.007879 0.006803 -0.421692
v -0.007890 0.039288 0.373413
v -0.007890 0.104568 -0.402252
v -0.007908 -0.072891 0.461670
v -0.007913 0.063713 0.419006
v -0.007925 -0.011045 0.306671
v -0.007941 -0.018597 0.465851
v -0.007954 0.029465 0.458771
v -0.007977 0.055096 0.445374
v -0.007979 0.052147 0.389252
v -0.007995 0.047356 -0.468109
v -0.008064 -0.168945 0.346375
v -0.008100 0.097496 -0.401245
v -0.008101 -0.113831 0.448029
v -0.008147 -0.037865 0.465454
v -0.008159 -0.017899 -0.206451
v -0.008177 -0.133194 0.435425
v -0.008183 0.009638 -0.419342
v -0.008193 0.017256 0.461304
v -0.008200 0.062374 -0.434814
v -0.008232 0.058105 0.397156
v -0.008237 0.035519 -0.466675
v -0.008240 0.066193 -0.419678
v -0.008248 0.028952 -0.459442
v -0.008251 0.062309 0.427338
v -0.008273 -0.053497 0.464050
v -0.008292 0.016075 0.345245
v -0.008384 0.046703 0.450531
v -0.008401 -0.099236 0.454010
v -0.008414 0.059811 0.436035
v -0.008437 0.117447 -0.275513
v -0.008446 -0.009108 0.226700
v -0.008451 0.113670 -0.335419
v -0.008452 -0.084496 -0.336853
v -0.008495 -0.148453 0.422577
v -0.008508 0.112724 -0.309631
v -0.008570 0.023037 0.354309
v -0.008588 0.116234 -0.310577
v -0.008647 0.116882 -0.257446
v -0.008684 0.060398 0.401245
v -0.008698 0.063995 -0.409973
v -0.008752 0.016727 -0.440979
v -0.008764 0.053032 -0.463470
v -0.008785 -0.020166 0.279358
v -0.008801 -0.016804 0.294189
v -0.008822 0.113007 -0.309601
v -0.008836 -0.042812 -0.020750
v -0.008858 -0.175339 0.061016
v -0.008870 0.115135 -0.309509
v -0.008877 0.057613 0.439392
v -0.008877 -0.002888 0.201263
v -0.008895 -0.039268 -0.431732
v -0.008951 -0.019205 0.285706
v -0.008953 -0.050419 -0.402557
v -0.008983 -0.166183 0.365387
v -0.009006 0.057026 -0.454071
v -0.009008 -0.154892 0.414185
v -0.009012 0.044273 0.381226
v -0.009053 -0.179626 0.143082
v -0.009138 0.031399 0.365631
v -0.009155 0.059479 0.433167
v -0.009189 -0.170532 0.322815
v -0.009196 -0.090439 0.455200
v -0.009213 0.107239 -0.206070
v -0.009231 -0.004634 0.319366
v -0.009235 0.054790 0.443207
v -0.009266 0.060181 0.427338
v -0.009400 0.110687 -0.309723
v -0.009427 0.059563 0.413116
v -0.009475 0.059639 0.404449
v -0.009491 0.067734 -0.428314
v -0.009507 -0.118637 0.442932
v -0.009521 -0.004612 0.460052
v -0.009537 0.057262 0.440216
v -0.009653 -0.051697 -0.402283
v -0.009676 0.049686 0.389130
v -0.009702 -0.096886 -0.301117
v -0.009727 0.019222 0.454681
v -0.009777 0.041775 -0.467773
v -0.009865 0.008321 0.337555
v -0.009965 0.029217 -0.199188
v -0.009991 0.053444 0.439453
v -0.010003 -0.158585 0.401337
v -0.010040 0.007025 0.158737
v -0.010052 0.037376 0.445984
v -0.010059 -0.050613 -0.403931
v -0.010072 -0.010490 0.311371
v -0.010085 0.053120 0.395050
v -0.010097 -0.103592 0.448792
v -0.010112 -0.091713 -0.316895
v -0.010114 -0.074493 -0.360504
v -0.010115 -0.026749 0.459564
v -0.010117 -0.138184 0.428802
v -0.010143 -0.064178 0.457916
v -0.010185 0.037373 0.374908
v -0.010206 -0.013944 0.304993
v -0.010225 -0.022640 -0.427216
v -0.010283 0.012924 0.135330
v -0.010285 0.050522 0.440857
v -0.010309 -0.000117 0.327271
v -0.010344 -0.048840 0.021336
v -0.010402 -0.142242 -0.122169
v -0.010417 0.066292 -0.191727
v -0.010449 -0.018410 0.294922
v -0.010467 -0.044994 0.458557
v -0.010471 0.042019 0.382050
v -0.010481 0.054039 0.399170
v -0.010491 0.050877 0.438538
v -0.010499 0.024811 0.359772
v -0.010523 0.032757 0.370178
v -0.010549 0.115868 -0.308441
v -0.010634 -0.024496 0.279175
v -0.010674 0.053635 0.426056
v -0.010690 0.014505 0.346863
v -0.010690 -0.016333 0.250916
v -0.010796 -0.174881 0.271759
v -0.010821 -0.041115 -0.428436
v -0.010828 0.065735 -0.421051
v -0.010921 0.052948 0.403168
v -0.010925 -0.089767 0.450714
v -0.010926 0.052063 0.413147
v -0.010962 0.067032 -0.427704
v -0.010976 -0.177979 0.096321
v -0.010980 0.045078 0.388489
v -0.010994 -0.150330 -0.084343
v -0.011187 0.026127 0.363556
v -0.011198 0.040489 0.438507
v -0.011272 0.032814 0.373322
v -0.011333 -0.120377 -0.218033
v -0.011350 0.047573 0.428192
v -0.011350 -0.102127 -0.283417
v -0.011353 0.100327 -0.184372
v -0.011424 0.048534 -0.464722
v -0.011459 -0.135498 -0.152084
v -0.011502 0.018566 0.354370
v -0.011511 0.040932 0.437714
v -0.011512 0.045738 0.394592
v -0.011524 -0.148575 0.417053
v -0.011539 0.037544 0.381927
v -0.011559 0.000832 0.331299
v -0.011591 0.062130 -0.409241
v -0.011593 -0.021999 0.269867
v -0.011594 0.006622 0.338928
v -0.011727 0.045082 0.418335
v -0.011754 0.045197 0.400146
v -0.011854 0.065422 -0.430237
v -0.011874 -0.005401 0.323669
v -0.011892 0.030870 0.437347
v -0.011892 0.112000 -0.396912
v -0.011902 0.011243 0.346466
v -0.011931 0.066399 -0.425751
v -0.011950 -0.115837 0.438354
v -0.012028 0.064011 -0.407776
v -0.012111 0.003046 0.445160
v -0.012120 0.013950 -0.202240
v -0.012128 -0.134186 0.427612
v -0.012138 -0.170593 0.024977
v -0.012161 0.032398 0.436890
v -0.012244 -0.176819 0.225616
v -0.012256 -0.022346 0.286011
v -0.012315 -0.016869 0.448730
v -0.012321 0.024939 0.368866
v -0.012345 -0.011388 0.316437
v -0.012415 -0.022596 0.279633
v -0.012436 0.019472 0.437866
v -0.012507 -0.173874 0.269897
v -0.012588 0.032486 -0.459412
v -0.012629 0.029913 0.427795
v -0.012660 0.053177 -0.457153
v -0.012687 0.012032 -0.439270
v -0.012690 -0.155045 0.404510
v -0.012691 -0.159729 -0.036457
v -0.012706 -0.080070 0.446808
v -0.012741 -0.112030 -0.248581
v -0.012817 0.022137 0.435608
v -0.012907 -0.021439 0.297882
v -0.012949 -0.156982 0.393005
v -0.012973 -0.017929 0.307312
v -0.012974 -0.144196 0.418030
v -0.012993 0.109985 -0.366058
v -0.013002 -0.178909 0.169922
v -0.013004 0.101402 -0.185547
v -0.013039 -0.005736 0.328766
v -0.013040 0.011668 0.354248
v -0.013041 -0.037292 0.447845
v -0.013083 0.114059 -0.309692
v -0.013144 0.024607 0.393250
v -0.013233 0.019741 0.370697
v -0.013260 -0.061825 0.447113
v -0.013366 -0.155090 0.401917
v -0.013387 0.034977 0.037724
v -0.013523 0.037643 -0.462585
v -0.013592 0.017101 0.374786
v -0.013652 0.009230 0.434235
v -0.013693 0.008904 -0.421936
v -0.013838 -0.004548 0.335785
v -0.013854 -0.026615 0.279510
v -0.013866 -0.124786 0.428375
v -0.013942 -0.104347 0.436615
v -0.014043 -0.000481 0.344604
v -0.014055 -0.000015 0.435059
v -0.014094 -0.024288 0.293671
v -0.014195 0.005293 0.423798
v -0.014279 0.024040 0.087433
v -0.014284 -0.138382 0.419037
v -0.014477 -0.016836 0.319397
v -0.014525 -0.128281 -0.183746
v -0.014535 0.048592 -0.459930
v -0.014581 -0.003323 0.432495
v -0.014645 -0.001756 0.353577
v -0.014880 -0.004755 0.387360
v -0.014890 0.019941 -0.440247
v -0.014922 0.044544 -0.461731
v -0.015033 -0.012182 0.432129
v -0.015047 -0.008818 0.211243
v -0.015103 0.110535 -0.367340
v -0.015168 -0.064720 -0.378479
v -0.015186 -0.025192 0.304901
v -0.015223 -0.040501 0.436920
v -0.015231 -0.153824 0.393890
v -0.015375 -0.014329 0.430725
v -0.015518 0.057652 -0.409210
v -0.015600 -0.165451 0.333221
v -0.015638 -0.019905 0.328918
v -0.015694 -0.109154 0.428406
v -0.015711 -0.021719 0.430573
v -0.015747 -0.150314 0.403229
v -0.015778 -0.019302 0.338104
v -0.015785 -0.025038 0.314240
v -0.015833 0.058826 -0.432281
v -0.015959 0.010961 -0.419922
v -0.015989 0.059486 -0.409668
v -0.016012 -0.024405 0.424225
v -0.016018 -0.171158 0.271118
v -0.016066 -0.029575 0.299622
v -0.016167 -0.027874 0.291656
v -0.016216 0.079041 -0.418274
v -0.016262 -0.054718 0.433014
v -0.016266 -0.161377 0.355377
v -0.016384 -0.066757 0.432709
v -0.016420 -0.029245 0.354340
v -0.016481 -0.034584 0.428070
v -0.016493 -0.094101 0.429047
v -0.016527 -0.037498 0.429626
v -0.016562 0.075600 -0.420441
v -0.016594 -0.030476 0.323456
v -0.016752 -0.034599 0.309784
v -0.016762 -0.155655 0.378174
v -0.016788 0.016785 -0.440521
v -0.016800 -0.032948 -0.433105
v -0.016840 -0.150177 0.396606
v -0.016869 -0.083603 0.429169
v -0.016912 0.025290 -0.444946
v -0.017004 0.096962 -0.185181
v -0.017004 -0.037888 0.319122
v -0.017111 0.111305 -0.231598
v -0.017111 -0.044712 0.426392
v -0.017159 0.060219 -0.412048
v -0.017160 -0.143967 0.405701
v -0.017176 0.114105 -0.248505
v -0.017220 -0.022575 0.259430
v -0.017309 -0.076500 0.428223
v -0.017338 -0.045090 0.425232
v -0.017393 -0.091675 0.425873
v -0.017536 -0.047794 0.341095
v -0.017574 -0.025234 0.267487
v -0.017597 -0.165039 -0.004448
v -0.017607 -0.049648 0.426422
v -0.017670 0.107063 -0.401764
v -0.017761 -0.054024 0.424683
v -0.017776 0.112572 -0.326202
v -0.017796 -0.051327 0.377930
v -0.017799 -0.052341 0.352631
v -0.017815 -0.029823 0.279633
v -0.017818 0.035564 0.039032
v -0.017834 0.115288 -0.264893
v -0.017845 -0.092789 0.423981
v -0.017872 -0.173508 0.246780
v -0.017914 0.113945 -0.310486
v -0.017941 -0.041691 0.320374
v -0.017981 -0.074272 0.425507
v -0.017990 -0.045513 0.329559
v -0.018034 0.034611 0.037991
v -0.018089 -0.000247 0.170761
v -0.018093 -0.173843 0.057037
v -0.018162 0.035328 0.041012
v -0.018198 -0.144547 0.399567
v -0.018244 -0.178009 0.143600
v -0.018248 -0.027767 0.280212
v -0.018253 -0.059212 0.422913
v -0.018269 -0.059925 0.372498
v -0.018284 -0.138428 0.405609
v -0.018286 -0.061832 0.424377
v -0.018288 -0.083672 -0.336639
v -0.018314 0.062698 -0.428436
v -0.018383 -0.136124 0.407593
v -0.018414 -0.123665 -0.201233
v -0.018486 -0.057037 0.357605
v -0.018522 -0.073158 0.423187
v -0.018528 -0.052650 0.345062
v -0.018578 -0.066010 0.422485
v -0.018616 0.111984 -0.331207
v -0.018675 -0.065224 0.379639
v -0.018713 0.012136 -0.422180
v -0.018732 -0.061150 0.367218
v -0.018774 -0.067368 0.391754
v -0.018841 -0.093414 0.420074
v -0.018845 -0.132599 0.406921
v -0.018848 -0.151154 0.382904
v -0.018911 -0.039261 -0.429810
v -0.018965 -0.069244 0.401947
v -0.019060 -0.072289 0.419952
v -0.019073 -0.070953 0.412415
v -0.019089 -0.038815 0.308838
v -0.019295 -0.063545 0.370331
v -0.019331 0.098457 -0.185349
v -0.019342 0.015709 0.108070
v -0.019598 0.107491 -0.366516
v -0.019604 -0.124817 0.409454
v -0.019630 -0.093964 0.414673
v -0.019663 0.060135 -0.431335
v -0.019665 0.055286 -0.432861
v -0.019808 0.048336 -0.446930
v -0.019823 -0.108109 0.414276
v -0.019880 -0.093102 0.415894
v -0.019901 -0.101189 0.413574
v -0.019934 -0.073723 -0.359283
v -0.020014 -0.170151 0.272308
v -0.020031 -0.099731 0.415009
v -0.020098 -0.092560 0.412109
v -0.020166 -0.127457 0.405518
v -0.020210 -0.110214 0.411438
v -0.020247 0.015167 -0.418243
v -0.020260 0.030003 -0.444641
v -0.020327 0.110474 -0.395416
v -0.020330 -0.033245 0.290863
v -0.020361 -0.098122 -0.293121
v -0.020454 -0.176697 0.100838
v -0.020456 0.007102 0.137451
v -0.020481 0.115280 -0.328644
v -0.020506 -0.061375 0.359070
v -0.020533 -0.146637 0.384857
v -0.020571 0.039574 -0.449554
v -0.020615 0.017105 -0.438232
v -0.020720 -0.012852 0.213135
v -0.020758 -0.124802 0.407654
v -0.021122 -0.032696 0.279877
v -0.021143 -0.144150 -0.107018
v -0.021147 0.112411 -0.309631
v -0.021275 -0.091583 0.406830
v -0.021282 0.104958 -0.211411
v -0.021332 -0.140533 0.390747
v -0.021414 0.056549 -0.411652
v -0.021425 -0.159683 -0.029697
v -0.021654 0.114243 -0.283722
v -0.021723 -0.175537 0.084717
v -0.021749 0.111137 -0.334137
v -0.021797 -0.117340 -0.224899
v -0.021826 -0.027712 0.264374
v -0.021839 -0.152069 -0.067451
v -0.021887 -0.169876 0.030691
v -0.021893 0.015464 -0.419250
v -0.021973 0.112259 -0.320557
v -0.022146 -0.176529 0.164032
v -0.022182 -0.097885 0.404907
v -0.022369 0.052662 -0.410370
v -0.022411 -0.082062 0.429993
v -0.022474 -0.058365 0.344055
v -0.022491 -0.174820 0.198334
v -0.022532 -0.105453 0.404694
v -0.022652 -0.128616 0.396851
v -0.022743 0.116074 -0.323761
v -0.022747 0.112846 -0.308472
v -0.022842 0.054043 -0.411011
v -0.022856 -0.164352 0.301971
v -0.022896 -0.090210 0.397980
v -0.022919 -0.093018 -0.308014
v -0.022964 0.101028 -0.402771
v -0.023094 0.111206 -0.240067
v -0.023096 -0.135361 -0.145447
v -0.023140 -0.049915 -0.401672
v -0.023165 0.108887 -0.399261
v -0.023226 0.030111 -0.438263
v -0.023251 -0.036617 0.280243
v -0.023382 0.048851 -0.434296
v -0.023382 0.054207 -0.194199
v -0.023382 0.115120 -0.331696
v -0.023716 -0.048370 -0.403412
v -0.023882 0.057354 -0.430176
v -0.023914 0.023554 -0.439117
v -0.023918 -0.150970 0.358948
v -0.024086 0.030512 0.036945
v -0.024088 -0.126968 0.396210
v -0.024250 -0.017643 -0.206894
v -0.024286 0.095398 -0.185593
v -0.024288 0.020599 -0.417053
v -0.024298 -0.140793 0.378174
v -0.024378 0.110832 -0.309906
v -0.024441 -0.088890 0.391449
v -0.024443 -0.089516 0.397125
v -0.024445 -0.056126 0.332062
v -0.024494 -0.156067 0.337921
v -0.024572 -0.077499 0.429535
v -0.024754 -0.167038 0.270660
v -0.024822 0.095146 -0.402100
v -0.024855 -0.007123 0.181290
v -0.024961 0.021992 -0.437500
v -0.025072 0.108185 -0.365601
v -0.025118 0.040592 -0.436127
v -0.025145 0.018604 -0.420319
v -0.025187 0.052120 -0.412781
v -0.025402 -0.036629 0.279633
v -0.025465 -0.112106 -0.241470
v -0.025482 -0.145309 0.364990
v -0.025484 -0.089424 0.387177
v -0.025555 -0.124924 0.394043
v -0.025705 -0.026060 -0.431458
v -0.025749 -0.087250 0.429260
v -0.025837 -0.036015 0.280853
v -0.025921 -0.088142 0.389374
v -0.025936 0.051991 -0.433014
v -0.026001 -0.014400 -0.207855
v -0.026030 -0.047623 0.022808
v -0.026058 -0.047390 -0.401825
v -0.026155 -0.104721 0.392426
v -0.026249 -0.038662 0.280334
v -0.026249 -0.129227 -0.170364
v -0.026379 -0.087685 0.382690
v -0.026396 0.113853 -0.332672
v -0.026434 -0.062374 -0.378265
v -0.026455 -0.129547 0.382812
v -0.026491 0.047440 -0.411560
v -0.026558 0.053490 -0.430573
v -0.026566 -0.090683 0.427185
v -0.026588 0.108215 -0.367737
v -0.026623 0.111862 -0.311066
v -0.026640 0.116760 -0.327057
v -0.026640 -0.170563 0.045719
v -0.026730 0.011621 0.108589
v -0.026733 -0.097298 0.387848
v -0.026749 -0.072662 -0.358093
v -0.026819 0.025331 -0.416077
v -0.026844 -0.159576 0.308258
v -0.026855 -0.037296 -0.429352
v -0.026915 0.112923 -0.279541
v -0.027185 -0.087082 0.383270
v -0.027248 0.030527 0.037720
v -0.027292 -0.053131 0.316376
v -0.027420 -0.129593 0.379456
v -0.027462 0.096878 -0.188034
v -0.027508 -0.034851 -0.431427
v -0.027515 -0.118927 -0.213776
v -0.027597 0.029795 -0.437653
v -0.027689 0.000820 0.145294
v -0.027718 -0.174576 0.115540
v -0.027773 -0.034157 0.266541
v -0.027866 -0.126785 0.385803
v -0.027946 -0.096924 -0.291595
v -0.027988 0.037582 -0.413513
v -0.028011 -0.086647 0.375885
v -0.028126 0.089020 -0.402405
v -0.028198 0.046516 -0.413300
v -0.028219 -0.086632 -0.322968
v -0.028250 -0.085785 0.375244
v -0.028353 0.024426 -0.417847
v -0.028404 -0.170197 0.216354
v -0.028452 0.034901 -0.198090
v -0.028526 0.110718 -0.320862
v -0.028532 0.039528 -0.435944
v -0.028534 -0.162109 -0.006566
v -0.028589 0.113472 -0.322510
v -0.028591 0.024828 0.059566
v -0.028654 -0.143555 -0.101639
v -0.028709 0.028532 -0.435333
v -0.028755 -0.138046 0.363190
v -0.029095 -0.114609 0.383636
v -0.029152 -0.104683 0.382324
v -0.029209 0.047588 -0.432404
v -0.029230 0.030195 0.039860
v -0.029263 -0.146744 0.343445
v -0.029343 -0.104790 -0.263428
v -0.029377 -0.081673 -0.335205
v -0.029547 -0.046352 0.294708
v -0.029682 0.035923 -0.414490
v -0.029858 -0.128189 0.377136
v -0.029869 -0.084633 0.368011
v -0.029888 -0.123947 0.380920
v -0.029997 0.110580 -0.250763
v -0.030090 0.043747 -0.433594
v -0.030107 0.109497 -0.332886
v -0.030127 0.040607 -0.415314
v -0.030130 -0.018208 -0.205673
v -0.030201 0.030695 -0.416962
v -0.030334 0.111572 -0.262329
v -0.030441 -0.001600 -0.205292
v -0.030500 0.036938 -0.434753
v -0.030502 -0.151367 0.323761
v -0.030603 -0.042412 0.279572
v -0.030659 -0.130005 0.366241
v -0.030697 -0.092590 0.370819
v -0.030745 0.113899 -0.327515
v -0.030766 0.110291 -0.309601
v -0.030769 -0.053825 0.307220
v -0.030790 -0.171875 0.075607
v -0.030792 -0.162064 0.272156
v -0.030836 -0.017574 -0.426453
v -0.031124 0.107597 -0.395813
v -0.031147 -0.083786 0.366425
v -0.031193 -0.083878 0.362183
v -0.031233 -0.126648 0.375031
v -0.031242 -0.025400 0.227570
v -0.031364 0.094337 -0.186996
v -0.031391 -0.172272 0.155869
v -0.031460 0.106293 -0.229843
v -0.031536 -0.044842 0.280487
v -0.031620 -0.155182 -0.039696
v -0.031654 -0.016357 -0.207825
v -0.031742 -0.013528 -0.424561
v -0.031811 0.109726 -0.324768
v -0.031921 0.018154 0.076096
v -0.031925 -0.165939 0.233734
v -0.031933 0.108856 -0.310181
v -0.032242 -0.018311 0.201202
v -0.032337 -0.012887 0.182617
v -0.032391 0.049522 -0.411011
v -0.032417 0.105515 -0.367035
v -0.032516 0.024940 -0.200027
v -0.032646 0.106422 -0.368439
v -0.032654 -0.045273 -0.004464
v -0.032726 -0.130417 -0.157043
v -0.032738 -0.082329 0.355255
v -0.032742 0.100388 -0.209686
v -0.032825 -0.007495 -0.422913
v -0.032860 -0.166046 0.028181
v -0.032883 0.106499 -0.365723
v -0.032887 -0.130264 0.356110
v -0.032951 -0.128479 0.365692
v -0.033077 -0.119843 -0.203247
v -0.033291 0.110992 -0.270508
v -0.033401 -0.150024 -0.062668
v -0.033440 -0.045448 0.281433
v -0.033615 -0.039036 0.261475
v -0.033669 0.012887 -0.202454
v -0.033699 -0.158997 0.271393
v -0.033794 0.100174 -0.367889
v -0.033798 -0.056843 0.304657
v -0.033848 -0.019712 -0.198868
v -0.033913 -0.138382 0.337891
v -0.034019 -0.073700 -0.350494
v -0.034084 -0.142807 -0.096939
v -0.034107 0.009367 0.101418
v -0.034115 -0.081833 0.355713
v -0.034168 -0.103561 0.363983
v -0.034195 -0.090767 0.357025
v -0.034267 -0.115341 0.365967
v -0.034458 0.002030 0.125717
v -0.034466 -0.168533 0.187347
v -0.034679 0.024698 0.035961
v -0.034931 -0.047958 0.279846
v -0.034958 -0.080368 0.346802
v -0.035023 -0.125366 0.363220
v -0.035038 0.103645 -0.401550
v -0.035049 -0.157379 0.273102
v -0.035126 -0.061535 -0.374084
v -0.035286 -0.045002 -0.402283
v -0.035336 -0.143051 0.320587
v -0.035439 -0.155914 0.272186
v -0.035751 -0.028990 -0.431854
v -0.035789 0.104111 -0.367706
v -0.035942 -0.130280 0.342163
v -0.035980 0.107521 -0.337494
v -0.036060 -0.079697 0.340607
v -0.036152 -0.129166 0.351196
v -0.036221 0.043247 -0.196442
v -0.036236 -0.045929 -0.400635
v -0.036293 0.074600 -0.189941
v -0.036327 0.088867 -0.187012
v -0.036385 -0.004991 0.145081
v -0.036491 0.108932 -0.309113
v -0.036545 0.093338 -0.189346
v -0.036720 -0.092186 -0.298004
v -0.036751 0.026022 0.040100
v -0.037014 0.090744 -0.187088
v -0.037056 -0.127762 0.352203
v -0.037094 -0.052593 0.280792
v -0.037205 0.109512 -0.281769
v -0.037262 0.106720 -0.242676
v -0.037540 -0.078278 0.333313
v -0.037697 -0.112297 -0.227921
v -0.037720 -0.003399 0.030746
v -0.037727 0.108780 -0.311523
v -0.037746 -0.169540 0.104019
v -0.037823 0.107384 -0.310394
v -0.037823 -0.134506 -0.130066
v -0.037834 0.108711 -0.300690
v -0.037842 0.095268 -0.403870
v -0.037960 -0.051788 0.281677
v -0.037971 0.025190 0.037571
v -0.038055 -0.042953 -0.400299
v -0.038132 -0.166946 0.057343
v -0.038280 -0.031986 0.225235
v -0.038342 -0.024656 0.203232
v -0.038406 -0.087624 -0.309662
v -0.038475 -0.103386 -0.257782
v -0.038479 -0.077606 0.333344
v -0.038582 -0.144211 0.300903
v -0.038620 -0.157455 -0.012557
v -0.038719 -0.086578 0.336792
v -0.038803 0.086418 -0.403290
v -0.038803 -0.060577 0.303558
v -0.038815 -0.032413 -0.429169
v -0.038837 -0.061771 0.299072
v -0.038960 -0.076714 0.326324
v -0.038994 -0.154877 0.257874
v -0.039108 -0.080139 -0.329651
v -0.039143 -0.151993 0.273621
v -0.039154 -0.137222 0.313690
v -0.039196 -0.126114 0.346222
v -0.039276 -0.129089 0.339050
v -0.039398 -0.151398 0.271973
v -0.039440 -0.111961 0.345398
v -0.039494 -0.102966 0.343170
v -0.039608 -0.123436 0.345428
v -0.039700 -0.041374 0.246704
v -0.039742 0.104401 -0.397888
v -0.039776 -0.057297 0.304962
v -0.040249 -0.055920 0.280090
v -0.040253 0.103394 -0.369141
v -0.040283 -0.094734 0.336639
v -0.040321 -0.125717 -0.166229
v -0.040340 0.098099 -0.403656
v -0.040413 -0.157974 0.229294
v -0.040478 0.009211 0.088310
v -0.040485 -0.114540 -0.214264
v -0.040569 -0.130157 0.319702
v -0.040630 -0.056019 0.282104
v -0.040649 -0.064301 0.303528
v -0.040722 -0.162155 0.196411
v -0.040863 -0.147369 0.273010
v -0.041035 -0.074829 0.315460
v -0.041054 0.091110 -0.189636
v -0.041077 -0.127487 0.336029
v -0.041096 -0.075035 0.320496
v -0.041142 -0.125229 0.338409
v -0.041187 0.017347 0.034477
v -0.041245 -0.140213 -0.096199
v -0.041252 -0.066528 0.299927
v -0.041290 -0.025251 -0.431122
v -0.041309 -0.057995 0.281250
v -0.041542 -0.129150 0.327850
v -0.041664 -0.050838 0.263611
v -0.041683 0.015865 0.063934
v -0.041698 -0.055756 -0.378876
v -0.041794 0.072273 -0.405884
v -0.041798 -0.072754 -0.344696
v -0.041904 -0.069557 0.303680
v -0.041977 -0.068420 0.304382
v -0.041985 -0.073380 0.309479
v -0.042004 -0.003879 0.127335
v -0.042057 0.102028 -0.230850
v -0.042118 -0.061028 0.303986
v -0.042137 -0.098152 0.330719
v -0.042160 0.103050 -0.366119
v -0.042206 -0.166153 0.125046
v -0.042267 -0.146545 0.274536
v -0.042316 0.099525 -0.368164
v -0.042377 -0.082359 0.319000
v -0.042419 -0.061928 0.280884
v -0.042439 -0.071030 0.306580
v -0.042439 -0.113235 0.332611
v -0.042671 -0.013566 0.156052
v -0.042679 -0.166321 0.090012
v -0.042793 0.106781 -0.311646
v -0.042831 -0.073135 0.311493
v -0.042980 0.106293 -0.256165
v -0.042988 -0.148895 -0.049725
v -0.043232 0.057648 -0.193527
v -0.043415 -0.064957 -0.359863
v -0.043495 -0.142761 0.273499
v -0.043545 -0.160065 0.021656
v -0.043571 -0.042801 -0.399536
v -0.043732 -0.087425 0.318268
v -0.043736 -0.143677 0.272858
v -0.043774 0.095032 -0.208801
v -0.044098 -0.127335 0.322693
v -0.044289 0.103279 -0.241455
v -0.044350 0.104630 -0.310822
v -0.044384 0.100563 -0.367920
v -0.044559 -0.006963 -0.423218
v -0.044559 -0.063210 0.279938
v -0.044613 0.105858 -0.309814
v -0.044636 -0.016541 -0.429016
v -0.044781 -0.114388 0.323090
v -0.044788 -0.128876 0.311523
v -0.044792 -0.076355 0.303070
v -0.044796 -0.110023 0.322998
v -0.044861 -0.148804 0.244827
v -0.044872 -0.094223 0.318451
v -0.044926 0.106262 -0.267029
v -0.044952 -0.154068 -0.014899
v -0.044991 -0.125305 0.321136
v -0.045139 -0.088196 -0.298187
v -0.045170 -0.131577 -0.128708
v -0.045177 -0.012541 0.028946
v -0.045353 -0.106346 0.320404
v -0.045448 -0.080399 -0.320496
v -0.045494 0.010010 0.032471
v -0.045601 -0.064514 0.282104
v -0.045624 0.004618 0.091270
v -0.045631 -0.119102 0.319275
v -0.045689 -0.068756 0.280731
v -0.045704 -0.114006 -0.206619
v -0.045784 -0.017773 -0.206696
v -0.045921 -0.106415 -0.235718
v -0.045986 0.081291 -0.188507
v -0.046009 0.101418 -0.396912
v -0.046158 -0.129501 0.291534
v -0.046242 -0.077194 0.333710
v -0.046253 0.100266 -0.369568
v -0.046280 -0.104919 0.316040
v -0.046337 -0.137894 0.274780
v -0.046459 0.105766 -0.272369
v -0.046494 -0.157059 0.186234
v -0.046589 -0.099586 0.313293
v -0.046638 -0.119728 0.314270
v -0.046642 0.098869 -0.368652
v -0.046650 0.086189 -0.188660
v -0.046700 -0.067421 0.281311
v -0.046764 -0.162033 0.060040
v -0.046768 0.018707 0.035278
v -0.046841 -0.015715 -0.207962
v -0.046970 -0.047783 0.022577
v -0.046982 -0.048866 0.021040
v -0.046993 -0.127548 0.306305
v -0.047005 -0.034790 0.025055
v -0.047062 -0.068398 0.279907
v -0.047108 0.096268 -0.403625
v -0.047146 -0.161301 0.137192
v -0.047192 -0.105934 0.311920
v -0.047222 0.104660 -0.311859
v -0.047226 0.083412 -0.188309
v -0.047256 -0.010307 0.028856
v -0.047379 -0.117393 0.310760
v -0.047451 -0.108353 0.321289
v -0.047501 -0.032387 0.195038
v -0.047588 0.101448 -0.350677
v -0.047672 -0.097878 -0.262085
v -0.047688 -0.073875 -0.334106
v -0.047764 0.098587 -0.401764
v -0.047775 -0.132950 0.274384
v -0.047783 -0.109627 0.309326
v -0.047802 -0.069565 0.282593
v -0.047810 -0.023973 0.171188
v -0.047821 -0.111221 0.322357
v -0.047825 -0.113564 0.308807
v -0.048054 -0.039150 -0.400513
v -0.048122 -0.133652 0.273376
v -0.048134 -0.115845 0.321381
v -0.048283 -0.128738 0.291931
v -0.048340 0.009944 0.030170
v -0.048397 -0.123894 0.304810
v -0.048473 -0.040215 -0.398499
v -0.048561 -0.149139 0.216248
v -0.048603 0.018827 0.036903
v -0.048721 -0.088234 0.299591
v -0.048752 -0.106903 0.318604
v -0.048836 0.080864 -0.405121
v -0.048901 -0.047466 0.022038
v -0.048904 -0.048630 0.017956
v -0.048981 -0.125534 -0.148315
v -0.049000 -0.144333 0.233139
v -0.049088 -0.013613 0.026596
v -0.049137 0.099342 -0.365356
v -0.049202 0.088768 -0.405579
v -0.049210 -0.029900 0.024584
v -0.049252 0.012828 0.057014
v -0.049271 -0.027393 -0.425873
v -0.049332 -0.118156 0.316162
v -0.049389 -0.074173 0.279297
v -0.049423 -0.139740 0.246429
v -0.049492 -0.128845 0.275879
v -0.049519 -0.064682 -0.352722
v -0.049534 0.014124 0.032730
v -0.049580 -0.077499 0.280151
v -0.049625 -0.127884 0.291351
v -0.049801 -0.013909 0.136215
v -0.049820 -0.108017 0.312469
v -0.049847 0.009565 0.026291
v -0.049900 -0.127747 0.274872
v -0.049931 -0.054321 -0.372406
v -0.049934 -0.145081 -0.050323
v -0.049946 -0.057861 0.247406
v -0.050049 -0.034298 0.022364
v -0.050049 -0.111916 0.320892
v -0.050076 -0.111313 0.310883
v -0.050095 -0.135376 -0.098114
v -0.050106 -0.107033 0.314911
v -0.050175 -0.125931 0.294464
v -0.050274 0.103104 -0.310181
v -0.050320 -0.075745 0.281738
v -0.050381 -0.114830 0.319794
v -0.050491 0.012828 0.029730
v -0.050526 -0.115387 0.312195
v -0.050552 -0.109367 0.319336
v -0.050610 -0.037231 -0.398956
v -0.050678 -0.047192 0.019478
v -0.050823 -0.083664 0.371857
v -0.050835 0.101311 -0.311218
v -0.050903 0.097519 -0.370453
v -0.050930 -0.092865 0.293427
v -0.050968 0.085434 -0.190994
v -0.050972 0.097878 -0.400208
v -0.050991 0.097244 -0.231842
v -0.051224 -0.127823 0.267395
v -0.051342 -0.080910 0.279083
v -0.051388 -0.108803 -0.215576
v -0.051392 -0.080559 0.280640
v -0.051437 0.016857 0.039688
v -0.051441 -0.128174 0.277405
v -0.051525 0.095085 -0.368958
v -0.051582 -0.118736 -0.172409
v -0.051651 -0.111061 0.313324
v -0.051670 -0.081192 0.282471
v -0.051670 -0.115082 0.315582
v -0.051723 -0.037197 0.192810
v -0.051785 -0.098923 0.291840
v -0.051868 -0.111641 0.317444
v -0.051891 -0.047047 0.215866
v -0.051907 0.102043 -0.312195
v -0.051941 0.015589 0.034779
v -0.051968 0.087349 -0.198669
v -0.051998 -0.108215 0.290894
v -0.052021 -0.017437 0.014370
v -0.052170 -0.088028 0.279358
v -0.052216 -0.123978 0.285889
v -0.052307 0.013921 0.020494
v -0.052498 -0.046432 0.007037
v -0.052502 0.100945 -0.251495
v -0.052536 -0.158493 0.080612
v -0.052567 -0.151093 0.172882
v -0.052597 -0.085106 -0.294281
v -0.052670 -0.158340 0.098389
v -0.052677 -0.078804 -0.312683
v -0.052715 -0.156464 0.127930
v -0.052776 0.011887 0.012959
v -0.052784 -0.045631 -0.002411
v -0.052795 -0.022743 -0.427704
v -0.052822 -0.000438 0.088341
v -0.052921 -0.126190 0.275543
v -0.052933 0.090981 -0.369904
v -0.052956 -0.126663 0.277954
v -0.052959 -0.127182 0.274597
v -0.053234 -0.070053 0.306946
v -0.053280 -0.090477 0.278259
v -0.053291 -0.063660 0.244614
v -0.053303 -0.091980 0.423737
v -0.053333 -0.064636 -0.347168
v -0.053352 -0.154083 0.024511
v -0.053360 0.013724 0.029900
v -0.053375 0.095741 -0.368561
v -0.053413 -0.096046 0.278748
v -0.053474 -0.018631 0.138306
v -0.053513 -0.044960 0.005356
v -0.053638 -0.149673 -0.008471
v -0.053654 -0.134109 0.234390
v -0.053665 -0.127243 0.267242
v -0.053730 -0.127182 0.252350
v -0.053875 -0.103615 0.278015
v -0.053963 -0.091583 0.280609
v -0.053978 0.015262 0.010588
v -0.054012 -0.124199 0.276855
v -0.054092 -0.118660 0.276520
v -0.054096 -0.110542 0.277252
v -0.054115 0.019655 -0.417114
v -0.054268 -0.125473 0.274811
v -0.054314 -0.155670 0.053486
v -0.054413 -0.098175 0.277283
v -0.054432 -0.116730 0.278107
v -0.054459 -0.143524 -0.043278
v -0.054493 -0.101730 -0.235229
v -0.054527 0.099266 -0.311462
v -0.054714 0.007858 0.059040
v -0.054733 -0.100655 0.279541
v -0.054775 -0.108780 0.278717
v -0.054779 -0.120926 0.275299
v -0.054787 -0.018496 -0.204544
v -0.054806 -0.104561 0.276855
v -0.054821 0.002034 -0.421722
v -0.054840 0.098747 -0.329620
v -0.054848 -0.111046 0.276245
v -0.054863 -0.048958 -0.375122
v -0.054897 0.100349 -0.310425
v -0.054905 -0.007385 -0.206390
v -0.054993 -0.071281 -0.328430
v -0.055027 -0.120377 -0.155548
v -0.055313 -0.043919 -0.004593
v -0.055317 -0.043633 -0.015615
v -0.055325 0.014743 0.021963
v -0.055344 0.095161 -0.397705
v -0.055344 -0.090515 0.268555
v -0.055367 0.100372 -0.257507
v -0.055481 0.094917 -0.367188
v -0.055531 -0.107147 -0.212143
v -0.055557 -0.132141 -0.097565
v -0.055618 -0.126068 0.263367
v -0.055813 0.013949 0.034248
v -0.055901 -0.126556 0.254944
v -0.056042 0.020641 -0.012244
v -0.056042 -0.138107 0.204987
v -0.056053 -0.092903 -0.261444
v -0.056072 0.100288 -0.267670
v -0.056149 -0.057087 -0.358368
v -0.056362 -0.071472 0.243439
v -0.056419 0.017073 -0.010443
v -0.056519 -0.034737 -0.396423
v -0.056587 -0.067772 0.305634
v -0.056602 -0.126312 0.235733
v -0.056686 0.093109 -0.370697
v -0.056774 0.021883 -0.015182
v -0.056931 0.017227 -0.006938
v -0.057064 0.000473 -0.013065
v -0.057079 0.096298 -0.311768
v -0.057114 -0.028858 -0.018829
v -0.057217 0.005733 -0.010167
v -0.057327 -0.008496 -0.012198
v -0.057350 0.098480 -0.313049
v -0.057350 -0.097351 0.260406
v -0.057362 -0.123688 0.257904
v -0.057365 0.017365 0.007279
v -0.057423 -0.017717 -0.015388
v -0.057461 -0.041904 -0.020126
v -0.057545 -0.026957 0.147232
v -0.057648 0.077133 -0.189636
v -0.057667 -0.041451 -0.016708
v -0.057693 -0.030746 -0.016186
v -0.057697 -0.032223 -0.399109
v -0.057789 -0.055210 0.209839
v -0.057823 -0.105392 0.258698
v -0.057838 -0.125061 0.251648
v -0.057854 0.017128 -0.417786
v -0.057934 0.060459 -0.408661
v -0.058041 -0.013263 -0.428040
v -0.058098 0.019363 -0.008340
v -0.058159 0.097038 -0.312103
v -0.058510 0.078896 -0.190216
v -0.058537 0.085251 -0.406433
v -0.058598 0.012979 0.035046
v -0.058655 -0.125717 0.238907
v -0.058758 -0.004869 0.084312
v -0.058868 -0.077118 0.238312
v -0.058922 -0.020390 -0.423492
v -0.059055 -0.004242 -0.426056
v -0.059116 0.097466 -0.311096
v -0.059193 -0.143646 0.158096
v -0.059246 -0.067352 0.223984
v -0.059273 0.044701 -0.411865
v -0.059334 -0.086624 0.244263
v -0.059364 -0.081169 -0.291321
v -0.059395 -0.098282 -0.235718
v -0.059528 0.086441 -0.214172
v -0.059532 -0.125458 0.218185
v -0.059612 0.089195 -0.370667
v -0.059708 -0.151062 0.084114
v -0.059849 0.090294 -0.369995
v -0.059849 -0.042858 0.176315
v -0.059959 -0.104515 -0.210541
v -0.059994 -0.148804 0.116882
v -0.060097 0.011670 0.036549
v -0.060112 0.020649 -0.009455
v -0.060165 0.097076 -0.283875
v -0.060204 -0.124680 0.236282
v -0.060207 -0.066513 -0.330078
v -0.060440 -0.029627 -0.397278
v -0.060452 0.095970 -0.251312
v -0.060452 -0.137878 0.173050
v -0.060478 -0.110832 0.242691
v -0.060520 -0.115799 0.241898
v -0.060585 0.087189 -0.405090
v -0.060600 -0.075134 -0.306152
v -0.060650 -0.071434 0.309753
v -0.060673 0.013321 0.028244
v -0.060711 -0.120506 -0.136429
v -0.060802 -0.123077 0.237152
v -0.060806 0.077957 -0.407990
v -0.060822 -0.130402 0.195358
v -0.060841 -0.059479 -0.345123
v -0.060963 -0.012710 0.099075
v -0.061031 -0.119667 0.238251
v -0.061096 -0.043896 -0.374146
v -0.061100 -0.148483 0.040245
v -0.061119 0.084198 -0.371155
v -0.061211 -0.089027 0.405884
v -0.061241 -0.094353 0.238022
v -0.061253 -0.130920 -0.083145
v -0.061333 -0.105675 0.238953
v -0.061443 -0.110680 -0.179306
v -0.061501 0.064514 -0.408447
v -0.061691 -0.124733 0.221878
v -0.061779 0.005000 0.048672
v -0.061932 0.089569 -0.368500
v -0.062012 -0.094414 0.233185
v -0.062031 -0.119453 0.231949
v -0.062157 -0.124603 0.202026
v -0.062229 0.012578 -0.202499
v -0.062294 0.093803 -0.325256
v -0.062469 -0.105759 0.231400
v -0.062553 -0.135773 -0.051636
v -0.062698 -0.059822 0.196747
v -0.062714 -0.115685 0.228317
v -0.062828 -0.109634 0.228241
v -0.062843 0.061798 -0.192703
v -0.062935 0.030731 -0.198944
v -0.062958 0.092415 -0.332275
v -0.063065 0.049397 -0.195206
v -0.063080 0.023804 -0.200272
v -0.063278 -0.143341 0.004964
v -0.063431 -0.028084 -0.395233
v -0.063454 -0.052753 -0.354095
v -0.063515 0.038609 -0.197388
v -0.063545 -0.064095 0.305328
v -0.063560 -0.139359 -0.024410
v -0.063568 0.086220 -0.371002
v -0.063622 0.015343 0.016092
v -0.063622 0.041328 -0.100983
v -0.063622 0.088051 -0.400208
v -0.063622 -0.075058 0.212479
v -0.063629 -0.011957 -0.207245
v -0.063660 0.000665 -0.204697
v -0.063736 -0.018068 -0.205765
v -0.063736 -0.117599 0.239258
v -0.063843 -0.095551 -0.233826
v -0.063896 0.092712 -0.321838
v -0.063942 -0.113373 0.241455
v -0.064034 -0.020842 -0.192871
v -0.064056 -0.016455 -0.207779
v -0.064079 -0.123016 0.215973
v -0.064125 0.094803 -0.257446
v -0.064560 -0.123924 0.204697
v -0.064590 0.088264 -0.234955
v -0.064590 -0.016439 -0.207428
v -0.064613 0.012820 -0.202087
v -0.064621 0.019871 -0.418091
v -0.064651 -0.050640 0.172775
v -0.064720 0.030012 -0.198608
v -0.064743 0.052029 -0.194397
v -0.064751 0.064224 -0.191849
v -0.064751 -0.061630 -0.331909
v -0.064781 -0.108124 0.239304
v -0.064812 0.020119 -0.200470
v -0.064842 0.041462 -0.196564
v -0.064865 0.092888 -0.313446
v -0.064949 0.039955 -0.413147
v -0.064964 0.085144 -0.403870
v -0.065033 -0.137054 0.138748
v -0.065063 -0.100372 -0.211685
v -0.065086 -0.118095 0.234619
v -0.065117 0.012007 0.023590
v -0.065132 -0.005288 -0.205154
v -0.065331 -0.018211 -0.204025
v -0.065369 -0.143784 0.079109
v -0.065414 0.094879 -0.329895
v -0.065414 -0.020414 -0.193253
v -0.065422 -0.087944 -0.254456
v -0.065521 -0.098991 0.214127
v -0.065536 0.005244 -0.423859
v -0.065575 -0.013645 -0.423309
v -0.065590 0.070480 -0.190842
v -0.065613 -0.128632 0.165451
v -0.065697 -0.014443 -0.206284
v -0.065720 0.092834 -0.274506
v -0.065750 0.003948 -0.202988
v -0.065773 -0.026447 0.118210
v -0.065796 0.026354 -0.198364
v -0.065842 -0.024748 -0.396729
v -0.065872 -0.084579 0.208176
v -0.065872 -0.142197 0.023109
v -0.065910 -0.113556 -0.150131
v -0.065987 0.012835 -0.200714
v -0.065987 -0.120766 0.208191
v -0.065994 0.039543 -0.195770
v -0.066002 -0.140320 0.108925
v -0.066071 0.084976 -0.373077
v -0.066086 -0.126114 -0.087761
v -0.066109 0.050064 -0.193573
v -0.066109 -0.001432 -0.203369
v -0.066116 0.061344 -0.191101
v -0.066177 0.018652 0.000082
v -0.066223 0.091942 -0.311584
v -0.066231 -0.042938 -0.366547
v -0.066254 -0.122734 0.177948
v -0.066277 -0.018833 -0.196945
v -0.066299 -0.110680 0.231201
v -0.066399 -0.068542 -0.310181
v -0.066399 -0.075027 -0.291473
v -0.066422 0.007754 -0.200653
v -0.066444 0.028170 -0.195694
v -0.066444 -0.011673 -0.203888
v -0.066444 -0.016253 -0.204895
v -0.066460 0.040802 -0.194336
v -0.066467 0.058010 -0.180038
v -0.066467 -0.108025 0.234711
v -0.066475 0.009451 -0.184052
v -0.066490 -0.008709 -0.186935
v -0.066498 0.050835 -0.191559
v -0.066498 -0.017708 -0.197006
v -0.066528 0.005536 -0.199600
v -0.066559 0.062149 -0.189957
v -0.066589 0.061546 -0.189087
v -0.066628 0.058266 -0.176147
v -0.066963 -0.114090 0.238266
v -0.067062 0.059952 -0.178513
v -0.067062 -0.114594 0.231918
v -0.067078 0.089508 -0.312714
v -0.067238 0.042469 -0.103882
v -0.067291 0.075455 -0.194031
v -0.067307 0.094055 -0.322784
v -0.067314 -0.063568 0.181351
v -0.067368 -0.122704 0.186859
v -0.067390 0.064415 -0.190430
v -0.067429 0.063187 -0.188492
v -0.067467 0.041809 -0.099091
v -0.067619 0.088104 -0.334229
v -0.067688 -0.053688 -0.343109
v -0.067764 0.067184 -0.410156
v -0.067764 0.072151 -0.191025
v -0.067818 -0.093353 -0.229065
v -0.067841 -0.097359 -0.214249
v -0.067863 0.079628 -0.372284
v -0.067932 0.091743 -0.258667
v -0.067970 0.059673 -0.174744
v -0.067978 -0.121475 0.192307
v -0.068199 0.083130 -0.370117
v -0.068245 -0.005919 -0.425262
v -0.068253 0.092896 -0.332306
v -0.068405 0.063324 -0.186981
v -0.068420 -0.073364 0.186630
v -0.068497 -0.118584 0.193192
v -0.068626 -0.139450 0.036568
v -0.068649 0.073494 -0.192444
v -0.068748 0.088867 -0.320282
v -0.068871 -0.036373 0.129562
v -0.068886 -0.019945 -0.394531
v -0.068954 0.042545 -0.413452
v -0.069077 -0.010212 0.066277
v -0.069176 -0.121147 0.160294
v -0.069229 0.043987 -0.108902
v -0.069229 -0.096809 0.191727
v -0.069260 -0.000502 0.041142
v -0.069275 0.078972 -0.214050
v -0.069298 -0.095215 -0.217865
v -0.069435 -0.080978 0.186859
v -0.069458 0.060856 -0.177353
v -0.069519 0.073875 -0.373352
v -0.069542 0.066399 -0.191208
v -0.069550 0.094688 -0.325897
v -0.069572 0.064369 -0.189484
v -0.069641 0.079674 -0.372681
v -0.069672 -0.093643 -0.222351
v -0.069756 0.022787 -0.019125
v -0.069771 0.054417 -0.152893
v -0.069832 0.057377 -0.164429
v -0.069847 0.012856 0.008729
v -0.070068 0.088638 -0.311432
v -0.070084 0.006200 -0.424133
v -0.070084 -0.127899 -0.056759
v -0.070168 -0.072388 0.314026
v -0.070183 0.024742 -0.027868
v -0.070190 0.078270 -0.406158
v -0.070213 0.088600 -0.286163
v -0.070267 0.085495 -0.313324
v -0.070404 -0.098083 -0.201889
v -0.070427 -0.134171 0.095451
v -0.070511 -0.044334 -0.355316
v -0.070694 0.080627 -0.401337
v -0.070702 -0.121048 0.170593
v -0.070808 -0.007477 -0.421326
v -0.070862 0.071899 -0.409119
v -0.070885 -0.134247 -0.001890
v -0.070923 0.081558 -0.229950
v -0.070946 -0.070091 -0.292725
v -0.070953 -0.135849 0.056313
v -0.071106 -0.018885 -0.392700
v -0.071106 -0.106483 -0.161438
v -0.071106 -0.126831 0.126816
v -0.071129 -0.118584 0.177414
v -0.071167 -0.130630 -0.030695
v -0.071182 0.079506 -0.371643
v -0.071327 0.018944 -0.009173
v -0.071358 -0.059280 -0.321259
v -0.071373 -0.046799 0.139786
v -0.071465 0.021049 -0.015907
v -0.071472 -0.079964 -0.261414
v -0.071503 0.087761 -0.253601
v -0.071541 -0.059124 0.156937
v -0.071548 -0.085289 -0.244568
v -0.071564 0.026533 -0.033104
v -0.071594 -0.121094 -0.086891
v -0.071648 -0.115005 -0.118507
v -0.071686 -0.035252 -0.367554
v -0.071739 -0.048031 -0.345184
v -0.071762 0.084518 -0.331573
v -0.071808 0.047810 -0.124847
v -0.071854 0.089882 -0.322845
v -0.071930 -0.017694 -0.395020
v -0.071983 0.090584 -0.331116
v -0.072067 -0.085121 0.173904
v -0.072258 0.085213 -0.323853
v -0.072632 0.073372 -0.201431
v -0.072632 -0.119232 0.139893
v -0.072685 0.027866 -0.036148
v -0.072769 -0.119789 0.154556
v -0.072777 0.077583 -0.374634
v -0.072968 0.084023 -0.313507
v -0.072998 0.030600 -0.041866
v -0.073181 0.085175 -0.314331
v -0.073189 -0.095169 0.167786
v -0.073486 0.089493 -0.326141
v -0.073532 -0.071838 0.159454
v -0.073593 0.024370 -0.419983
v -0.073639 0.027708 -0.040813
v -0.073944 0.049572 -0.414124
v -0.073967 0.032085 -0.058056
v -0.074226 -0.105385 0.160248
v -0.074348 -0.019194 0.070061
v -0.074593 0.071724 -0.373840
v -0.074623 0.084450 -0.274170
v -0.074623 -0.113342 0.156708
v -0.074661 0.075226 -0.403229
v -0.074707 0.067299 -0.191467
v -0.074776 0.021570 -0.027729
v -0.074860 0.038471 -0.416626
v -0.074913 -0.117767 0.151718
v -0.074982 0.080513 -0.335480
v -0.075035 -0.099869 0.156845
v -0.075073 0.074463 -0.371033
v -0.075089 -0.012920 -0.391205
v -0.075150 0.083603 -0.311127
v -0.075676 -0.112045 -0.111496
v -0.075691 -0.128494 0.037964
v -0.075706 -0.123222 -0.045033
v -0.075737 -0.064011 -0.294495
v -0.075745 0.082420 -0.314667
v -0.075768 -0.086052 -0.226730
v -0.075775 -0.044201 0.116570
v -0.075783 -0.043800 -0.342773
v -0.075821 0.077347 -0.348999
v -0.075821 -0.035713 0.100647
v -0.075836 0.058132 -0.412323
v -0.075874 -0.117294 0.118721
v -0.075958 -0.070702 0.146896
v -0.076004 0.010735 -0.422516
v -0.076004 -0.112411 0.148239
v -0.076057 -0.099205 0.150360
v -0.076073 -0.126312 -0.012258
v -0.076080 -0.029167 -0.366028
v -0.076080 -0.125549 0.069077
v -0.076088 -0.085854 0.151337
v -0.076149 0.069199 -0.194870
v -0.076157 0.082092 -0.313293
v -0.076241 -0.092461 -0.200180
v -0.076256 -0.056580 0.132568
v -0.076324 -0.116653 -0.081451
v -0.076340 -0.053947 -0.319305
v -0.076378 -0.127365 0.010711
v -0.076454 0.071220 -0.373505
v -0.076523 -0.105385 -0.139847
v -0.076553 0.040321 -0.092583
v -0.076561 -0.120552 0.097992
v -0.076576 -0.077721 -0.250549
v -0.076637 -0.024380 0.073509
v -0.076675 -0.004726 0.027428
v -0.076691 -0.104546 0.144806
v -0.076752 -0.117638 0.131668
v -0.076759 0.067413 -0.192490
v -0.076859 -0.008397 -0.391785
v -0.076866 0.064789 -0.409851
v -0.077019 0.069771 -0.406525
v -0.077049 0.076492 -0.233398
v -0.077232 -0.037304 -0.350342
v -0.077354 0.036335 -0.078209
v -0.077477 0.030373 -0.060421
v -0.077599 0.065186 -0.190231
v -0.077599 0.082268 -0.257416
v -0.077637 0.044575 -0.111328
v -0.077637 0.047222 -0.121971
v -0.077736 0.004851 -0.420166
v -0.077782 0.081161 -0.252563
v -0.077835 -0.008016 -0.392853
v -0.078041 0.052830 -0.146255
v -0.078308 0.049599 -0.132858
v -0.078323 0.066673 -0.375000
v -0.078331 -0.115410 0.102310
v -0.078438 0.057453 -0.164505
v -0.078445 -0.109970 0.157669
v -0.078461 0.063812 -0.187332
v -0.078583 0.068642 -0.403381
v -0.078667 -0.115074 0.130386
v -0.078712 0.060860 -0.177200
v -0.078941 0.041302 -0.099281
v -0.079224 0.067528 -0.203369
v -0.079300 0.068039 -0.376404
v -0.079346 -0.104561 0.158142
v -0.079391 0.078423 -0.315338
v -0.079460 0.076668 -0.314697
v -0.079475 0.037643 -0.417114
v -0.079758 -0.111504 0.153259
v -0.079803 0.046249 -0.120956
v -0.079857 0.052189 -0.145096
v -0.080040 0.054985 -0.156616
v -0.080048 -0.101181 0.153732
v -0.080208 0.049595 -0.135376
v -0.080215 0.064438 -0.192245
v -0.080254 -0.107933 -0.102173
v -0.080292 0.034729 -0.082008
v -0.080315 0.060734 -0.179199
v -0.080437 0.064819 -0.374390
v -0.080437 0.077698 -0.313293
v -0.080559 0.068840 -0.216766
v -0.080574 0.057110 -0.166245
v -0.080627 -0.109077 0.149200
v -0.080750 0.058514 -0.409668
v -0.080772 -0.076370 0.122154
v -0.080856 0.000118 -0.389801
v -0.080894 -0.002092 -0.389069
v -0.080925 0.038792 -0.096260
v -0.080940 -0.119537 0.007658
v -0.080986 -0.028530 -0.353516
v -0.080994 -0.068657 0.118401
v -0.081032 -0.027468 0.062874
v -0.081055 -0.114838 -0.051346
v -0.081062 -0.104584 0.149246
v -0.081078 -0.113541 0.116356
v -0.081078 -0.115952 0.060257
v -0.081093 -0.096436 -0.154846
v -0.081100 -0.089348 0.120598
v -0.081154 -0.111450 -0.073776
v -0.081215 -0.114861 0.104446
v -0.081261 -0.079956 -0.223175
v -0.081276 0.043030 -0.112907
v -0.081284 0.077225 -0.272156
v -0.081291 0.003254 -0.006171
v -0.081314 -0.055202 -0.297852
v -0.081383 -0.117523 -0.021784
v -0.081390 0.060101 -0.180450
v -0.081413 0.014973 -0.418121
v -0.081413 -0.046638 -0.318512
v -0.081444 -0.046078 0.093506
v -0.081451 -0.057892 0.108246
v -0.081451 -0.086754 -0.195892
v -0.081528 -0.072746 -0.245590
v -0.081535 0.048256 -0.134644
v -0.081619 -0.107346 0.154022
v -0.081635 0.060577 -0.405945
v -0.081635 -0.102058 -0.123810
v -0.081673 0.051308 -0.147827
v -0.081703 -0.117599 0.032722
v -0.081863 0.072365 -0.237656
v -0.081917 0.055202 -0.164474
v -0.081947 -0.039303 -0.331848
v -0.082001 -0.016531 -0.366882
v -0.082031 0.000891 -0.391113
v -0.082085 -0.037556 0.077156
v -0.082169 0.062073 -0.377167
v -0.082253 0.058468 -0.376862
v -0.082420 0.074814 -0.316071
v -0.082497 -0.111252 0.071617
v -0.082512 0.041744 -0.415009
v -0.082756 -0.013268 0.025736
v -0.082832 0.031464 -0.416748
v -0.083191 0.071548 -0.315491
v -0.083405 -0.112564 0.097565
v -0.083427 -0.112495 0.084641
v -0.083435 0.069618 -0.335144
v -0.083458 0.007005 -0.388489
v -0.083710 0.073380 -0.314117
v -0.084145 0.041813 -0.413239
v -0.084167 0.049168 -0.409363
v -0.084251 0.027271 -0.414032
v -0.084419 0.009004 -0.031441
v -0.084991 0.008088 -0.387177
v -0.085052 0.012206 -0.389740
v -0.085152 -0.108223 0.049973
v -0.085243 0.052685 -0.377106
v -0.085251 0.047497 -0.379211
v -0.085358 -0.101379 -0.096405
v -0.085388 0.037880 -0.411346
v -0.085571 0.051674 -0.379395
v -0.085785 -0.090492 -0.150955
v -0.085793 -0.049324 -0.293976
v -0.085823 0.061199 -0.211273
v -0.085831 -0.032257 0.051155
v -0.085960 0.072380 -0.255768
v -0.086029 -0.107712 0.084709
v -0.086082 -0.106033 -0.057430
v -0.086098 0.017256 -0.386139
v -0.086128 -0.031628 -0.330627
v -0.086136 -0.070801 -0.229004
v -0.086197 -0.053646 0.078911
v -0.086197 -0.080284 -0.193329
v -0.086220 -0.022730 -0.344696
v -0.086235 -0.110001 0.076569
v -0.086258 0.017595 -0.060051
v -0.086296 0.012883 -0.386383
v -0.086319 -0.094879 -0.124657
v -0.086319 -0.109398 0.063217
v -0.086426 -0.102371 -0.078987
v -0.086449 -0.108917 0.017122
v -0.086456 -0.063286 -0.250732
v -0.086533 -0.065422 0.084976
v -0.086563 0.036983 -0.381500
v -0.086594 -0.041470 -0.309357
v -0.086601 -0.012493 -0.356903
v -0.086617 -0.089211 0.084969
v -0.086739 -0.106407 -0.043835
v -0.086845 0.068825 -0.315247
v -0.086914 0.066696 -0.239502
v -0.086929 -0.108223 -0.008418
v -0.086967 0.021954 -0.386658
v -0.086975 -0.023829 0.030594
v -0.087006 -0.041801 0.060863
v -0.087006 -0.075523 0.083763
v -0.087006 -0.106117 0.037128
v -0.087242 0.064537 -0.331268
v -0.087288 -0.106834 -0.026192
v -0.087334 -0.006464 -0.005822
v -0.087379 0.019016 -0.385132
v -0.087379 0.040825 -0.381805
v -0.087547 -0.107620 0.071754
v -0.087555 0.041149 -0.379883
v -0.087631 0.029060 -0.383545
v -0.087746 0.066849 -0.317139
v -0.087845 -0.003162 -0.362946
v -0.087975 -0.107895 0.054153
v -0.088120 0.068848 -0.272736
v -0.088158 -0.094330 0.073517
v -0.088219 -0.101013 0.070549
v -0.088326 0.030167 -0.382416
v -0.088539 0.060177 -0.337250
v -0.088860 0.063133 -0.316895
v -0.088860 -0.088608 0.069969
v -0.088867 -0.103531 0.020298
v -0.088890 -0.102547 0.065125
v -0.089073 0.006907 -0.367523
v -0.089294 0.022469 -0.376007
v -0.089470 -0.100845 0.060852
v -0.089561 -0.105637 0.055977
v -0.089684 0.061924 -0.324310
v -0.089745 -0.087708 0.063744
v -0.089783 -0.105980 0.047367
v -0.090027 -0.095894 0.057999
v -0.090096 -0.104912 0.033722
v -0.090157 -0.090584 0.059441
v -0.090294 0.016472 -0.367706
v -0.090675 0.025131 -0.377655
v -0.090919 -0.092438 0.071442
v -0.090981 -0.100044 0.001695
v -0.091003 0.054985 -0.337219
v -0.091057 0.022915 -0.093300
v -0.091057 0.062958 -0.302460
v -0.091133 -0.053211 0.051155
v -0.091240 -0.041172 -0.288086
v -0.091255 -0.085175 -0.131638
v -0.091301 -0.102303 0.046219
v -0.091347 -0.083794 0.053837
v -0.091370 -0.103966 0.031494
v -0.091393 0.060604 -0.316406
v -0.091415 0.063919 -0.280396
v -0.091431 0.033901 -0.133194
v -0.091484 -0.070755 0.055519
v -0.091560 -0.057671 -0.240295
v -0.091583 -0.035702 0.029022
v -0.091591 -0.103706 0.039070
v -0.091606 -0.075035 -0.176910
v -0.091621 0.046909 -0.351654
v -0.091629 0.012447 -0.358978
v -0.091629 0.041054 -0.162460
v -0.091637 -0.079323 -0.157532
v -0.091667 -0.093559 -0.075325
v -0.091675 -0.061821 0.052608
v -0.091682 -0.036388 -0.297150
v -0.091690 -0.007137 -0.021584
v -0.091728 -0.087372 -0.114403
v -0.091736 -0.090385 -0.096230
v -0.091759 0.064262 -0.329071
v -0.091782 -0.010427 -0.339600
v -0.091782 -0.031681 -0.306641
v -0.091789 0.064796 -0.255768
v -0.091827 0.060547 -0.241089
v -0.091858 0.026838 -0.109383
v -0.091927 0.048820 -0.193985
v -0.091934 -0.096466 -0.048828
v -0.091942 -0.023863 -0.320038
v -0.091942 -0.065285 -0.212830
v -0.091957 -0.050308 -0.259308
v -0.092003 -0.042782 0.035896
v -0.092018 0.004622 -0.050140
v -0.092094 -0.102333 0.018137
v -0.092216 0.058239 -0.318787
v -0.092224 -0.089378 0.064537
v -0.092255 -0.096642 0.071045
v -0.092285 -0.016731 -0.005053
v -0.092293 0.063667 -0.333069
v -0.092644 -0.099525 0.067513
v -0.092644 -0.099976 0.063721
v -0.092651 -0.096848 -0.015176
v -0.092690 -0.027021 0.010392
v -0.092773 0.056175 -0.323517
v -0.092857 0.059830 -0.336670
v -0.092941 -0.090668 0.067482
v -0.092972 -0.097305 0.061378
v -0.092972 -0.102005 0.024466
v -0.092995 0.051449 -0.333405
v -0.093079 -0.100151 0.030870
v -0.093094 0.017849 -0.369354
v -0.093399 0.013939 -0.078850
v -0.093430 0.035542 -0.355621
v -0.093506 -0.001963 -0.339752
v -0.093681 -0.094444 -0.027575
v -0.093689 0.008990 -0.346375
v -0.093689 -0.093254 0.061867
v -0.093826 0.051922 -0.327728
v -0.093834 -0.072189 0.037712
v -0.093872 0.051746 -0.318787
v -0.093987 -0.081902 0.033031
v -0.094101 0.003840 -0.340820
v -0.094170 -0.098961 0.000666
v -0.094421 0.062168 -0.327393
v -0.094437 -0.035149 0.012921
v -0.094475 -0.099388 0.014481
v -0.094490 -0.095642 0.065651
v -0.094597 0.052773 -0.317810
v -0.094734 -0.091316 -0.042938
v -0.094955 -0.003982 -0.331726
v -0.095093 0.055088 -0.334381
v -0.095215 -0.096718 -0.011556
v -0.095276 0.013417 -0.359863
v -0.095383 -0.088455 -0.056561
v -0.095421 -0.010396 -0.323181
v -0.095734 -0.097160 -0.000752
v -0.095764 -0.015031 -0.316010
v -0.095795 -0.080978 -0.104538
v -0.095879 -0.052361 0.020792
v -0.095985 -0.019497 -0.308868
v -0.095985 -0.032104 -0.284393
v -0.096008 -0.095184 0.005092
v -0.096039 0.005755 -0.341400
v -0.096046 -0.023762 -0.301147
v -0.096054 -0.051136 -0.232803
v -0.096146 -0.094170 -0.024973
v -0.096184 0.059475 -0.333008
v -0.096199 -0.026775 -0.294525
v -0.096199 -0.086876 -0.059021
v -0.096298 0.057007 -0.254486
v -0.096321 0.047215 -0.320526
v -0.096367 -0.002244 -0.053120
v -0.096375 0.031467 -0.343048
v -0.096375 -0.071228 -0.153381
v -0.096443 -0.061707 -0.192719
v -0.096466 0.041924 -0.320587
v -0.096474 -0.030045 -0.286804
v -0.096504 -0.023745 -0.013361
v -0.096519 -0.084709 -0.068710
v -0.096565 0.009490 -0.348328
v -0.096596 -0.000949 -0.334717
v -0.096657 -0.055023 -0.216141
v -0.096695 -0.034847 -0.274017
v -0.096817 -0.041637 0.006855
v -0.096825 -0.059654 0.016794
v -0.096870 0.011195 -0.351196
v -0.096909 -0.070168 0.014612
v -0.096954 0.056068 -0.329224
v -0.096985 0.023491 -0.125443
v -0.097176 -0.093910 -0.013579
v -0.097206 -0.033726 -0.275635
v -0.097244 0.044304 -0.319183
v -0.097244 -0.091553 -0.038677
v -0.097260 -0.073135 -0.134750
v -0.097298 0.016323 -0.346375
v -0.097298 0.033550 -0.166321
v -0.097359 0.010096 -0.086380
v -0.097359 -0.089828 -0.004522
v -0.097389 0.007150 -0.338989
v -0.097404 -0.035889 -0.267853
v -0.097404 -0.078926 0.004464
v -0.097443 0.022890 -0.342834
v -0.097511 -0.080826 -0.081230
v -0.097534 0.052677 -0.284607
v -0.097557 0.045155 -0.212494
v -0.097565 0.055187 -0.261230
v -0.097649 -0.092789 -0.026245
v -0.097664 -0.013595 -0.036350
v -0.097710 -0.083374 -0.001593
v -0.097816 -0.091072 -0.010984
v -0.097862 -0.038174 -0.259247
v -0.097878 0.031921 -0.322388
v -0.097992 -0.032787 -0.009414
v -0.098030 -0.088753 -0.015076
v -0.098061 -0.078201 -0.091316
v -0.098122 0.015875 -0.105942
v -0.098175 0.005294 -0.337585
v -0.098175 0.011012 -0.342621
v -0.098221 0.008189 -0.340698
v -0.098221 0.039833 -0.320007
v -0.098236 -0.052376 0.004306
v -0.098244 -0.040798 -0.249481
v -0.098267 0.036934 -0.321899
v -0.098267 -0.078262 -0.004089
v -0.098289 0.039974 -0.322723
v -0.098289 0.047974 -0.297394
v -0.098351 -0.076050 -0.100533
v -0.098396 -0.085686 -0.016787
v -0.098503 -0.045162 -0.001467
v -0.098610 -0.089088 -0.049885
v -0.098625 0.033546 -0.321899
v -0.098663 0.006200 -0.332916
v -0.098663 0.022560 -0.336273
v -0.098663 -0.060833 -0.177841
v -0.098747 -0.043793 -0.238113
v -0.098763 -0.089340 -0.029343
v -0.098785 -0.081940 -0.016668
v -0.098816 -0.060417 0.000164
v -0.098816 -0.083344 -0.070503
v -0.098824 -0.073891 -0.109451
v -0.098892 -0.076279 -0.010674
v -0.098900 -0.078979 -0.015313
v -0.099022 -0.045631 -0.230637
v -0.099106 0.011292 -0.336365
v -0.099197 -0.071671 -0.119720
v -0.099205 -0.089157 -0.038616
v -0.099220 0.022829 -0.324585
v -0.099220 -0.057095 -0.187042
v -0.099281 -0.054512 -0.197296
v -0.099312 0.050934 -0.269257
v -0.099327 -0.047600 -0.222229
v -0.099426 -0.082169 -0.027269
v -0.099434 0.005460 -0.329315
v -0.099434 0.017246 -0.333038
v -0.099449 0.032570 -0.321075
v -0.099449 -0.050819 -0.210159
v -0.099503 -0.068642 -0.132858
v -0.099579 -0.084442 -0.059921
v -0.099640 0.016533 -0.325989
v -0.099747 -0.052475 -0.202423
v -0.099762 -0.001513 -0.331787
v -0.099762 -0.062561 -0.159805
v -0.099770 0.030939 -0.323730
v -0.099785 -0.065506 -0.146866
v -0.099792 -0.060253 -0.170090
v -0.099846 -0.013109 -0.320251
v -0.099854 -0.055405 -0.190140
v -0.099930 -0.058281 -0.177887
v -0.100006 0.006427 -0.329041
v -0.100037 0.006599 -0.330383
v -0.100128 -0.065018 -0.014505
v -0.100136 0.024557 -0.325470
v -0.100174 0.015014 -0.327667
v -0.100204 -0.086960 -0.057148
v -0.100243 0.023598 -0.323669
v -0.100311 0.015285 -0.325653
v -0.100403 0.018932 -0.344604
v -0.100433 0.003994 -0.330597
v -0.100624 0.003888 -0.323608
v -0.100670 0.016335 -0.323395
v -0.100716 0.000366 -0.331726
v -0.100807 0.005639 -0.323456
v -0.100807 -0.008140 -0.325409
v -0.100815 -0.089394 -0.005894
v -0.101036 0.040871 -0.220596
v -0.101112 -0.025162 -0.037895
v -0.101318 -0.081123 -0.056629
v -0.101334 -0.060627 -0.167175
v -0.101349 -0.005770 -0.071114
v -0.101349 -0.086121 -0.003685
v -0.101387 -0.088486 -0.013566
v -0.101402 -0.023954 -0.303223
v -0.101418 -0.031879 -0.032074
v -0.101425 0.025574 -0.312408
v -0.101433 0.004138 -0.092468
v -0.101463 -0.066116 -0.143082
v -0.101479 0.018250 -0.335083
v -0.101479 0.045643 -0.249527
v -0.101570 0.044022 -0.275665
v -0.101570 -0.079849 -0.004883
v -0.101608 -0.041714 -0.025627
v -0.101631 0.012574 -0.339233
v -0.101677 -0.057816 -0.178955
v -0.101723 0.032524 -0.192719
v -0.101830 -0.061420 -0.163681
v -0.101906 0.001460 -0.312012
v -0.101913 0.009409 -0.109756
v -0.101944 0.021152 -0.338837
v -0.102013 -0.050621 -0.026808
v -0.102020 -0.065979 -0.039299
v -0.102036 0.020859 -0.341644
v -0.102104 0.003460 -0.311523
v -0.102211 -0.074577 -0.058460
v -0.102219 -0.079384 -0.012815
v -0.102234 -0.062347 -0.159195
v -0.102272 0.016914 -0.137604
v -0.102280 0.038357 -0.285278
v -0.102318 -0.018480 -0.313202
v -0.102318 -0.083160 -0.003748
v -0.102348 0.014551 -0.342926
v -0.102356 -0.050571 -0.209930
v -0.102371 -0.078293 -0.008550
v -0.102379 -0.016466 -0.058327
v -0.102425 -0.089287 -0.009765
v -0.102470 0.043938 -0.261078
v -0.102470 -0.083618 -0.014746
v -0.102493 -0.058578 -0.036263
v -0.102684 0.032974 -0.291840
v -0.102806 -0.007041 -0.077034
v -0.102821 -0.000044 -0.327240
v -0.102859 -0.087578 -0.006082
v -0.102875 0.015301 -0.337341
v -0.102989 -0.001343 -0.300110
v -0.103157 -0.078819 -0.083885
v -0.103195 -0.067955 -0.063866
v -0.103302 0.037300 -0.226837
v -0.103416 -0.066963 -0.138519
v -0.103470 -0.076477 -0.095001
v -0.103485 -0.014065 -0.317963
v -0.103516 -0.079994 -0.075623
v -0.103561 -0.080078 -0.071266
v -0.103607 -0.024733 -0.055920
v -0.103821 0.000289 -0.322784
v -0.103821 -0.003028 -0.292511
v -0.103836 0.000885 -0.317383
v -0.103836 0.021460 -0.294189
v -0.103836 -0.080978 -0.007104
v -0.103844 0.016165 -0.296570
v -0.103943 -0.040474 -0.250854
v -0.103958 0.008150 -0.295868
v -0.104042 -0.086143 -0.011932
v -0.104050 -0.004817 -0.324249
v -0.104103 -0.062206 -0.070084
v -0.104126 0.007203 -0.120323
v -0.104141 -0.030422 -0.054394
v -0.104202 -0.081154 -0.010820
v -0.104279 -0.085411 -0.007660
v -0.104408 -0.036724 -0.264923
v -0.104424 0.035118 -0.269165
v -0.104454 -0.037560 -0.052803
v -0.104462 0.037514 -0.250671
v -0.104500 -0.004620 -0.285797
v -0.104576 0.026154 -0.283783
v -0.104614 0.030115 -0.208801
v -0.104744 -0.078033 -0.068497
v -0.104836 -0.002117 -0.101364
v -0.104904 -0.052345 -0.064400
v -0.104919 -0.047092 -0.058750
v -0.105011 -0.058220 -0.075539
v -0.105042 -0.005605 -0.279602
v -0.105072 -0.018574 -0.074272
v -0.105171 -0.000360 -0.309692
v -0.105202 -0.068497 -0.065765
v -0.105225 0.017561 -0.167755
v -0.105270 -0.075447 -0.066086
v -0.105324 0.032631 -0.231552
v -0.105591 -0.006282 -0.279083
v -0.105652 -0.055374 -0.080734
v -0.105743 -0.040321 -0.065559
v -0.105759 -0.012000 -0.317780
v -0.105865 -0.007561 -0.272217
v -0.105904 -0.071838 -0.065948
v -0.105965 0.002737 -0.276917
v -0.106178 -0.012010 -0.093086
v -0.106247 0.030437 -0.255615
v -0.106255 0.005008 -0.134872
v -0.106300 -0.062889 -0.070557
v -0.106308 -0.052162 -0.088081
v -0.106346 0.024300 -0.269135
v -0.106468 -0.008048 -0.271973
v -0.106514 0.022636 -0.201218
v -0.106575 -0.077019 -0.089645
v -0.106590 -0.005083 -0.319885
v -0.106758 -0.009164 -0.267029
v -0.106819 -0.026756 -0.080399
v -0.106880 0.025793 -0.259613
v -0.106941 -0.010032 -0.260376
v -0.106979 -0.050213 -0.095444
v -0.107018 0.024858 -0.217392
v -0.107040 0.016586 -0.268829
v -0.107117 -0.052593 -0.087532
v -0.107231 -0.033138 -0.082054
v -0.107231 -0.049011 -0.099709
v -0.107315 -0.008021 -0.111465
v -0.107368 0.025885 -0.235413
v -0.107437 -0.040710 -0.088470
v -0.107498 0.015531 -0.187836
v -0.107506 0.009099 -0.265961
v -0.107506 -0.002556 -0.126755
v -0.107552 -0.071259 -0.118813
v -0.107635 -0.016253 -0.100456
v -0.107658 -0.012740 -0.250519
v -0.107689 -0.046570 -0.107399
v -0.107712 0.000344 -0.260254
v -0.107773 -0.010854 -0.259247
v -0.107925 -0.035572 -0.092972
v -0.107979 -0.042938 -0.106598
v -0.108002 -0.013986 -0.244965
v -0.108032 -0.011765 -0.315521
v -0.108063 -0.045074 -0.114235
v -0.108078 0.005565 -0.161545
v -0.108078 0.017878 -0.255737
v -0.108116 0.011863 -0.258789
v -0.108154 0.021061 -0.247192
v -0.108261 -0.043392 -0.121597
v -0.108345 0.018108 -0.212646
v -0.108398 -0.025520 -0.100853
v -0.108521 -0.065155 -0.070602
v -0.108574 -0.002656 -0.310394
v -0.108665 -0.013288 -0.237610
v -0.108673 -0.072746 -0.071404
v -0.108719 -0.015491 -0.238159
v -0.108727 -0.038780 -0.140656
v -0.108772 0.010454 -0.190781
v -0.108780 -0.017830 -0.228973
v -0.108864 -0.018984 -0.223694
v -0.108879 -0.000514 -0.246536
v -0.108887 -0.036758 -0.148178
v -0.108940 0.003428 -0.170532
v -0.108971 0.016508 -0.235718
v -0.109001 0.015425 -0.218201
v -0.109016 -0.030537 -0.114243
v -0.109062 0.011078 -0.245865
v -0.109062 -0.034260 -0.127090
v -0.109070 -0.020727 -0.215134
v -0.109093 -0.032818 -0.165024
v -0.109100 -0.012712 -0.127335
v -0.109138 -0.028898 -0.180862
v -0.109146 -0.005368 -0.314331
v -0.109146 -0.030458 -0.174927
v -0.109200 -0.022940 -0.205490
v -0.109215 -0.025782 -0.192764
v -0.109268 0.004954 -0.244064
v -0.109299 -0.035091 -0.156647
v -0.109360 -0.025126 -0.120277
v -0.109390 -0.005180 -0.151611
v -0.109688 -0.023188 -0.207520
v -0.109718 -0.032536 -0.168549
v -0.109741 -0.025324 -0.198517
v -0.109749 -0.010180 -0.220352
v -0.109779 -0.003244 -0.169403
v -0.109795 0.009151 -0.227661
v -0.109825 -0.015364 -0.140976
v -0.109840 -0.003247 -0.296997
v -0.109871 -0.022766 -0.163818
v -0.109894 -0.002890 -0.302094
v -0.109924 0.005489 -0.203323
v -0.109940 -0.022583 -0.146790
v -0.110016 -0.002636 -0.226151
v -0.110100 -0.013212 -0.199219
v -0.110184 -0.067421 -0.071739
v -0.110275 -0.009119 -0.176910
v -0.110321 -0.001449 -0.210770
v -0.111038 -0.019213 -0.224670
v -0.111130 -0.004896 -0.288269
v -0.111961 -0.006356 -0.281097
v -0.112183 -0.011942 -0.255768
v -0.112930 -0.054253 -0.081726
v -0.116646 -0.015860 -0.239426
v -0.119446 -0.008230 -0.273071
v -0.119514 -0.050137 -0.092934
v -0.120277 -0.011973 -0.256592
v -0.121758 -0.023386 -0.207886
s 1
f 1007 1046 3250
f 1046 1007 1081
f 1081 1007 1010
f 1081 1010 1070
f 1010 1007 3239
f 3239 1007 3250
f 1070 1010 980
f 3250 1046 3255
f 3255 1046 1042
f 1070 980 1035
f 1070 1035 1107
f 980 1010 3242
f 3242 1010 3239
f 1107 1035 1071
f 1035 980 3217
f 3217 980 3242
f 1071 1035 1045
f 1071 1045 1098
f 1098 1045 1123
f 1123 1045 1109
f 1045 1035 991
f 991 1035 3217
f 1109 1045 1047
f 1045 991 963
f 1045 963 1047
f 991 3217 3280
f 991 3280 963
f 1109 1047 1077
f 1109 1077 1167
f 1167 1077 1083
f 1167 1083 1173
f 1077 1047 1005
f 1077 1005 1083
f 938 1047 963
f 1047 938 1005
f 938 963 3318
f 3318 963 3280
f 1005 938 3216
f 1005 3216 1083
f 938 3318 3313
f 938 3313 3216
f 1083 3216 1002
f 1080 1173 1083
f 1080 1083 1002
f 1173 1080 1159
f 1002 3216 3252
f 3252 3216 3313
f 1159 1080 1085
f 1159 1085 1093
f 1080 1002 1014
f 1080 1014 1085
f 1002 3252 3286
f 1002 3286 1014
f 3252 3313 3402
f 3252 3402 3286
f 1085 1014 997
f 1085 997 1093
f 1014 3286 3269
f 1014 3269 997
f 3269 3286 3367
f 3367 3286 3402
f 3269 3367 3422
f 3367 3402 3449
f 3367 3449 3422
f 3449 3402 3453
f 3449 3453 3501
f 3453 3402 3404
f 3404 3402 3313
f 3453 3404 3474
f 3404 3313 3318
f 3474 3404 3396
f 3396 3404 3318
f 3474 3396 3454
f 3396 3318 3280
f 3454 3396 3399
f 3399 3396 3280
f 3454 3399 3456
f 3456 3399 3407
f 3407 3399 3280
f 3407 3280 3305
f 3305 3280 3217
f 3407 3305 3319
f 3319 3305 3217
f 3407 3319 3398
f 3319 3217 3242
f 3398 3319 3333
f 3333 3319 3242
f 3398 3333 3411
f 3398 3411 3455
f 3333 3242 3324
f 3333 3324 3411
f 3324 3242 3239
f 3411 3324 3342
f 3342 3324 3239
f 3411 3342 3421
f 3342 3239 3250
f 3421 3342 3401
f 3342 3250 3340
f 3342 3340 3401
f 3340 3250 3255
f 3401 3340 3346
f 3401 3346 3394
f 3394 3346 3345
f 3346 3340 3260
f 3346 3260 3345
f 3260 3340 3255
f 3345 3260 3240
f 3345 3240 3325
f 3260 3255 999
f 999 3255 1042
f 999 1042 1067
f 999 1067 1029
f 999 1029 3260
f 3260 1029 3240
f 3240 1029 1008
f 3240 1008 3220
f 1127 1081 1070
f 1127 1070 1107
f 1081 1127 1150
f 1127 1107 1162
f 1081 1150 1119
f 1081 1119 1046
f 1046 1119 1042
f 1042 1119 1067
f 1162 1107 1133
f 1067 1119 1111
f 1162 1133 1177
f 1111 1119 1136
f 1133 1107 1071
f 1133 1071 1098
f 1177 1133 1175
f 1133 1098 1123
f 1133 1123 1175
f 1175 1123 1197
f 1197 1123 1109
f 1197 1109 1167
f 1102 1111 1136
f 1111 1102 1067
f 1102 1136 1132
f 1067 1102 1029
f 1029 1102 1076
f 1076 1102 1132
f 1029 1076 1008
f 1076 1132 1118
f 1118 1132 1160
f 1008 1076 1069
f 1069 1076 1118
f 1008 1069 3220
f 1118 1160 1129
f 1118 1129 1069
f 3220 1069 1024
f 1069 1129 1079
f 1069 1079 1024
f 1079 1129 1140
f 1140 1129 1176
f 1140 1176 1178
f 1024 1079 1009
f 1024 1009 3264
f 1079 1140 1106
f 1079 1106 1009
f 1140 1178 1151
f 1140 1151 1106
f 1151 1178 1205
f 1009 1106 1099
f 1099 1106 1151
f 1009 1099 984
f 1151 1205 1170
f 1151 1170 1099
f 1170 1205 1236
f 1099 1170 1104
f 1170 1236 1195
f 1170 1195 1104
f 1104 1195 1120
f 3421 3401 3447
f 3447 3401 3394
f 3421 3447 3457
f 3421 3457 3411
f 3411 3457 3455
f 3447 3394 3443
f 3443 3394 3418
f 3443 3418 3462
f 3418 3394 3345
f 3462 3418 3439
f 3418 3345 3325
f 3418 3325 3370
f 3418 3370 3439
f 3370 3325 3220
f 3439 3370 3433
f 3439 3433 3480
f 3433 3370 3334
f 3334 3370 3264
f 3480 3433 3461
f 3433 3334 3413
f 3433 3413 3461
f 3413 3334 3314
f 3413 3314 3408
f 3413 3408 3461
f 3480 3461 3482
f 3482 3461 3408
f 3482 3408 3459
f 3459 3408 3383
f 3482 3459 3496
f 3496 3459 3468
f 3482 3496 3553
f 3496 3468 3561
f 3496 3561 3553
f 3407 3398 3455
f 3407 3455 3456
f 3456 3455 3513
f 3455 3457 3494
f 3494 3457 3447
f 3455 3494 3502
f 3455 3502 3513
f 3494 3447 3479
f 3479 3447 3443
f 3494 3479 3560
f 3479 3443 3506
f 3479 3506 3560
f 3506 3443 3462
f 3579 3502 3494
f 3579 3494 3560
f 3502 3579 3592
f 3502 3592 3513
f 3579 3560 3672
f 3579 3672 3592
f 3506 3462 3495
f 3495 3462 3439
f 3495 3439 3480
f 3506 3495 3565
f 3506 3565 3560
f 3495 3480 3515
f 3495 3515 3565
f 3515 3480 3482
f 3515 3482 3553
f 3515 3553 3586
f 3586 3553 3561
f 3586 3561 3569
f 3515 3586 3572
f 3515 3572 3565
f 3586 3569 3595
f 3648 3560 3565
f 3572 3586 3614
f 3614 3586 3595
f 3560 3648 3672
f 3565 3572 3652
f 3572 3614 3635
f 3572 3635 3652
f 3635 3614 3623
f 3623 3614 3595
f 3565 3652 3641
f 3565 3641 3648
f 3641 3652 3688
f 3641 3688 3648
f 3652 3635 3662
f 3635 3623 3645
f 3635 3645 3662
f 3645 3623 3617
f 3617 3623 3595
f 3662 3645 3655
f 3655 3645 3617
f 3652 3662 3681
f 3681 3662 3655
f 3652 3681 3688
f 3617 3595 3600
f 3655 3617 3631
f 3631 3617 3600
f 3681 3655 3690
f 3690 3655 3631
f 3688 3681 3696
f 3696 3681 3690
f 3688 3696 3701
f 3688 3701 3648
f 3701 3696 3708
f 3708 3696 3690
f 3648 3701 3713
f 3713 3701 3708
f 3708 3690 3720
f 3708 3720 3713
f 3648 3713 3706
f 3648 3706 3672
f 3706 3713 3731
f 3731 3713 3729
f 3729 3713 3720
f 3706 3731 3755
f 3731 3729 3744
f 3731 3744 3755
f 3729 3720 3750
f 3729 3750 3744
f 3725 3672 3706
f 3725 3706 3755
f 3755 3744 3757
f 3757 3744 3750
f 3725 3755 3727
f 3672 3725 3676
f 3676 3725 3727
f 3672 3676 3592
f 3755 3757 3780
f 3755 3780 3727
f 3592 3676 3581
f 3592 3581 3513
f 3676 3727 3739
f 3739 3727 3749
f 3749 3727 3768
f 3768 3727 3780
f 3768 3780 3786
f 3786 3780 3788
f 3786 3788 3799
f 3788 3780 3777
f 3788 3777 3799
s 0
f 3777 3780 3757
s 1
f 3799 3777 3800
f 3777 3757 3750
f 3777 3750 3800
f 3800 3750 3759
s 0
f 3800 3759 3798
f 3798 3759 3793
s 1
f 3759 3750 3728
f 3728 3750 3720
f 3793 3759 3778
f 3793 3778 3790
f 3790 3778 3792
f 3790 3792 3802
f 3802 3792 3828
f 3792 3778 3785
f 3792 3785 3828
f 3778 3759 3760
f 3778 3760 3785
f 3828 3785 3787
f 3787 3785 3760
f 3828 3787 3855
f 3760 3759 3752
f 3760 3752 3787
f 3855 3787 3769
f 3769 3787 3752
f 3855 3769 3888
f 3752 3759 3733
f 3769 3752 3742
f 3742 3752 3733
f 3888 3769 3767
f 3767 3769 3742
f 3888 3767 3801
f 3888 3801 3935
f 3767 3742 3734
f 3767 3734 3801
f 3734 3742 3733
s 0
f 3759 3728 3733
s 1
f 3801 3734 3722
f 3801 3722 3723
f 3801 3723 3823
f 3823 3723 3776
f 3776 3723 3647
f 3776 3647 3651
f 3651 3647 3540
f 3540 3647 3532
f 3647 3723 3689
f 3647 3689 3532
f 3689 3723 3722
f 3689 3722 3705
f 3705 3722 3734
f 3689 3705 3663
f 3689 3663 3591
f 3583 3532 3591
f 3591 3663 3665
f 3591 3665 3583
f 3665 3663 3705
f 3583 3665 3650
f 3716 3705 3734
f 3716 3734 3733
f 3665 3705 3693
f 3693 3705 3716
f 3665 3693 3650
f 3583 3650 3574
f 3693 3716 3711
f 3711 3716 3733
f 3650 3693 3670
f 3574 3650 3634
f 3634 3650 3670
f 3574 3634 3552
f 3552 3634 3587
f 3587 3634 3627
f 3627 3634 3670
f 3587 3627 3567
f 3683 3670 3693
f 3683 3693 3711
f 3627 3670 3630
f 3627 3630 3567
f 3630 3670 3683
f 3567 3630 3601
f 3630 3683 3637
f 3630 3637 3601
f 3683 3711 3687
f 3601 3637 3622
f 3601 3622 3596
f 3637 3683 3671
f 3637 3671 3622
f 3671 3683 3687
s 0
f 3687 3711 3715
f 3715 3711 3733
f 3715 3733 3728
s 1
f 3687 3715 3697
f 3697 3715 3728
f 3671 3687 3675
f 3675 3687 3697
f 3649 3622 3671
f 3649 3671 3675
f 3622 3649 3613
f 3622 3613 3596
f 3697 3728 3698
s 0
f 3698 3728 3720
f 3698 3720 3690
s 1
f 3697 3698 3680
f 3697 3680 3675
s 0
f 3698 3690 3674
f 3698 3674 3680
s 1
f 3674 3690 3631
f 3680 3674 3632
f 3632 3674 3631
f 3675 3680 3624
f 3624 3680 3632
f 3632 3631 3606
f 3632 3606 3624
f 3606 3631 3608
f 3608 3631 3600
f 3606 3608 3556
f 3556 3608 3600
f 3675 3624 3626
f 3675 3626 3649
f 3624 3606 3594
f 3649 3626 3615
f 3649 3615 3613
f 3594 3606 3557
f 3557 3606 3556
f 3624 3594 3575
f 3613 3615 3597
f 3613 3597 3596
f 3596 3597 3547
f 3547 3597 3582
f 3582 3597 3615
f 3582 3615 3593
f 3593 3615 3626
f 3582 3593 3545
f 3611 3626 3624
f 3626 3611 3593
f 3611 3624 3575
f 3545 3593 3563
f 3563 3593 3611
f 3563 3611 3575
f 3545 3563 3497
f 3497 3563 3508
f 3508 3563 3575
f 3508 3575 3527
f 3527 3575 3594
f 3527 3594 3557
f 3527 3557 3486
f 3527 3486 3472
f 3486 3557 3556
f 3486 3556 3492
f 3486 3492 3450
f 3492 3556 3554
f 3492 3554 3512
f 3554 3556 3600
f 3512 3554 3548
f 3548 3554 3600
f 3512 3548 3517
f 3548 3600 3595
f 3517 3548 3537
f 3548 3595 3569
f 3548 3569 3537
f 1150 1180 1119
f 1119 1180 1136
f 1180 1150 1184
f 1184 1150 1127
f 1184 1127 1162
f 1136 1180 1216
f 1180 1184 1245
f 1180 1245 1216
f 1245 1184 1242
f 1242 1184 1162
f 1242 1162 1221
f 1221 1162 1177
f 1221 1177 1175
f 1221 1175 1237
f 1237 1175 1197
f 1245 1242 1315
f 1242 1221 1332
f 1242 1332 1315
f 1221 1237 1309
s 0
f 1221 1309 1332
s 1
f 1237 1197 1304
f 1237 1304 1309
f 1332 1309 1371
f 1371 1309 1304
f 1332 1371 1383
f 1332 1383 1315
f 1267 1245 1315
f 1245 1267 1216
f 1267 1315 1361
f 1216 1267 1270
f 1270 1267 1361
f 1361 1315 1393
f 1393 1315 1383
f 1270 1361 1367
f 1367 1361 1393
f 1216 1270 1196
f 1270 1367 1288
f 1270 1288 1244
f 1270 1244 1196
f 1288 1367 1336
f 1288 1336 1244
f 1216 1196 1172
f 1216 1172 1136
f 1136 1172 1132
f 1132 1172 1160
f 1160 1172 1196
f 1214 1196 1244
f 1196 1214 1160
f 1214 1244 1248
f 1160 1214 1190
f 1190 1214 1248
f 1160 1190 1129
f 1129 1190 1176
f 1176 1190 1222
f 1222 1190 1248
f 1176 1222 1178
f 1178 1222 1205
f 1205 1222 1239
f 1222 1248 1291
f 1222 1291 1239
f 1205 1239 1252
f 1252 1239 1291
f 1205 1252 1236
f 1236 1252 1238
f 1252 1291 1276
f 1252 1276 1238
f 1317 1291 1248
f 1276 1291 1295
f 1295 1291 1317
f 1295 1317 1323
f 1276 1295 1318
f 1318 1295 1326
f 1238 1276 1286
f 1286 1276 1318
f 1323 1317 1340
f 1323 1340 1345
f 1345 1340 1356
f 1340 1317 1320
f 1340 1320 1356
f 1320 1317 1248
f 1320 1248 1244
f 1356 1320 1365
f 1320 1244 1336
f 1365 1320 1380
f 1365 1380 1408
f 1365 1408 1370
f 1380 1320 1375
f 1375 1320 1336
f 1380 1375 1399
f 1408 1380 1419
f 1399 1375 1412
f 1370 1408 1379
f 1370 1379 1355
f 1408 1419 1385
f 1408 1385 1379
f 1431 1419 1412
f 1419 1431 1385
f 1412 1375 1429
f 1429 1375 1336
f 1431 1412 1424
f 1424 1412 1429
f 1431 1424 1449
f 1424 1429 1442
f 1424 1442 1449
f 1429 1336 1448
f 1429 1448 1442
f 1442 1448 1453
f 1449 1442 1456
f 1449 1456 1464
f 1453 1448 1462
f 1448 1336 1416
f 1448 1416 1462
f 1416 1336 1367
f 1453 1462 1467
f 1462 1416 1500
f 1500 1416 1367
f 1467 1462 1484
f 1484 1462 1500
f 1482 1464 1467
f 1482 1467 1484
f 1464 1482 1466
f 1464 1466 1449
f 1482 1484 1503
f 1482 1503 1466
f 1503 1484 1514
f 1449 1466 1452
f 1449 1452 1431
f 1466 1503 1495
f 1495 1503 1514
s 0
f 1466 1495 1452
s 1
f 1431 1452 1385
s 0
f 1452 1495 1497
f 1385 1452 1360
s 1
f 1495 1514 1545
s 0
f 1495 1545 1497
s 1
f 1509 1514 1484
f 1509 1484 1500
f 1514 1509 1527
f 1509 1500 1522
f 1509 1522 1527
f 1522 1500 1531
f 1531 1500 1367
f 1531 1367 1393
f 1514 1527 1530
f 1514 1530 1545
f 1527 1522 1548
f 1527 1548 1530
f 1522 1531 1533
f 1522 1533 1548
f 1531 1393 1555
f 1531 1555 1533
f 1555 1393 1540
f 1540 1393 1383
f 1530 1548 1567
f 1567 1548 1533
f 1530 1567 1586
s 0
f 1530 1586 1545
s 1
f 1567 1533 1563
f 1563 1533 1555
f 1567 1563 1585
f 1567 1585 1586
f 1563 1555 1575
f 1575 1555 1540
f 1585 1563 1583
f 1583 1563 1575
f 1586 1585 1599
f 1599 1585 1583
f 1583 1575 1589
f 1589 1575 1540
f 1583 1589 1599
f 1599 1589 1604
f 1604 1589 1576
f 1589 1540 1516
f 1589 1516 1576
f 1516 1540 1383
f 1576 1516 1508
f 1508 1516 1383
f 1576 1508 1549
f 1508 1383 1371
f 1549 1508 1537
f 1508 1371 1479
f 1508 1479 1537
f 1537 1479 1534
f 1534 1479 1552
f 1479 1371 1304
f 1552 1479 1584
f 1479 1304 1477
f 1479 1477 1584
f 1627 1638 1584
f 1627 1584 1629
f 1629 1584 1477
f 1629 1477 1612
f 1477 1304 1352
f 1612 1477 1441
f 1441 1477 1352
f 1612 1441 1572
f 1572 1441 1398
f 1398 1441 1352
f 1612 1572 1592
f 1612 1592 1632
f 1632 1592 1579
f 1632 1579 1694
f 1592 1572 1554
f 1554 1572 1398
f 1592 1554 1550
f 1550 1554 1532
f 1694 1579 1628
f 1532 1554 1392
f 1392 1554 1398
f 1532 1392 1492
f 1492 1392 1418
f 1392 1398 1321
f 1694 1628 1801
f 1321 1398 1289
f 1321 1289 1193
f 1289 1398 1352
f 1193 1289 1229
f 1229 1289 1352
f 1193 1229 1159
f 1159 1229 1173
f 1229 1352 1234
f 1229 1234 1173
f 1234 1352 1304
f 1173 1234 1167
f 1234 1304 1197
f 1234 1197 1167
f 1470 1628 1579
f 1628 1470 1490
f 1490 1470 1404
f 1628 1490 1721
f 1628 1721 1762
f 1628 1762 1801
f 1801 1762 1871
f 1762 1721 1833
f 1762 1833 1871
f 1833 1721 1807
f 1871 1833 1905
f 1905 1833 1947
f 1833 1807 1933
f 1947 1833 1976
f 1976 1833 1933
f 1947 1976 2011
f 2011 1976 2112
f 1976 1933 2015
f 2015 1933 1943
f 1943 1933 1840
f 1976 2015 2077
f 1976 2077 2112
f 2112 2077 2122
f 2122 2077 2125
f 2125 2077 2055
f 2125 2055 2157
f 2157 2055 2248
f 2248 2055 2194
f 2248 2194 2295
f 2194 2055 2001
f 2001 2055 1991
s 0
f 2194 2001 2116
s 1
f 2295 2194 2288
f 2288 2194 2116
f 2295 2288 2338
f 2338 2288 2421
f 2288 2116 2235
f 2421 2288 2503
f 2288 2235 2434
f 2288 2434 2503
f 2434 2235 2359
f 2503 2434 2565
f 2434 2359 2496
f 2565 2434 2624
f 2624 2434 2597
f 2597 2434 2496
f 2624 2597 2684
f 2597 2496 2634
f 2597 2634 2684
f 2634 2496 2462
f 2684 2634 2757
f 2634 2462 2603
f 2757 2634 2778
f 2778 2634 2715
f 2715 2634 2603
f 2778 2715 2833
f 2715 2603 2727
f 2727 2603 2629
f 2833 2715 2820
s 0
f 2820 2715 2727
s 1
f 2833 2820 2851
f 2851 2820 2886
f 2820 2727 2831
f 2820 2831 2886
f 2831 2727 2683
f 2831 2683 2791
f 2886 2831 2892
f 2892 2831 2791
f 2886 2892 2922
f 2922 2892 2924
f 2922 2924 2937
f 2892 2791 2857
f 2892 2857 2924
f 2857 2791 2829
f 2924 2857 2930
f 2930 2857 2898
f 2898 2857 2829
f 2930 2898 2949
f 2949 2898 2969
f 2969 2898 2990
f 2990 2898 2938
f 2990 2938 3001
f 2898 2829 2878
f 2898 2878 2938
f 2878 2829 2795
f 3001 2938 3009
f 3009 2938 2992
f 3009 2992 3027
f 3027 2992 3025
f 3025 2992 3030
f 2878 2795 2858
f 2858 2795 2818
f 2914 2938 2878
f 2938 2914 2992
f 2914 2878 2858
f 2858 2818 2863
f 2858 2863 2914
f 2957 3030 2992
f 2957 2992 2914
f 3030 2957 3024
f 2914 2863 2888
f 2914 2888 2957
f 2888 2863 2793
f 3024 2957 3022
f 2888 2793 2803
f 3022 2957 2947
f 3022 2947 3028
f 2957 2888 2885
f 2885 2888 2803
f 2957 2885 2947
f 2885 2803 2826
f 3028 2947 3026
s 0
f 2885 2826 2890
f 2885 2890 2947
s 1
f 2890 2826 2809
f 3026 2947 2950
f 2950 2947 2890
f 3026 2950 3017
f 3017 2950 3011
f 2890 2809 2864
f 2890 2864 2950
f 2864 2809 2798
f 3011 2950 2952
f 2952 2950 2864
f 3011 2952 3007
f 3007 2952 3000
f 2952 2864 2905
f 2905 2864 2798
f 2952 2905 3000
f 3000 2905 2991
f 2905 2798 2811
f 2991 2905 2975
f 2905 2811 2870
f 2905 2870 2975
f 2975 2870 2967
f 2967 2870 2959
s 0
f 2870 2811 2792
s 1
f 2959 2870 2955
f 2870 2792 2788
f 2788 2792 2713
f 2955 2870 2860
f 2860 2870 2788
f 2955 2860 2953
f 2953 2860 2956
f 2860 2788 2787
f 2787 2788 2705
f 2787 2705 2735
f 2860 2787 2869
f 2860 2869 2956
f 2787 2735 2781
f 2787 2781 2869
f 2781 2735 2690
f 2781 2690 2724
f 2781 2724 2807
f 2781 2807 2869
f 2807 2724 2669
f 2882 2956 2869
f 2882 2869 2807
f 2956 2882 2963
f 2807 2669 2753
f 2963 2882 2964
f 2964 2882 2896
f 2896 2882 2807
f 2964 2896 2961
f 2807 2753 2806
f 2807 2806 2896
f 2806 2753 2783
f 2961 2896 2954
f 2954 2896 2928
f 2954 2928 2962
f 2896 2806 2852
f 2852 2806 2783
f 2896 2852 2928
f 2852 2783 2825
f 2928 2852 2899
f 2899 2852 2825
f 2899 2825 2877
f 2877 2825 2853
f 2877 2853 2855
f 2877 2855 2848
f 2877 2848 2900
f 2877 2900 2913
f 2900 2848 2837
f 2913 2900 2940
f 2900 2837 2894
f 2894 2837 2780
f 2894 2780 2912
f 2900 2894 2971
f 2971 2894 2912
f 2971 2912 2983
f 2983 2912 2926
f 2983 2926 2907
f 2971 2983 3036
f 2900 2971 2977
f 2977 2971 3036
f 2900 2977 2940
f 2977 3036 3057
f 3057 3036 3049
f 2940 2977 2994
f 2940 2994 2974
f 2974 2994 3005
f 2994 2977 3002
f 3005 2994 3014
f 3002 2977 3023
f 3023 2977 3057
f 3005 3014 3047
f 3023 3057 3043
f 3043 3057 3047
f 3058 3057 3049
f 3057 3058 3047
f 3047 3014 3041
f 3047 3041 3043
f 3043 3041 3098
f 3047 3058 3055
f 3055 3058 3048
f 3055 3048 3059
f 3240 3220 3325
f 3491 3456 3513
f 3491 3513 3581
f 3491 3581 3550
f 3491 3550 3474
f 3474 3550 3516
f 3550 3581 3607
f 3516 3550 3576
f 3576 3550 3607
f 3453 3516 3501
f 3501 3516 3576
f 3501 3576 3559
f 3607 3581 3660
f 3660 3581 3676
f 3576 3607 3686
f 3686 3607 3660
f 3559 3576 3639
f 3639 3576 3686
f 3660 3676 3730
f 3660 3730 3686
f 3730 3676 3739
f 3730 3739 3751
f 3730 3751 3764
f 3730 3764 3816
f 3816 3764 3794
f 3816 3794 3812
f 3816 3812 3807
f 3807 3812 3817
f 3730 3816 3811
f 3816 3807 3813
f 3816 3813 3811
f 3807 3817 3857
f 3807 3857 3813
f 3811 3813 3819
f 3819 3813 3857
f 3730 3811 3712
s 0
f 3730 3712 3686
s 1
f 3811 3819 3806
f 3811 3806 3712
f 3686 3712 3685
f 3685 3712 3806
f 3686 3685 3639
f 3806 3819 3833
f 3833 3819 3903
f 3903 3819 3857
f 3833 3903 3880
f 3880 3903 3944
f 3639 3685 3643
f 3639 3643 3559
f 3559 3643 3580
f 3559 3580 3504
f 3580 3643 3666
f 3944 3903 3974
f 3944 3974 3997
f 3997 3974 4048
f 3666 3643 3692
f 3692 3643 3685
f 3666 3692 3746
f 3666 3746 3714
f 3692 3685 3783
f 3692 3783 3746
f 3783 3685 3806
f 3783 3806 3795
f 3795 3806 3818
f 3783 3795 3779
f 3779 3795 3818
f 3783 3779 3746
f 3779 3818 3858
f 3774 3714 3746
f 3774 3746 3779
f 3714 3774 3738
f 3738 3774 3829
f 3774 3779 3839
f 3839 3779 3858
s 0
f 3774 3839 3829
s 1
f 3839 3858 3918
f 3839 3918 3936
f 3829 3839 3884
f 3884 3839 3936
f 3829 3884 3901
f 3884 3936 3986
f 3901 3884 3962
f 3962 3884 3986
f 3901 3962 3967
f 3962 3986 4023
f 3967 3962 4035
f 3962 4023 4057
f 3962 4057 4035
f 4035 4057 4104
f 4104 4057 4122
f 4104 4122 4204
f 4104 4204 4208
f 4208 4204 4268
f 4208 4268 4237
f 4237 4268 4276
f 3220 1024 3264
f 3454 3456 3491
f 3454 3491 3474
f 3264 3370 3220
f 3264 3247 3334
f 3334 3247 3314
f 3314 3247 3259
f 3314 3259 3322
f 3322 3259 3237
f 3264 1009 3247
f 3247 1009 984
f 3247 984 3259
f 3259 984 3237
f 3453 3474 3516
f 3314 3322 3408
f 3408 3322 3383
f 3383 3322 3237
f 3383 3237 3321
f 3383 3321 3354
f 3383 3354 3459
f 3459 3354 3468
f 3354 3321 3222
f 3222 3321 3251
f 3468 3354 3350
f 3350 3354 3222
f 3222 3251 988
f 984 988 3237
f 988 984 1104
f 1104 984 1099
f 988 1104 1120
f 3222 988 1011
f 1011 988 1120
f 1011 1120 3222
f 1195 1185 1120
f 1120 1185 1095
f 1120 1095 3222
f 1095 1185 1165
f 3222 1095 950
f 3222 950 3350
f 1095 1165 1064
f 1095 1064 950
f 1064 1165 1091
f 1091 1165 1187
f 950 1064 3299
f 950 3299 3350
f 1064 1091 1020
f 1064 1020 3299
f 1091 1187 1073
f 1091 1073 1020
f 1073 1187 1161
f 1073 1161 1131
f 1073 1131 1044
f 1073 1044 1020
f 1044 1131 1066
f 3276 3299 1020
f 1020 1044 952
f 1020 952 3276
f 952 1044 1066
f 3299 3276 3361
f 3361 3276 952
f 952 1066 937
f 952 937 3361
f 937 1066 1019
f 1019 1066 1096
f 3361 937 3375
f 937 1019 3272
f 937 3272 3375
f 3272 1019 1012
f 3272 1012 3339
f 3272 3339 3381
f 3272 3381 3375
f 3381 3339 3392
f 3375 3381 3414
f 3381 3392 3450
f 3381 3450 3414
f 3450 3392 3472
f 3450 3472 3486
f 3414 3450 3448
f 3414 3448 3375
f 3448 3450 3492
f 3375 3448 3440
f 3440 3448 3492
f 3375 3440 3361
f 3440 3492 3512
f 3361 3440 3405
f 3361 3405 3299
f 3299 3405 3350
f 3405 3440 3463
f 3463 3440 3512
f 3405 3463 3350
f 3463 3512 3517
f 3350 3463 3468
f 3468 3463 3517
f 3237 988 3251
f 3251 3321 3237
f 3285 997 3269
f 3285 3269 3422
f 3285 3422 3426
f 997 3285 1003
f 997 1003 1093
f 1093 1003 1082
f 1003 3285 3279
f 3279 3285 3426
f 1082 1003 995
f 995 1003 3279
f 1082 995 1062
f 3279 3426 3275
f 3279 3275 995
f 3275 3426 3288
f 3275 3288 995
f 3288 3426 3431
f 3288 3431 3432
f 995 3288 3224
f 3224 3288 3432
f 995 3224 1062
f 3224 3432 3416
f 1062 3224 1022
f 3224 3416 3246
f 3224 3246 1022
f 3449 3501 3422
f 3422 3501 3504
f 3504 3501 3559
f 3422 3504 3426
f 3426 3504 3431
f 3431 3504 3522
f 3522 3504 3580
f 3431 3522 3432
f 3522 3580 3625
f 3625 3580 3666
f 3432 3522 3544
f 3544 3522 3625
f 3432 3544 3416
f 3625 3666 3714
f 3416 3544 3428
f 3416 3428 939
f 3544 3625 3658
f 3658 3625 3714
f 3544 3658 3428
f 939 3428 3223
f 3223 3428 3415
f 3223 3415 969
f 3428 3658 3570
f 3428 3570 3415
f 3658 3714 3677
f 3658 3677 3570
f 3677 3714 3707
f 3707 3714 3738
f 3570 3677 3664
f 3664 3677 3707
f 3415 3570 3467
f 3467 3570 3664
f 3415 3467 3289
f 3707 3738 3796
f 3707 3796 3664
f 3796 3738 3829
f 3796 3829 3901
f 3289 3467 3388
f 3289 3388 968
f 968 3388 3331
f 985 3331 3369
f 3369 3331 3427
f 3427 3331 3388
f 3388 3467 3542
f 3388 3542 3427
f 3542 3467 3664
f 3427 3542 3442
f 3442 3542 3499
f 3542 3664 3726
f 3499 3542 3710
f 3710 3542 3726
f 3726 3664 3735
f 3735 3664 3796
f 3735 3796 3878
f 3878 3796 3901
f 3878 3901 3967
f 3735 3878 3889
f 3735 3889 3726
f 3878 3967 3984
f 3878 3984 3889
f 3726 3889 3930
f 3930 3889 3984
f 3984 3967 4053
f 4053 3967 4035
f 4053 4035 4104
f 4053 4104 4093
f 4053 4093 3984
f 4093 4104 4208
f 4093 4208 4152
f 4093 4152 4103
f 4093 4103 3984
f 3984 4103 3930
f 3930 4103 4050
f 3930 4050 3992
f 3930 3992 3862
f 3930 3862 3726
f 3862 3992 3815
f 3726 3862 3710
f 3710 3862 3815
f 3710 3815 3603
f 3710 3603 3549
f 3710 3549 3499
f 3499 3549 3445
f 3445 3549 3389
f 3389 3549 3603
f 3445 3389 3363
f 3389 3603 3343
f 3389 3343 946
f 3343 3603 3271
f 1193 1159 1093
f 1193 1093 1082
f 1193 1082 1189
f 1193 1189 1321
f 1189 1082 1200
f 1189 1200 1321
f 1200 1082 1062
f 1321 1200 1392
f 1200 1062 1152
f 1152 1062 1022
f 1392 1200 1264
f 1264 1200 1152
f 1392 1264 1418
f 1152 1022 1101
f 1152 1101 1264
f 1418 1264 1224
f 1224 1264 1101
f 1418 1224 1300
f 1101 1022 939
f 939 1022 3246
f 939 3246 3416
f 1101 939 1089
f 1101 1089 1224
f 1089 939 3223
f 1089 3223 969
f 1224 1089 1163
f 1163 1089 969
f 1224 1163 1300
f 1163 969 1124
f 1163 1124 1300
f 1124 969 3289
f 1124 3289 968
f 1124 968 1015
f 1015 968 3331
f 1015 3331 985
f 1015 985 1110
f 1124 1015 1114
f 1114 1015 1110
f 1240 1300 1124
f 1240 1124 1114
f 1114 1110 1271
f 1114 1271 1240
f 1271 1110 1272
f 1300 1240 1409
f 1409 1240 1271
f 1300 1409 1404
f 1404 1409 1490
f 1271 1272 1681
f 1490 1409 1598
f 1490 1598 1721
f 1721 1598 1807
f 1598 1409 1686
f 1598 1686 1807
f 1620 1409 1271
f 1409 1620 1686
f 1620 1271 1681
f 1807 1686 1840
f 1807 1840 1933
f 1686 1620 1759
f 1686 1759 1840
f 1759 1620 1681
f 1840 1759 1943
f 1943 1759 1855
f 1855 1759 1681
f 1855 1681 1768
f 1855 1768 1793
f 1768 1681 1486
f 1486 1681 1272
f 1768 1486 1623
f 1486 1272 1148
f 1623 1486 1116
f 1116 1486 1148
f 1623 1116 1260
f 1116 1148 1025
f 1116 1025 946
f 946 1025 3363
f 1260 1116 1016
f 1016 1116 946
f 1260 1016 1063
f 1016 946 3343
f 1063 1016 3271
f 3271 1016 3343
f 1238 1185 1236
f 1236 1185 1195
f 1185 1238 1226
f 1185 1226 1165
f 1165 1226 1187
f 1187 1226 1225
f 1225 1226 1246
f 1187 1225 1161
f 1161 1225 1182
f 1182 1225 1220
f 1161 1182 1131
f 1182 1220 1194
f 1131 1182 1157
f 1157 1182 1194
f 1131 1157 1066
f 1066 1157 1096
f 1157 1194 1174
f 1157 1174 1096
f 1174 1194 1228
f 1012 1019 1096
f 1012 1096 1094
f 1094 1096 1174
f 1012 1094 1054
f 1054 1094 1059
f 1174 1228 1201
f 1201 1228 1251
f 1201 1251 1235
f 1174 1201 1168
f 1174 1168 1094
f 1201 1235 1208
f 1201 1208 1168
f 1208 1235 1249
f 1094 1168 1139
f 1094 1139 1059
f 1139 1168 1208
f 1059 1139 1137
f 1137 1139 1208
f 1059 1137 1056
f 1208 1249 1202
f 1208 1202 1137
f 1202 1249 1262
f 1056 1137 1097
f 1056 1097 1033
f 1033 1097 1074
f 1097 1137 1147
f 1097 1147 1074
f 1137 1202 1207
f 1207 1202 1262
f 1137 1207 1147
f 1207 1262 1261
f 1261 1262 1283
f 1147 1207 1215
f 1215 1207 1261
f 1164 1074 1147
f 1164 1147 1215
f 1074 1164 1084
f 1084 1164 1072
f 1215 1261 1254
f 1254 1261 1296
f 1254 1296 1285
f 1215 1254 1241
f 1241 1254 1285
f 1215 1241 1164
f 1241 1285 1287
f 1241 1287 1230
f 1241 1230 1164
f 1230 1287 1292
f 1143 1072 1164
f 1143 1164 1230
f 1072 1143 1130
f 1072 1130 1032
f 1143 1230 1206
f 1143 1206 1130
f 1032 1130 1041
f 1273 1230 1292
f 1230 1273 1206
f 1273 1292 1305
f 1273 1305 1311
f 1273 1311 1268
f 1273 1268 1206
f 1268 1311 1330
f 1268 1330 1314
f 1206 1268 1258
f 1258 1268 1314
f 1206 1258 1158
f 1206 1158 1130
f 1087 1041 1130
f 1087 1130 1158
f 1041 1087 1037
f 1037 1087 1075
f 1075 1087 1158
f 1037 1075 1043
f 1075 1158 1144
f 1043 1075 1156
f 1156 1075 1144
f 1144 1158 1219
f 1219 1158 1258
f 1144 1219 1156
f 1043 1156 1092
f 1219 1258 1294
f 1294 1258 1314
f 1156 1219 1243
f 1243 1219 1294
f 1294 1314 1342
f 1342 1314 1343
f 1294 1342 1324
f 1294 1324 1243
f 1166 1092 1156
f 1166 1156 1243
f 1068 1000 1092
f 1092 1166 1179
f 1092 1179 1068
f 1363 1324 1358
f 1324 1363 1331
f 1324 1331 1243
f 1331 1363 1368
f 1243 1331 1319
f 1319 1331 1368
f 1243 1319 1166
f 1319 1368 1347
f 1347 1368 1384
f 1166 1319 1316
f 1316 1319 1347
f 1166 1316 1179
f 1347 1384 1354
f 1347 1354 1316
f 1354 1384 1387
f 1179 1316 1290
f 1290 1316 1354
f 1354 1387 1335
f 1354 1335 1290
f 1335 1387 1364
f 1364 1387 1428
f 1364 1428 1394
f 1335 1364 1277
f 1364 1394 1298
f 1364 1298 1277
f 1432 1394 1445
f 1394 1432 1298
f 1335 1277 1232
f 1335 1232 1290
f 1277 1298 1213
f 1277 1213 1232
f 1298 1432 1405
f 1405 1432 1478
f 1290 1232 1138
f 1138 1232 1213
f 1213 1298 1257
f 1257 1298 1405
f 1138 1213 1142
f 1213 1257 1171
f 1213 1171 1142
f 1171 1257 1334
f 1334 1257 1405
f 1334 1405 1491
f 1491 1405 1647
f 1566 1405 1478
f 1405 1566 1647
f 1566 1478 1551
f 1647 1566 1649
f 1649 1566 1551
f 1647 1649 1737
f 1649 1551 1664
f 1049 989 1171
f 1171 989 993
f 1171 993 1051
f 1171 1051 1142
f 1051 993 956
f 1142 1051 1138
f 1051 956 1058
f 1051 1058 1138
f 1138 1058 1155
f 1138 1155 1290
f 1155 1058 1021
f 1290 1155 1179
f 1155 1021 1048
f 1155 1048 1179
f 1048 1021 945
f 1179 1048 1068
f 1068 1048 996
f 3561 3468 3537
f 3569 3561 3537
f 1323 1326 1295
f 1326 1323 1355
f 1355 1323 1345
f 1355 1345 1370
f 1370 1345 1356
f 1370 1356 1365
f 3537 3468 3517
f 1348 1326 1355
f 1326 1348 1318
f 1348 1355 1379
f 1318 1348 1322
f 1348 1379 1344
f 1348 1344 1322
s 0
f 1344 1379 1385
s 1
f 1318 1322 1286
s 0
f 1344 1385 1360
s 1
f 1286 1322 1293
f 1322 1344 1329
f 1322 1329 1293
f 1329 1344 1341
f 1341 1344 1360
f 1329 1341 1312
f 1341 1360 1359
f 1312 1341 1327
f 1327 1341 1359
f 1329 1312 1302
f 1329 1302 1293
f 1302 1312 1278
f 1278 1312 1251
f 1293 1302 1255
f 1255 1302 1278
f 1278 1251 1228
f 1278 1228 1255
f 1251 1312 1284
f 1284 1312 1327
f 1251 1284 1235
f 1235 1284 1249
f 1249 1284 1262
f 1255 1228 1220
f 1220 1228 1194
f 1255 1220 1256
f 1255 1256 1293
f 1256 1220 1225
f 1256 1225 1246
f 1262 1284 1301
f 1301 1284 1327
f 1262 1301 1283
f 1256 1246 1259
f 1256 1259 1293
f 1259 1246 1226
f 1293 1259 1286
f 1259 1226 1238
f 1259 1238 1286
f 1301 1327 1328
f 1339 1283 1301
f 1339 1301 1328
f 1328 1327 1351
f 1328 1351 1339
f 1351 1327 1359
f 1283 1339 1296
f 1283 1296 1261
f 1339 1351 1366
f 1366 1351 1359
f 1296 1339 1349
f 1349 1339 1366
f 1366 1359 1402
f 1296 1349 1310
f 1296 1310 1285
f 1285 1310 1287
f 1287 1310 1325
f 1325 1310 1349
f 1287 1325 1292
f 1292 1325 1305
f 1325 1349 1350
f 1325 1350 1305
f 1373 1349 1366
f 1373 1366 1402
f 1349 1373 1350
f 1305 1350 1333
f 1305 1333 1311
f 1311 1333 1330
f 1330 1333 1357
f 1357 1333 1350
f 1330 1357 1314
f 1314 1357 1343
f 1374 1350 1373
f 1350 1374 1357
f 1374 1373 1414
f 1414 1373 1402
f 1357 1374 1413
f 1413 1374 1414
f 1343 1357 1403
f 1403 1357 1413
f 1343 1403 1381
f 1343 1381 1342
f 1342 1381 1358
f 1342 1358 1324
f 1381 1403 1423
f 1423 1403 1413
f 1358 1381 1436
f 1436 1381 1423
f 1358 1436 1363
s 0
f 1423 1413 1444
f 1444 1413 1414
s 1
f 1423 1444 1436
f 1363 1436 1417
f 1363 1417 1368
f 1368 1417 1384
f 1436 1444 1461
f 1384 1417 1438
f 1384 1438 1387
f 1387 1438 1428
f 1417 1436 1446
f 1417 1446 1438
f 1446 1436 1461
f 1428 1438 1457
f 1457 1438 1446
f 1445 1394 1428
f 1445 1428 1457
f 1457 1446 1472
f 1472 1446 1461
f 1445 1457 1465
f 1457 1472 1485
f 1457 1485 1465
f 1472 1461 1487
f 1472 1487 1485
f 1465 1485 1494
f 1445 1465 1480
f 1445 1480 1432
f 1432 1480 1478
f 1478 1480 1551
f 1480 1465 1507
f 1507 1465 1494
f 1551 1480 1525
f 1525 1480 1507
f 1513 1494 1485
f 1494 1513 1507
f 1513 1485 1487
f 1551 1525 1662
f 1551 1662 1664
f 1664 1662 1727
f 1727 1662 1767
f 1767 1662 1714
f 1662 1525 1601
f 1662 1601 1714
f 1601 1525 1544
f 1714 1601 1595
f 1595 1601 1544
f 1751 1714 1735
f 1735 1714 1595
f 1544 1525 1523
f 1523 1525 1507
f 1523 1507 1517
f 1517 1507 1513
f 1544 1523 1543
f 1544 1543 1595
f 1523 1517 1524
f 1523 1524 1543
f 1524 1517 1513
f 1595 1543 1559
f 1543 1524 1541
f 1543 1541 1559
f 1524 1513 1529
f 1524 1529 1541
f 1559 1541 1561
f 1559 1561 1595
f 1541 1529 1535
f 1535 1529 1513
f 1561 1541 1553
f 1553 1541 1535
f 1595 1561 1602
f 1595 1602 1735
f 1735 1602 1699
f 1699 1602 1682
f 1602 1561 1564
f 1564 1561 1553
f 1682 1602 1587
f 1587 1602 1564
f 1564 1553 1556
f 1564 1556 1587
f 1556 1553 1535
f 1682 1587 1618
f 1587 1556 1578
f 1587 1578 1618
f 1578 1556 1557
f 1667 1618 1653
f 1653 1618 1622
f 1622 1618 1588
f 1588 1618 1578
f 1622 1588 1611
f 1557 1556 1542
f 1542 1556 1535
f 1570 1578 1557
f 1578 1570 1588
f 1570 1557 1542
f 1611 1588 1581
f 1581 1588 1570
f 1611 1581 1600
f 1611 1600 1621
f 1581 1570 1574
f 1574 1570 1542
f 1600 1581 1590
f 1590 1581 1574
f 1600 1590 1609
f 1609 1590 1606
f 1606 1590 1594
f 1594 1590 1574
f 1606 1594 1605
f 1605 1594 1599
f 1599 1594 1586
f 1586 1594 1574
s 0
f 1586 1574 1545
f 1545 1574 1497
f 1497 1574 1504
f 1504 1574 1512
f 1512 1574 1542
f 1497 1504 1447
f 1512 1542 1518
s 1
f 1518 1542 1535
s 0
f 1504 1512 1471
f 1504 1471 1447
s 1
f 1518 1535 1513
s 0
f 1512 1518 1501
f 1512 1501 1471
f 1471 1501 1518
f 1518 1513 1489
f 1518 1489 1471
s 1
f 1489 1513 1476
f 1476 1513 1487
f 1476 1487 1461
f 1489 1476 1455
f 1455 1476 1461
f 1489 1455 1471
f 1455 1461 1444
f 1455 1444 1414
f 1471 1455 1450
s 0
f 1471 1450 1447
s 1
f 1455 1414 1421
f 1455 1421 1450
f 1421 1414 1402
s 0
f 1447 1450 1433
s 1
f 1433 1450 1421
f 1421 1402 1389
f 1421 1389 1433
f 1389 1402 1359
s 0
f 1389 1359 1360
f 1433 1389 1443
f 1433 1443 1447
f 1443 1389 1360
f 1447 1443 1497
f 1443 1360 1452
f 1443 1452 1497
s 1
f 1399 1419 1380
f 1419 1399 1412
f 1464 1453 1467
f 1453 1464 1456
f 1453 1456 1442
f 3854 3739 3890
f 3890 3739 3749
f 3739 3854 3905
f 3739 3905 3921
f 3739 3921 3751
f 1742 1666 1534
f 1534 1666 1537
f 1537 1666 1745
f 1742 1534 1552
f 1742 1552 1738
f 1738 1552 1584
f 1745 1719 1537
f 1537 1719 1549
f 3921 3764 3751
f 1719 1675 1576
f 1719 1576 1549
f 1604 1576 1675
f 3794 4343 3812
f 1604 1674 1599
f 1732 1584 1638
f 1674 1605 1599
f 1629 1648 1627
f 1627 1648 1638
f 1648 1629 1656
f 1656 1629 1612
f 1656 1612 1650
f 1650 1612 1632
f 1669 1656 1650
f 1648 1656 1779
f 1779 1656 1669
f 1650 1678 1669
f 1669 1678 1765
f 1669 1765 1779
f 1779 1765 1820
f 1698 1638 1648
f 1698 1648 1744
f 1744 1648 1779
f 1698 1744 1739
f 1739 1744 1770
f 1779 1820 1882
f 1882 1820 1891
f 1744 1779 1872
f 1872 1779 1882
f 1770 1744 1824
f 1824 1744 1872
f 1770 1824 1795
f 1795 1824 1860
f 1795 1860 1818
f 1818 1860 1839
f 1839 1860 1868
f 1860 1824 1897
f 1897 1824 1872
f 1868 1860 1899
s 0
f 1899 1860 1897
s 1
f 1868 1899 1886
f 1868 1886 1889
f 1889 1886 1900
f 1900 1886 1910
f 1910 1886 1899
f 1900 1910 1915
f 1915 1910 1922
f 1910 1899 1923
f 1923 1899 1897
f 1922 1910 1963
f 1963 1910 1923
f 1922 1963 1948
f 1923 1897 1936
s 0
f 1936 1897 1872
s 1
f 1936 1872 1882
f 1936 1882 1945
f 1945 1882 1891
f 1945 1891 1946
f 1945 1946 1977
f 1945 1977 1936
f 1977 1946 2005
f 1999 1923 1936
f 1999 1936 1977
f 1977 2005 2039
f 2039 2005 2044
f 1999 1977 2016
f 2016 1977 2039
f 1999 2016 2009
f 2039 2044 2111
f 2039 2111 2063
f 2111 2044 2080
f 2111 2080 2128
f 1999 2009 1974
f 1999 1974 1923
f 1974 2009 2021
f 2063 2111 2081
f 1974 2021 2046
f 1923 1974 1963
f 2111 2128 2197
f 2197 2128 2163
f 2081 2111 2129
f 2111 2197 2212
f 2111 2212 2129
f 2212 2197 2207
f 2212 2207 2204
f 2129 2212 2224
f 2081 2129 2073
f 2129 2224 2171
f 2129 2171 2073
f 2171 2224 2208
f 2208 2224 2188
f 2073 2171 2083
f 2083 2171 2208
f 2073 2083 2046
f 2046 2083 1974
f 2208 2188 2191
f 1974 2083 2054
f 2054 2083 2208
f 1974 2054 1963
f 2208 2191 2170
f 2208 2170 2054
f 2170 2191 2166
f 2170 2166 2140
f 2140 2166 2124
f 2054 2170 2062
f 2062 2170 2140
f 2140 2124 2098
f 1975 1963 2054
f 1975 2054 2062
f 1963 1975 1948
f 1948 1975 1970
f 1970 1975 1995
f 1995 1975 2062
f 1995 2062 2038
f 1995 2038 2033
f 2033 2038 2061
f 2038 2062 2056
f 2056 2062 2140
f 2056 2140 2059
f 2059 2140 2098
f 2059 2098 2049
f 2049 2098 2043
f 3852 3857 3817
f 3852 3817 3837
f 3852 3837 3863
f 3857 3852 3912
f 3857 3912 3963
f 3857 3963 3903
f 3903 3963 3974
f 3963 3912 3964
s 0
f 3964 3912 3852
s 1
f 3974 3963 4042
f 4042 3963 3964
f 3974 4042 4048
f 3964 3852 3927
f 3927 3852 3863
f 4042 3964 4040
f 4040 3964 3927
f 3927 3863 3902
f 3902 3863 3886
f 3902 3886 3915
f 3927 3902 3987
f 3927 3987 4040
f 3902 3915 3947
f 3902 3947 3987
f 3947 3915 3951
f 3947 3951 3973
f 3947 3973 3987
f 3987 3973 3996
f 3987 3996 4041
f 3987 4041 4040
f 4041 3996 4018
f 4040 4041 4116
f 4041 4018 4095
f 4041 4095 4116
f 4095 4018 4047
f 4095 4047 4059
f 4095 4059 4075
f 4095 4075 4154
f 4154 4075 4100
f 4154 4100 4127
f 4095 4154 4169
f 4095 4169 4116
f 4154 4127 4182
f 4182 4127 4145
f 4182 4145 4143
f 4154 4182 4287
f 4116 4169 4185
f 4169 4154 4252
f 4169 4252 4185
f 4154 4287 4310
f 4154 4310 4252
f 4310 4287 4304
f 4310 4304 4356
f 4310 4356 4252
f 4239 4287 4182
f 4287 4239 4215
f 4239 4182 4143
f 4215 4239 4195
f 4156 4144 4143
f 4143 4144 4124
f 4239 4143 4134
f 4134 4143 4124
f 4239 4134 4195
f 4134 4124 4097
f 4134 4097 4099
f 4134 4099 4195
f 4195 4099 4123
f 4123 4099 4033
f 4123 4033 3970
f 3970 4033 3990
f 4123 3970 4084
f 4123 4084 4136
f 3806 3833 3818
f 3818 3833 3880
f 3818 3880 3858
f 3858 3880 3918
f 3918 3880 3944
f 3918 3944 3936
f 3936 3944 3972
f 3936 3972 3986
f 3972 3944 3997
f 3986 3972 4024
f 4024 3972 3997
f 4024 3997 4048
f 3986 4024 4023
f 4024 4048 4071
f 4023 4024 4060
f 4060 4024 4071
f 4023 4060 4057
f 4057 4060 4106
f 4106 4060 4071
f 4057 4106 4122
f 4106 4071 4129
f 4129 4071 4105
f 4106 4129 4137
f 4106 4137 4122
f 4137 4129 4172
f 4122 4137 4181
f 4181 4137 4172
f 4122 4181 4204
f 4181 4172 4221
f 4204 4181 4246
f 4246 4181 4221
f 4204 4246 4306
f 4204 4306 4268
f 4268 4306 4336
f 4246 4221 4272
f 4246 4272 4306
f 4272 4221 4285
f 4272 4285 4338
f 4272 4338 4306
f 4306 4338 4336
f 4336 4338 4358
f 1650 1632 1678
f 1678 1632 1694
f 1678 1694 1752
f 1678 1752 1765
f 1752 1694 1801
f 1765 1752 1820
f 1752 1801 1843
f 1752 1843 1820
f 1843 1801 1871
f 1820 1843 1891
f 1891 1843 1896
f 1896 1843 1871
f 1891 1896 1946
f 1896 1871 1926
f 1896 1926 1946
f 1926 1871 1905
f 1926 1905 1947
f 1946 1926 1981
f 1981 1926 1947
f 1946 1981 2005
f 2005 1981 2044
f 1981 1947 2011
f 2044 1981 2080
f 2080 1981 2011
f 2080 2011 2112
f 2080 2112 2128
f 2128 2112 2163
f 1550 1579 1592
f 1469 1550 1532
f 1469 1532 1492
f 1469 1492 1404
f 1404 1492 1418
f 1404 1418 1300
f 3326 3392 3339
f 3326 3339 1012
f 3392 3326 3378
f 3326 1012 960
f 960 1012 1054
f 960 1054 990
f 990 1054 1059
f 3326 960 3263
f 3263 960 990
f 990 1059 1056
f 3326 3263 3341
f 3326 3341 3378
f 3263 990 3241
f 3263 3241 3341
f 990 1056 982
f 990 982 3241
f 982 1056 992
f 992 1056 1033
f 3241 982 3234
f 3234 982 992
f 3241 3234 3312
f 3241 3312 3341
f 3234 992 3221
f 3312 3234 3292
f 3292 3234 3221
f 3341 3312 3364
f 3364 3312 3292
f 965 992 1033
f 992 965 3221
f 965 1033 1034
f 1034 1033 1074
f 1034 1074 1084
f 3356 3292 3221
f 3292 3356 3364
f 1034 1084 1031
f 1031 1084 1072
f 965 1034 967
f 3235 3221 965
f 3235 965 967
f 967 1034 981
f 981 1034 1031
f 3235 967 3231
f 3231 967 981
f 3221 3235 3309
f 3309 3235 3231
f 3221 3309 3356
f 986 1031 1072
f 986 1072 1032
f 966 981 1031
f 3231 981 3229
f 3229 981 966
f 3309 3231 3294
f 3294 3231 3229
f 3309 3294 3352
f 3309 3352 3356
f 3294 3229 3306
f 3294 3306 3352
f 3229 966 3233
f 3306 3229 3297
f 3233 966 964
f 964 966 1031
f 964 1031 986
f 3233 964 3243
f 3243 964 986
f 3243 986 976
f 976 986 1032
f 3243 976 3245
f 976 1032 970
f 976 970 3245
f 970 1032 1041
f 970 1041 974
f 3245 970 3248
f 3248 970 974
f 974 1041 1037
f 3245 3248 3328
f 974 1037 962
f 3245 3328 3304
f 3248 974 3254
f 3254 974 962
f 962 1037 977
f 962 977 3254
f 977 1037 979
f 979 1037 1043
f 977 979 3244
f 977 3244 3254
f 979 1043 978
f 979 978 3244
f 978 1043 1000
f 1000 1043 1092
f 978 1000 3227
f 978 3227 3244
f 3227 1000 936
f 936 1000 996
f 996 1000 1068
f 3244 3227 3327
f 936 996 945
f 945 996 1048
f 936 945 3293
f 936 3293 3311
f 3293 945 3308
f 3311 3293 3365
f 3365 3293 3308
f 3311 3365 3420
f 3311 3420 3327
f 3365 3308 3384
f 3365 3384 3420
f 3308 945 3336
f 3308 3336 3384
f 3336 945 956
f 956 945 1021
f 956 1021 1058
f 3336 956 3332
f 3332 956 3315
f 3315 956 993
f 3332 3315 3412
f 3336 3332 3403
f 3403 3332 3412
f 3336 3403 3384
f 3403 3412 3478
f 3478 3412 3532
f 3403 3478 3493
f 3403 3493 3384
f 3384 3493 3477
f 3384 3477 3420
f 3477 3493 3574
f 3574 3493 3583
f 3477 3574 3552
f 3477 3552 3420
f 3420 3552 3419
f 3420 3419 3327
f 3419 3552 3464
f 3464 3552 3587
f 3464 3587 3567
f 3464 3567 3514
f 3327 3419 3362
f 3362 3419 3464
f 3327 3362 3302
f 3327 3302 3244
f 3244 3302 3303
f 3303 3302 3362
f 3244 3303 3254
f 3303 3362 3316
f 3303 3316 3254
f 3362 3464 3386
f 3362 3386 3316
f 3386 3464 3429
f 3429 3464 3514
f 3316 3386 3360
f 3360 3386 3429
f 3254 3316 3317
f 3317 3316 3360
f 3254 3317 3248
f 3248 3317 3328
f 3328 3317 3360
f 3429 3514 3446
f 3446 3514 3524
f 3446 3524 3483
f 3385 3360 3429
f 3385 3429 3446
f 3360 3385 3328
f 3446 3483 3437
f 3446 3437 3385
f 3437 3483 3489
f 3328 3385 3374
f 3374 3385 3437
f 3328 3374 3304
f 3304 3374 3298
f 3437 3489 3424
f 3437 3424 3374
f 3298 3374 3344
f 3298 3344 3291
f 3291 3344 3297
f 3344 3374 3348
f 3344 3348 3297
f 3348 3374 3424
f 3297 3348 3306
f 3306 3348 3352
f 3352 3348 3424
f 3352 3424 3393
f 3352 3393 3356
f 3356 3393 3364
f 3393 3424 3451
f 3451 3424 3489
f 3451 3489 3545
f 3451 3545 3497
f 3393 3451 3444
f 3444 3451 3497
f 3393 3444 3364
f 3444 3497 3508
f 3364 3444 3387
f 3364 3387 3341
f 3444 3508 3434
f 3444 3434 3387
f 3387 3434 3341
f 3434 3508 3527
f 3341 3434 3378
f 3434 3527 3472
f 3378 3434 3392
f 3392 3434 3472
f 1470 1579 1469
f 1469 1579 1550
f 1470 1469 1404
f 3289 969 3415
f 3863 3837 3887
f 3863 3887 3886
f 3886 3887 3907
f 3886 3907 3915
f 3915 3907 3933
f 3915 3933 3951
f 3951 3933 3995
f 3951 3995 3973
f 3973 3995 3996
f 3996 3995 4018
f 4018 3995 4039
f 4018 4039 4047
f 1829 1698 1739
f 3887 4479 3907
f 1614 1600 1609
f 1600 1614 1621
f 1798 1621 1614
f 1621 1798 1639
f 1639 1798 1653
f 3933 3907 4294
f 3933 4294 3995
f 3995 4294 4039
f 1639 1611 1621
f 1611 1639 1622
f 1622 1639 1653
f 3582 3545 3489
f 3582 3489 3547
f 3547 3489 3483
f 3547 3483 3524
f 3547 3524 3596
f 3596 3524 3601
f 3601 3524 3514
f 3601 3514 3567
f 1952 1818 1839
f 1952 1839 1867
f 3233 3297 3229
f 3297 3233 3291
f 3291 3233 3243
f 3291 3243 3298
f 3298 3243 3245
f 3298 3245 3304
f 1868 1867 1839
f 1867 1868 1889
f 4110 4048 4042
f 4071 4048 4105
f 4105 4048 4110
f 4110 4042 4108
f 4108 4042 4040
f 4105 4110 4131
f 4105 4131 4129
f 4110 4108 4157
f 4110 4157 4131
f 4108 4040 4109
f 4108 4109 4157
f 4109 4040 4116
s 0
f 4109 4116 4149
s 1
f 4149 4116 4185
f 4109 4149 4192
f 4109 4192 4157
f 4192 4149 4185
f 4157 4192 4183
f 4157 4183 4180
f 4157 4180 4131
f 4131 4180 4188
f 4131 4188 4129
f 4188 4180 4197
f 4129 4188 4172
f 4188 4197 4212
f 4172 4188 4221
f 4188 4212 4248
f 4188 4248 4221
f 4248 4212 4230
f 4221 4248 4285
f 4248 4230 4242
f 4285 4248 4322
f 4285 4322 4338
f 4248 4242 4319
f 4248 4319 4322
f 4319 4242 4238
f 4338 4322 4358
f 4358 4322 4365
f 4358 4365 4359
f 4359 4365 4371
f 4371 4365 4322
f 4371 4322 4319
f 4319 4238 4313
f 4319 4313 4371
f 4371 4313 4370
f 4313 4238 4226
f 4370 4313 4356
f 4356 4313 4297
f 4356 4297 4252
f 4252 4297 4185
f 4297 4313 4211
f 4297 4211 4185
f 4211 4313 4226
f 4185 4211 4192
f 4211 4226 4207
f 4211 4207 4192
f 1667 1687 1618
f 1618 1687 1682
f 1682 1687 1704
f 1682 1704 1699
f 1699 1704 1722
f 1699 1722 1735
f 1713 1687 1667
f 1687 1713 1704
f 1704 1713 1724
f 1704 1724 1722
f 1722 1724 1817
f 1722 1817 1735
f 4047 4092 4059
f 4059 4092 4075
f 4075 4092 4100
f 4100 4092 4130
f 4100 4130 4127
f 4127 4130 4161
f 4127 4161 4145
f 4145 4161 4156
f 4145 4156 4143
f 4092 4047 4205
f 4092 4205 4130
f 2092 1922 2030
f 2030 1922 1948
f 2030 1948 1973
f 2030 1973 1995
f 2030 1995 2241
f 2241 1995 2180
f 2180 1995 2033
f 2180 2033 2061
f 2180 2061 2298
f 2298 2061 2056
f 2056 2061 2038
f 2298 2056 2279
f 2279 2056 2059
f 2279 2059 2179
f 2179 2059 2049
f 2179 2049 2344
f 3311 3327 3227
f 3311 3227 936
f 3363 3389 946
f 2016 2099 2009
f 2099 2016 2088
f 4245 4180 4241
f 4241 4180 4183
f 4245 4241 4281
f 4180 4245 4197
f 1973 1948 1970
f 1973 1970 1995
f 4183 4231 4241
f 4231 4183 4192
f 4231 4192 4253
f 4241 4231 4291
f 4291 4231 4253
f 4241 4291 4281
f 4291 4253 4284
f 2099 2103 2009
f 2009 2103 2021
f 2103 2099 2153
f 2103 2153 2113
f 4245 4281 4288
f 2088 2153 2099
f 2153 2088 2127
f 2149 2113 2153
f 2149 2153 2159
f 2159 2153 2127
f 2159 2127 2136
f 2136 2127 2110
f 2088 2016 2127
f 2127 2016 2039
f 2127 2039 2110
f 2110 2039 2063
f 4281 4291 4314
f 4281 4314 4288
f 4314 4291 4284
f 4288 4314 4311
f 4314 4284 4309
f 4314 4309 4311
f 4309 4284 4274
f 4311 4309 4290
f 2113 2021 2103
f 2021 2113 2046
f 4130 4653 4161
f 4161 4653 4467
f 4161 4467 4156
f 4156 4467 4340
f 4156 4340 4144
f 4144 4340 4403
f 4207 4253 4192
f 4253 4207 4284
f 4284 4207 4226
f 4197 4245 4265
f 4265 4245 4288
f 4197 4265 4212
f 4265 4288 4311
f 4212 4265 4230
f 4265 4311 4290
f 4265 4290 4230
f 2073 2046 2113
f 2073 2113 2149
f 4226 4274 4284
f 4274 4226 4238
f 2136 2081 2159
f 2159 2081 2149
f 2149 2081 2073
f 2081 2136 2063
f 2063 2136 2110
f 4274 4282 4309
f 4282 4274 4238
f 4309 4282 4290
f 4282 4238 4242
f 4282 4242 4290
f 4290 4242 4230
f 3990 3801 3970
f 3970 3801 3823
f 3970 3823 4028
f 3970 4028 4084
f 4028 3823 3906
f 3906 3823 3776
f 4507 4148 4124
f 4124 4148 4097
f 4097 4113 4033
f 4403 4124 4144
f 4124 4403 4507
f 4033 4099 4097
f 3583 3493 3478
f 3532 3583 3478
f 1783 1727 1767
f 1727 1783 1777
f 1777 1783 1809
f 1727 1777 1664
f 1664 1777 1740
f 1664 1740 1649
f 1740 1777 1813
f 1813 1777 1892
f 1892 1777 1878
f 1892 1878 1929
f 1649 1740 1737
f 1737 1740 1754
f 1754 1740 1804
f 1737 1754 1764
f 1764 1754 1772
f 1737 1764 1672
f 1737 1672 1679
f 1679 1672 1633
f 1633 1672 1597
f 1633 1597 1515
f 1515 1597 1430
f 1515 1430 1313
f 3315 3337 3412
f 3337 3315 993
f 3337 993 989
f 3532 3412 3540
f 1049 3287 989
f 989 3287 3351
f 989 3351 3337
f 3351 3287 3395
f 3438 3412 3337
f 3438 3337 3351
f 3438 3351 3395
f 3412 3438 3540
f 3438 3395 3531
f 3438 3531 3540
f 3540 3531 3651
f 3689 3591 3532
f 2049 2043 2002
f 2002 2043 1979
f 1979 1929 1956
f 1813 1804 1740
f 1804 1813 1862
f 1862 1813 1892
f 1862 1892 1898
f 1898 1892 1929
f 1898 1929 1914
f 1914 1929 1934
f 1934 1929 1979
f 2079 2043 2098
f 2079 2098 2124
f 2043 2079 2024
f 2043 2024 1979
f 2012 1971 2024
f 2024 1971 1979
f 2012 2024 2079
f 2012 2079 2047
f 2047 2079 2105
f 1971 1934 1979
f 4155 4136 4072
f 4072 4136 4084
f 4072 4084 4028
f 4072 4028 4002
f 4002 4028 3906
f 4136 4155 4215
f 4215 4155 4198
f 4136 4215 4195
f 4136 4195 4123
f 2105 2079 2124
f 2105 2124 2148
f 2148 2124 2166
f 2148 2166 2168
f 2168 2166 2191
f 2168 2191 2188
f 1934 1885 1914
f 1914 1885 1898
f 1772 1754 1804
f 4002 3906 3913
f 4271 4215 4198
f 4271 4287 4215
f 4287 4271 4304
f 4304 4271 4321
f 4304 4321 4356
f 4356 4321 4348
f 4356 4348 4370
f 4370 4348 4355
f 4370 4355 4371
f 4371 4355 4360
f 4371 4360 4359
f 2047 2107 2072
f 2107 2047 2105
f 2047 2072 2012
f 2012 2072 2032
f 2012 2032 1971
f 2032 2004 1968
f 2032 1968 1971
f 1968 2004 1921
f 2004 2032 2094
f 1968 1921 1918
f 2094 2032 2072
f 1918 1921 1865
f 2094 2072 2126
f 1918 1865 1862
f 1862 1865 1825
f 1862 1825 1804
f 1804 1825 1764
f 2126 2072 2107
f 2126 2107 2148
f 2148 2107 2105
f 2126 2148 2176
f 2176 2148 2203
f 2203 2148 2168
f 2203 2168 2188
f 2203 2188 2240
f 2240 2188 2204
f 2240 2204 2207
f 2240 2207 2223
f 2223 2207 2197
f 1971 1968 1934
f 1934 1968 1918
f 1934 1918 1898
f 1898 1918 1862
f 1934 1898 1885
f 1804 1764 1772
f 1737 1679 1647
f 1647 1679 1633
f 1647 1633 1491
f 1491 1633 1515
f 1491 1515 1313
f 1491 1313 1199
f 1491 1199 1334
f 1334 1199 1171
f 1199 1313 1112
f 1171 1199 1049
f 1049 1199 1112
f 1049 1112 3287
f 3287 1112 3283
f 3287 3283 3531
f 3287 3531 3395
f 3531 3283 3599
f 3531 3599 3651
f 3651 3599 3684
f 3651 3684 3776
f 3776 3684 3761
f 3776 3761 3834
f 3776 3834 3906
f 3913 3834 3871
f 3913 3906 3834
f 4072 4002 4046
f 4072 4046 4114
f 4072 4114 4155
f 4155 4114 4177
f 4155 4177 4198
f 4198 4177 4223
f 4198 4223 4271
f 4271 4223 4266
f 4271 4266 4302
f 4271 4302 4321
f 4321 4302 4341
f 4321 4341 4348
f 3985 4046 4002
f 4046 3985 4029
f 3985 4002 3913
f 4029 3985 3943
f 3985 3913 3899
f 3985 3899 3943
f 3899 3913 3871
f 4029 3943 4088
f 3899 3871 3834
f 3943 3899 3846
f 3846 3899 3834
f 3846 3834 3753
f 3753 3834 3761
f 3753 3761 3684
f 3846 3753 3748
f 3943 3846 3998
f 3998 3846 3748
f 3943 3998 4088
f 3998 3748 4010
f 4088 3998 4089
f 4089 3998 4010
f 4088 4089 4240
f 4089 4010 4158
f 4089 4158 4240
f 3832 4011 4010
f 4010 4011 4158
f 4158 4011 4065
f 4158 4065 4146
f 4158 4146 4335
f 4335 4146 4196
f 4240 4158 4349
s 0
f 4419 4232 4240
s 1
f 4419 4240 4349
f 4349 4158 4273
f 4273 4158 4335
f 4419 4349 4474
f 4419 4474 4631
f 4349 4273 4436
f 4349 4436 4474
f 4436 4273 4335
f 4474 4436 4631
f 4631 4436 4635
f 4436 4335 4486
f 4436 4486 4635
f 4635 4486 4544
f 4635 4544 4649
f 4649 4544 4675
f 4649 4675 4758
f 4544 4486 4455
f 4486 4335 4369
f 4486 4369 4455
f 4369 4335 4196
f 4455 4369 4263
f 4263 4369 4196
f 2204 2188 2224
f 2204 2224 2212
f 3283 3391 3599
f 3599 3391 3629
f 3599 3629 3684
f 3684 3629 3753
f 3753 3629 3748
f 3391 3283 3330
f 3629 3391 3452
f 3452 3391 3330
f 3629 3452 3602
f 3629 3602 3748
f 3602 3452 3372
f 3372 3452 3330
f 3748 3602 3702
f 4010 3748 3832
f 3832 3748 3702
f 3602 3372 3519
f 3602 3519 3702
f 3372 3330 949
f 3519 3372 934
f 934 3372 949
f 3832 3702 3893
f 3832 3893 4011
s 0
f 4011 3893 4065
s 1
f 3702 3519 3538
f 3519 934 3261
f 3519 3261 3538
f 3261 934 1149
f 1149 934 949
s 0
f 3771 3893 3702
f 3771 3702 3538
f 3941 4065 3893
s 1
f 3941 3893 3771
s 0
f 4065 3941 4043
s 1
f 4065 4043 4146
s 0
f 3941 3771 3826
s 1
f 4043 3941 4038
f 4038 3941 3826
f 4146 4043 4120
f 4120 4043 4038
f 4146 4120 4196
f 4196 4120 4139
f 4139 4120 4038
f 4196 4139 4263
f 4263 4139 4305
f 4263 4305 4455
f 4139 4038 4007
f 3926 4038 3826
f 4038 3926 4007
s 0
f 3926 3826 3804
s 1
f 3926 3804 4007
f 4139 4007 4069
f 4139 4069 4305
f 4007 3804 3959
f 4007 3959 4069
f 4305 4069 4251
f 4251 4069 4085
f 4305 4251 4393
f 4085 4069 3966
f 3966 4069 3959
f 4085 3966 3934
f 3934 3966 3762
f 4305 4393 4434
f 4305 4434 4455
f 4434 4393 4346
f 4346 4393 4270
f 4455 4434 4468
f 4455 4468 4544
f 4434 4346 4385
f 4434 4385 4468
f 4544 4468 4510
f 4510 4468 4385
f 4544 4510 4675
f 4385 4346 4323
f 4323 4346 4289
f 4385 4323 4416
f 4510 4385 4574
f 4510 4574 4675
f 4574 4385 4416
f 4675 4574 4678
f 4574 4416 4456
f 4678 4574 4646
f 4646 4574 4456
f 4678 4646 4654
f 4646 4456 4406
f 4406 4456 4395
f 4395 4456 4430
f 1112 975 3283
f 3283 975 3330
f 3330 975 955
f 3330 955 949
f 949 955 1149
f 955 975 1134
f 1134 975 1112
f 955 1134 1149
f 1134 1112 1307
f 1134 1307 1149
f 1307 1112 1420
f 1420 1112 1313
f 1420 1313 1430
f 1149 1307 1406
f 1149 1406 1191
f 1149 1191 3261
f 1191 1406 1217
f 1217 1406 1440
f 3261 1191 3232
f 3232 1191 1217
f 3261 3232 3538
f 1217 1440 1088
f 1217 1088 3232
f 3538 3232 3258
f 3258 3232 1088
f 3538 3258 3571
f 3538 3571 3771
f 3258 1088 3228
f 3258 3228 3571
f 1397 1088 1440
f 1397 1440 1673
f 3228 1088 1145
f 1145 1088 1397
f 1397 1673 1506
f 1397 1506 1145
f 1506 1673 1696
f 3571 3826 3771
f 3265 3571 3228
f 3265 3228 1145
f 3826 3571 3585
f 3571 3265 3236
f 3571 3236 3585
f 3236 3265 1145
f 3826 3585 3804
f 3236 1145 951
f 3585 3236 3268
f 3268 3236 951
f 3804 3585 3473
f 3473 3585 3268
s 0
f 3804 3473 3691
f 3804 3691 3959
s 1
f 3959 3691 3966
f 943 951 1145
f 951 943 3268
f 943 1145 1299
f 1299 1145 1506
f 3268 943 3284
f 3268 3284 3473
f 3284 943 947
f 947 943 1299
f 3473 3284 3487
f 3473 3487 3691
f 3284 947 941
f 941 947 1299
f 3284 941 3487
f 1536 1299 1506
f 1536 1506 1696
f 1299 1536 1562
f 1562 1536 1696
f 941 1299 1269
f 1269 1299 1562
f 3487 941 3249
f 3249 941 1269
f 3487 3249 3267
f 3267 3249 1269
f 1828 1853 1696
f 1696 1853 1831
s 0
f 1696 1831 1562
s 1
f 1831 1853 1967
f 1831 1967 1993
f 1831 1993 1902
f 1831 1902 1791
f 1831 1791 1723
f 1831 1723 1562
f 1723 1791 1607
f 1723 1607 1562
f 1562 1607 1337
f 1562 1337 1269
f 1337 1607 1154
f 1269 1337 972
f 972 1337 1154
f 1269 972 3267
f 3267 972 3277
f 972 1154 3256
f 972 3256 3277
f 3256 1154 3238
f 3256 3238 3436
f 3277 3256 3470
f 3277 3470 3267
f 3470 3256 3436
f 3267 3470 3487
f 3470 3436 3773
f 3470 3773 3487
f 3773 3436 3762
f 3487 3773 3691
f 3773 3762 3966
f 3773 3966 3691
f 4374 4355 4364
f 4355 4374 4360
f 4360 4374 4377
f 4360 4377 4359
f 4348 4364 4355
f 4364 4348 4341
f 4364 4341 4387
f 4387 4341 4302
f 4364 4387 4414
f 4364 4414 4374
f 4374 4414 4425
f 4374 4425 4377
f 4425 4414 4482
f 4377 4425 4372
f 4377 4372 4359
f 4425 4482 4463
f 4425 4463 4372
f 4482 4414 4480
f 4480 4414 4387
f 4482 4480 4493
f 4372 4463 4415
f 4372 4415 4362
f 4362 4415 4392
f 4392 4415 4426
f 4415 4463 4464
f 4426 4415 4470
f 4470 4415 4464
f 4470 4464 4475
f 4470 4475 4489
f 4470 4489 4523
f 4523 4489 4566
f 4566 4489 4496
f 4523 4566 4618
f 4566 4496 4497
f 4566 4497 4551
f 4618 4566 4624
f 4624 4566 4551
f 4551 4497 4493
f 4618 4624 4672
f 4624 4551 4634
f 4624 4634 4672
f 4551 4493 4488
f 4488 4493 4480
f 4551 4488 4562
f 4551 4562 4634
f 4488 4480 4444
f 4488 4444 4562
f 4444 4480 4387
f 4444 4387 4437
f 4437 4387 4302
f 4562 4444 4513
f 4513 4444 4437
f 4437 4302 4400
f 4400 4302 4266
f 4513 4437 4442
f 4442 4437 4400
f 4400 4266 4342
f 4400 4342 4442
f 4342 4266 4223
f 4513 4442 4604
f 4342 4223 4279
f 4279 4223 4177
f 4442 4342 4495
f 4442 4495 4604
f 4342 4279 4424
f 4342 4424 4495
f 4279 4177 4138
f 4138 4177 4114
f 4138 4114 4046
f 4279 4138 4315
f 4279 4315 4424
f 4138 4046 4111
f 4138 4111 4315
f 4111 4046 4029
f 4111 4029 4088
f 4315 4111 4312
f 4312 4111 4232
f 4312 4232 4419
f 4315 4312 4452
f 4452 4312 4419
f 4315 4452 4424
f 4452 4419 4559
f 4559 4419 4631
f 4424 4452 4530
f 4452 4559 4628
f 4452 4628 4530
f 4424 4530 4495
f 4559 4631 4711
f 4559 4711 4628
f 4711 4631 4635
f 4495 4530 4681
f 4495 4681 4604
f 4530 4628 4677
f 4530 4677 4681
f 4711 4635 4758
f 4758 4635 4649
f 4757 4628 4711
f 4711 4758 4855
f 4711 4855 4757
f 4628 4757 4734
f 4628 4734 4677
f 4734 4757 4816
f 4816 4757 4855
f 4677 4734 4731
f 4734 4816 4849
f 4734 4849 4731
f 4816 4855 4906
f 4828 4855 4758
f 4828 4758 4675
f 4855 4828 4912
f 4855 4912 4906
f 4828 4675 4866
f 4828 4866 4912
f 4866 4675 4717
f 4866 4717 4768
f 4912 4866 4968
f 4912 4968 4906
f 4866 4768 4889
f 4889 4768 4801
f 4866 4889 4983
f 4866 4983 4968
f 4889 4801 4945
f 4945 4801 4812
f 4983 4889 5002
f 5002 4889 4945
f 4968 4983 5042
f 5042 4983 5002
f 4945 4812 4976
f 4976 4812 4826
f 5002 4945 5086
f 5086 4945 4976
f 5042 5002 5067
f 5067 5002 5086
f 5042 5067 5165
f 5165 5067 5086
f 4976 4826 4955
f 4955 4826 4838
f 5086 4976 5059
f 5059 4976 4955
f 4955 4838 4963
f 4955 4963 5059
f 4963 4838 4842
f 4963 4842 4845
f 4963 4845 4977
f 4977 4845 4831
f 5059 4963 5066
f 5066 4963 4977
f 4977 4831 4877
f 4877 4831 4799
f 5066 4977 5075
f 5059 5066 5174
f 5174 5066 5075
f 4877 4799 4787
f 4787 4799 4745
f 4787 4745 4695
f 4877 4787 4805
f 5075 4977 4975
f 4975 4977 4877
f 4975 4877 4903
f 4903 4877 4805
f 4903 4805 4844
f 4844 4805 4765
f 4903 4844 4879
f 4879 4844 4774
f 4975 4903 4974
f 4974 4903 4879
f 4879 4774 4770
f 4770 4774 4680
f 4770 4680 4616
f 4770 4616 4713
f 4713 4616 4557
f 4713 4557 4656
f 4656 4557 4575
f 4770 4713 4827
f 4770 4827 4879
f 4713 4656 4724
f 4713 4724 4827
f 4724 4656 4650
f 4724 4650 4746
f 4724 4746 4804
f 4724 4804 4827
f 4879 4827 4921
f 4921 4827 4804
f 4879 4921 4974
f 4921 4804 4862
f 4921 4862 4954
f 4921 4954 4974
f 4954 4862 4902
f 4954 4902 4946
f 4946 4902 4953
f 4974 4954 5076
f 5076 4954 4946
f 4946 4953 5074
f 4946 5074 5076
f 5074 4953 5018
f 5074 5018 5096
f 5096 5018 5062
f 5096 5062 5090
f 5074 5096 5169
f 5096 5090 5187
f 5096 5187 5169
f 5074 5169 5120
f 5074 5120 5076
f 5120 5169 5195
f 5120 5195 5076
f 5169 5187 5229
f 5169 5229 5195
f 5198 5187 5090
f 5187 5198 5229
f 5198 5090 5125
f 5229 5198 5259
f 5198 5125 5164
f 5164 5125 5145
f 5198 5164 5233
f 5198 5233 5259
f 5233 5164 5216
f 5233 5216 5259
f 5216 5164 5218
f 5218 5164 5145
f 5259 5216 5270
f 5270 5216 5218
f 5259 5270 5292
f 5266 5229 5259
f 5266 5259 5292
f 5229 5266 5255
f 5229 5255 5195
f 5255 5266 5294
f 5294 5266 5292
f 5195 5255 5231
f 5195 5231 5168
f 5195 5168 5076
f 5231 5255 5275
f 5275 5255 5294
f 5294 5292 5310
f 5294 5310 5275
f 5310 5292 5313
f 5313 5292 5293
f 5293 5292 5270
f 5310 5313 5332
f 5293 5270 5278
s 0
f 5313 5293 5323
f 5313 5323 5332
s 1
f 5323 5293 5278
f 5278 5270 5218
f 5323 5278 5284
f 5278 5218 5220
f 5284 5278 5253
f 5253 5278 5220
f 5323 5284 5307
s 0
f 5339 5332 5323
s 1
f 5339 5323 5307
f 5311 5310 5332
f 5310 5311 5275
f 5307 5284 5267
f 5307 5267 5282
f 5307 5282 5288
f 5267 5284 5251
f 5267 5251 5264
f 5251 5284 5253
f 5307 5288 5300
f 5251 5253 5240
f 5251 5240 5247
f 5247 5240 5232
f 5232 5240 5253
f 5232 5253 5214
f 5300 5288 5302
f 5214 5253 5220
f 5300 5302 5305
f 5214 5220 5203
f 5300 5305 5306
f 5203 5220 5182
f 5203 5182 5176
f 5182 5220 5152
f 5182 5152 5176
f 5176 5152 5149
f 5152 5220 5218
f 5149 5152 5139
f 5152 5218 5150
f 5152 5150 5139
f 5150 5218 5145
f 5139 5150 5146
f 5146 5150 5145
f 5330 5300 5306
f 5330 5306 5315
s 0
f 5300 5330 5339
s 1
f 5300 5339 5307
s 0
f 5330 5315 5340
f 5330 5340 5339
s 1
f 5340 5315 5321
f 5321 5315 5327
f 5321 5327 5329
f 5321 5329 5322
f 5321 5322 5340
f 5339 5340 5343
f 5339 5343 5332
s 0
f 5340 5322 5335
f 5335 5322 5318
f 5335 5318 5320
s 1
f 5335 5320 5316
f 5335 5316 5324
f 5332 5343 5337
f 5342 5343 5340
f 5342 5340 5335
f 5343 5342 5337
f 5332 5337 5311
s 0
f 5335 5324 5338
s 1
f 5335 5338 5342
f 5338 5324 5308
f 5338 5308 5303
f 5338 5303 5314
f 5311 5337 5304
f 5331 5337 5342
f 5337 5331 5304
f 5342 5338 5333
f 5331 5342 5326
f 5326 5342 5333
f 5331 5326 5309
f 5331 5309 5304
f 5326 5333 5317
f 5333 5338 5325
f 5325 5338 5314
f 5333 5325 5317
f 5304 5309 5291
f 5291 5309 5326
f 5296 5311 5304
f 5311 5296 5275
f 5304 5291 5277
f 5304 5277 5296
f 5291 5326 5279
f 5279 5326 5317
f 5275 5296 5269
f 5269 5296 5277
f 5275 5269 5246
f 5275 5246 5231
f 5269 5277 5261
f 5231 5246 5168
f 5261 5277 5244
f 5269 5261 5234
f 5269 5234 5246
f 5234 5261 5244
s 0
f 5168 5246 5206
f 5206 5246 5234
s 1
f 5206 5234 5174
f 5174 5234 5244
s 0
f 5168 5206 5155
s 1
f 5155 5206 5174
s 0
f 5168 5155 5040
s 1
f 5155 5174 5075
f 5155 5075 5040
s 0
f 5168 5040 5076
s 1
f 5040 5075 4975
f 5076 5040 4974
f 4974 5040 4975
f 5186 5174 5244
f 5174 5186 5059
f 5059 5186 5086
f 5086 5186 5177
f 5086 5177 5165
f 5177 5186 5224
f 5224 5186 5244
f 5177 5224 5165
f 5224 5244 5256
f 5256 5244 5277
f 5256 5277 5291
f 5256 5291 5279
f 5224 5256 5236
f 5236 5256 5279
f 5224 5236 5165
f 5236 5279 5274
f 5274 5279 5317
f 5165 5236 5199
f 5236 5274 5254
f 5236 5254 5199
f 5274 5317 5281
f 5274 5281 5254
f 5281 5317 5297
f 5199 5254 5241
f 5241 5254 5281
f 5165 5199 5159
f 5165 5159 5042
f 5297 5317 5325
f 5042 5159 5078
f 5159 5199 5193
f 5159 5193 5078
f 5193 5199 5241
s 0
f 5042 5078 4968
f 4968 5078 4988
s 1
f 4968 4988 4906
f 5078 5193 5156
f 5193 5241 5212
f 5193 5212 5156
s 0
f 4988 5078 5048
s 1
f 5048 5078 5156
f 4906 4988 4993
f 4993 4988 5048
f 4906 4993 4878
f 4906 4878 4816
f 4816 4878 4849
f 4878 4993 4958
f 4993 5048 5015
f 4993 5015 4958
f 5015 5048 5083
f 5083 5048 5156
f 4849 4878 4907
f 4907 4878 4958
f 4849 4907 4834
f 4849 4834 4731
f 4907 4958 4982
f 4982 4958 5015
f 4834 4907 4885
f 4885 4907 4982
f 4731 4834 4748
f 4731 4748 4677
f 4834 4885 4835
f 4834 4835 4748
f 4677 4748 4681
f 4982 5015 5054
f 5054 5015 5083
f 4885 4982 4947
f 4947 4982 5054
f 4885 4947 4896
f 4885 4896 4835
f 4681 4748 4737
f 4737 4748 4835
f 4835 4896 4815
f 4835 4815 4737
f 4815 4896 4809
f 4815 4809 4737
f 4966 4896 4947
f 4809 4896 4908
f 4908 4896 4966
f 5029 4947 5054
f 4947 5029 4966
f 5029 5054 5099
f 5099 5054 5083
f 4966 5029 5055
f 5099 5083 5163
f 5163 5083 5156
f 5163 5156 5212
f 5029 5099 5091
f 5029 5091 5055
f 5099 5163 5171
f 5099 5171 5091
f 5163 5212 5225
f 5163 5225 5171
f 5225 5212 5241
f 5225 5241 5265
f 5265 5241 5281
s 0
f 5265 5281 5297
s 1
f 5225 5265 5230
f 5225 5230 5171
f 5265 5297 5272
f 5265 5272 5230
f 5171 5230 5179
f 5171 5179 5091
f 5230 5272 5249
f 5230 5249 5179
s 0
f 5272 5297 5286
f 5249 5272 5276
f 5276 5272 5286
f 5286 5297 5312
f 5312 5297 5325
s 1
f 5312 5325 5314
s 0
f 5286 5312 5287
f 5287 5312 5314
f 5286 5287 5276
f 5287 5314 5295
f 5287 5295 5290
s 1
f 5287 5290 5283
f 5287 5283 5273
f 5287 5273 5276
f 5276 5273 5268
f 5276 5268 5258
f 5276 5258 5248
f 5276 5248 5238
f 5276 5238 5249
f 5249 5238 5179
f 5238 5248 5237
f 5237 5248 5239
f 5237 5239 5223
f 5237 5223 5205
f 5238 5237 5197
f 5238 5197 5179
f 5237 5205 5180
f 5237 5180 5197
f 5180 5205 5183
f 5179 5197 5141
f 5197 5180 5112
f 5197 5112 5141
f 5180 5183 5122
f 5180 5122 5112
f 5141 5112 5111
f 5141 5111 5094
f 5112 5122 5107
f 5141 5094 5071
f 5071 5094 5079
f 5108 5179 5141
f 5108 5141 5071
f 5179 5108 5091
f 5091 5108 5055
f 5071 5079 5068
f 5055 5108 5057
f 5057 5108 5071
f 5055 5057 5009
f 5055 5009 4966
f 4966 5009 4956
f 4966 4956 4908
s 0
f 4956 5009 4951
s 1
f 4956 4951 4908
f 5009 5057 5011
s 0
f 5009 5011 4951
s 1
f 5000 5057 5071
f 5057 5000 5011
f 4951 5011 4950
f 4950 5011 5000
f 4908 4951 4900
f 5032 5071 5068
f 5071 5032 5000
f 5032 5068 5060
f 5060 5068 5080
f 5060 5080 5084
f 5032 5060 5026
f 5032 5026 5016
f 5032 5016 5000
f 5000 5016 4998
f 5000 4998 4959
f 5000 4959 4950
f 5060 5084 5106
f 5106 5084 5098
f 5060 5106 5077
f 5106 5098 5107
f 5077 5106 5116
f 5106 5107 5122
f 5106 5122 5116
f 5116 5122 5157
f 5116 5157 5144
f 5144 5157 5128
f 5157 5122 5183
f 5157 5183 5252
f 5252 5183 5243
f 5157 5252 5245
f 5245 5252 5301
f 5157 5245 5235
f 2213 2176 2203
f 2213 2203 2238
f 2238 2203 2240
f 2176 2213 2282
f 2213 2238 2275
f 2213 2275 2282
f 2238 2240 2267
f 2238 2267 2275
f 2267 2240 2239
f 2239 2240 2223
f 2239 2223 2257
f 2257 2223 2202
f 2239 2257 2300
f 2239 2300 2267
f 2300 2257 2304
f 2267 2300 2323
f 2323 2300 2330
f 2267 2323 2333
f 2330 2300 2351
f 2351 2300 2304
f 2351 2304 2341
f 2267 2333 2343
f 2267 2343 2275
f 2343 2333 2355
f 2275 2343 2436
f 2351 2341 2484
f 2351 2484 2368
f 2368 2484 2355
f 2484 2341 2412
f 2343 2355 2471
f 2471 2355 2484
f 2343 2471 2436
f 2484 2412 2529
f 2471 2484 2557
f 2471 2557 2436
f 2484 2529 2598
f 2484 2598 2557
f 2598 2529 2572
f 2598 2572 2621
f 2436 2282 2275
f 2666 2673 2621
f 2621 2673 2598
f 2557 2598 2616
f 2616 2598 2618
f 2618 2598 2643
f 2643 2598 2673
f 2643 2673 2662
f 2662 2673 2664
f 2557 2616 2641
f 2664 2673 2698
f 2557 2641 2698
f 2664 2698 2661
f 2661 2698 2641
f 2698 2673 2744
f 2744 2673 2710
f 2557 2698 2675
f 2744 2710 2769
f 2769 2710 2768
f 2769 2768 2804
f 2744 2769 2782
f 2744 2782 2698
f 2769 2804 2822
f 2769 2822 2782
f 2822 2804 2846
f 2767 2675 2698
f 2767 2698 2782
f 2581 2557 2675
f 2557 2581 2436
f 2581 2675 2708
f 2708 2675 2767
f 2436 2581 2464
f 2436 2464 2282
f 2464 2581 2509
f 2509 2581 2708
f 2282 2464 2365
f 2365 2464 2509
f 2365 2509 2419
f 2282 2365 2280
f 2365 2419 2328
f 2365 2328 2280
f 2419 2509 2514
s 0
f 2419 2514 2328
s 1
f 2604 2509 2708
f 2509 2604 2514
f 2282 2280 2217
f 2282 2217 2176
f 2176 2217 2126
f 2126 2217 2094
f 2217 2280 2189
f 2217 2189 2094
f 2189 2280 2263
s 0
f 2263 2280 2328
s 1
f 2094 2189 2123
f 2123 2189 2263
f 2094 2123 2004
f 2004 2123 2040
f 2040 2123 2196
f 2123 2263 2255
f 2123 2255 2196
f 2255 2263 2328
f 2196 2255 2361
f 2361 2255 2328
f 2196 2361 2329
f 2361 2328 2514
f 2329 2361 2491
f 2361 2514 2505
f 2361 2505 2491
f 2505 2514 2657
f 2505 2657 2491
f 2657 2514 2604
f 2429 2283 2491
f 2429 2491 2596
f 2491 2657 2659
f 2491 2659 2596
f 2657 2604 2730
f 2657 2730 2659
f 2730 2604 2743
f 2596 2659 2732
f 2732 2659 2730
f 2743 2604 2708
f 2730 2743 2801
f 2730 2801 2732
f 2743 2708 2799
f 2799 2708 2767
f 2801 2743 2828
f 2828 2743 2799
f 2775 2596 2732
f 2596 2775 2655
f 2655 2775 2722
f 2722 2775 2815
f 2828 2799 2887
f 2891 2827 2815
f 2891 2815 2911
f 2815 2775 2884
f 2815 2884 2911
f 2891 2911 2976
f 2884 2775 2840
f 2840 2775 2732
f 2911 2884 2944
f 2884 2840 2897
f 2884 2897 2944
f 2840 2732 2835
f 2840 2835 2897
f 2835 2732 2801
f 2944 2897 2941
f 2941 2897 2835
f 2835 2801 2859
f 2835 2859 2941
f 2859 2801 2828
s 0
f 2859 2828 2887
s 1
f 2941 2859 2948
f 2948 2859 2887
f 2941 2948 3031
f 2948 2887 2985
f 2948 2985 3031
s 0
f 2985 2887 2981
s 1
f 2941 3031 2998
f 2941 2998 2944
f 3031 2985 3062
f 3062 2985 2981
f 2944 2998 2997
f 2944 2997 2911
f 2911 2997 2976
f 2997 2998 3091
f 3091 2998 3031
f 2976 2997 3068
f 3068 2997 3091
f 2976 3068 3077
f 2976 3077 2978
f 2978 3077 2982
f 3077 3068 3115
f 3115 3068 3091
f 2982 3077 3074
f 2982 3074 3021
f 3077 3115 3109
f 3077 3109 3074
f 3115 3091 3145
f 3109 3115 3128
f 3128 3115 3145
f 3074 3109 3114
f 3114 3109 3128
f 3074 3114 3097
f 3114 3128 3143
f 3143 3128 3145
f 3097 3114 3146
f 3146 3114 3143
f 3097 3146 3130
f 3097 3130 3088
f 3088 3130 3085
f 3130 3146 3154
f 3085 3130 3102
f 3085 3102 3064
f 3064 3102 3071
f 3102 3130 3137
f 3137 3130 3154
f 3102 3137 3121
f 3102 3121 3071
f 2980 3071 2999
f 2999 3071 2951
f 2951 3071 3089
f 3089 3071 3121
f 2951 3089 3029
f 3121 3137 3141
f 3141 3137 3154
f 3089 3121 3134
f 3134 3121 3141
f 3029 3089 3094
f 3134 3141 3153
f 3029 3094 3073
f 3029 3073 2993
f 3094 3089 3126
f 3126 3089 3134
f 3073 3094 3107
f 3107 3094 3126
f 3126 3134 3144
f 3126 3144 3107
f 3144 3134 3153
f 3073 3107 3054
f 3073 3054 2993
f 2993 3054 2988
f 2993 2988 2866
f 3054 3107 3061
f 3054 3061 2988
f 2988 3061 3004
f 2988 3004 2945
f 2988 2945 2902
f 3004 3061 3108
f 3108 3061 3107
f 3108 3107 3144
f 3004 3108 3046
f 3108 3144 3133
f 3108 3133 3046
f 3133 3144 3161
f 3161 3144 3153
f 3046 3133 3060
f 3046 3060 3045
f 3045 3060 3056
f 3056 3060 3063
f 3060 3133 3119
f 3060 3119 3063
f 3119 3133 3140
f 3140 3133 3161
f 3063 3119 3117
f 3117 3119 3140
f 3069 3059 3063
f 3069 3063 3084
f 3084 3063 3117
f 3069 3084 3066
f 3066 3084 3086
f 3086 3084 3100
f 3100 3084 3117
f 3086 3100 3101
f 3101 3100 3111
f 3111 3100 3117
f 3111 3117 3122
f 3122 3117 3152
f 3152 3117 3140
f 3122 3152 3131
f 3131 3152 3142
f 3152 3140 3169
f 3142 3152 3167
f 3167 3152 3169
f 3142 3167 3150
f 3169 3140 3161
f 3150 3167 3186
f 3150 3186 3158
f 3158 3186 3165
f 3165 3186 3171
f 3186 3167 3195
f 3195 3167 3169
f 3171 3186 3202
f 3202 3186 3195
s 0
f 3195 3169 3196
s 1
f 3196 3169 3161
f 3196 3161 3184
f 3184 3161 3153
f 3195 3196 3207
f 3195 3207 3202
f 3196 3184 3188
f 3188 3184 3153
f 3196 3188 3207
f 3202 3207 3208
f 3188 3153 3159
f 3159 3153 3141
s 0
f 3159 3141 3154
s 1
f 3188 3159 3180
s 0
f 3180 3159 3154
s 1
f 3207 3188 3201
f 3201 3188 3180
f 3210 3208 3207
f 3210 3207 3201
f 3208 3210 3209
s 0
f 3208 3209 3202
f 3180 3154 3166
f 3166 3154 3146
f 3166 3146 3143
s 1
f 3180 3166 3192
f 3180 3192 3201
f 3166 3143 3187
f 3166 3187 3192
f 3201 3192 3204
f 3204 3192 3187
f 3201 3204 3210
f 3187 3143 3160
f 3160 3143 3145
f 3204 3187 3193
f 3193 3187 3160
f 3210 3204 3206
f 3206 3204 3193
f 3210 3206 3209
f 3160 3145 3162
f 3160 3162 3193
f 3162 3145 3138
f 3138 3145 3091
f 3193 3162 3182
f 3162 3138 3151
f 3162 3151 3182
f 3138 3091 3099
f 3099 3091 3031
f 3099 3031 3062
f 3138 3099 3123
f 3123 3099 3062
f 3138 3123 3151
f 3199 3193 3182
f 3193 3199 3206
s 0
f 3156 3182 3151
s 1
f 3206 3199 3205
f 3199 3182 3189
f 3199 3189 3205
s 0
f 3189 3182 3156
s 1
f 3206 3205 3209
s 0
f 3209 3205 3203
s 1
f 3203 3205 3194
f 3194 3205 3189
f 3209 3203 3200
f 3200 3203 3194
f 3149 3156 3148
f 3148 3156 3139
f 3139 3156 3136
f 3136 3156 3151
f 3139 3136 3129
f 3129 3136 3120
f 3155 3189 3156
f 3189 3155 3157
f 3189 3157 3163
f 3189 3163 3168
f 3189 3168 3194
f 3194 3168 3172
f 3194 3172 3173
f 3194 3173 3176
f 3194 3176 3200
f 3200 3176 3181
f 3200 3181 3178
f 3200 3178 3177
f 3200 3177 3198
f 3200 3198 3209
f 3198 3177 3175
f 3209 3198 3202
f 3198 3175 3171
f 3198 3171 3202
f 1672 1603 1597
f 1597 1603 1430
f 1430 1603 1420
f 1603 1672 1755
f 1755 1672 1764
f 1420 1603 1539
f 1420 1539 1307
f 1307 1539 1406
f 1406 1539 1610
f 1406 1610 1440
f 1440 1610 1673
f 1610 1539 1750
f 1673 1610 1748
f 1748 1610 1750
f 1673 1748 1828
f 1673 1828 1696
f 1712 1539 1603
f 1539 1712 1750
f 1712 1603 1689
f 1689 1603 1755
f 1712 1689 1856
f 1856 1689 1755
f 1750 1712 1814
f 1814 1712 1856
f 1883 1748 1750
f 1748 1883 1828
f 1750 1814 1854
f 1750 1854 1883
f 1814 1856 1937
f 1814 1937 1854
f 1883 1854 1931
f 1931 1854 1937
f 1828 1883 1930
f 1930 1883 1931
f 1931 1937 2029
f 1937 1856 1951
f 1937 1951 2029
f 1930 1931 2018
f 2018 1931 2029
f 1828 1930 1990
f 1930 2018 2027
f 1930 2027 1990
f 2018 2029 2177
f 2027 2018 2115
f 2115 2018 2177
f 2027 2115 2139
f 2027 2139 1990
f 1828 1990 1949
f 1828 1949 1853
f 1853 1949 1967
f 1949 1990 2034
f 1949 2034 1967
f 2034 1990 2139
f 1967 2034 2151
f 2151 2034 2139
f 1967 2151 2205
f 1967 2205 1993
f 2205 2151 2254
f 1993 2205 2192
f 2205 2254 2317
f 2205 2317 2192
f 2192 2317 2262
f 2192 2262 2155
f 2192 2155 2060
f 1993 2192 1902
f 2192 2060 1938
f 2192 1938 1902
f 1902 1938 1791
f 1791 1938 1766
f 1791 1766 1607
f 2246 2254 2151
f 2246 2151 2139
f 2254 2246 2310
f 2246 2139 2244
f 2244 2139 2115
f 2310 2246 2324
f 2324 2246 2244
f 2310 2324 2416
f 2244 2115 2177
f 2324 2244 2319
f 2319 2244 2177
f 2324 2319 2435
f 2324 2435 2416
f 2319 2177 2303
f 2416 2435 2562
s 0
f 2435 2319 2418
f 2418 2319 2303
f 2435 2418 2548
f 2435 2548 2562
f 2548 2418 2560
f 2560 2418 2303
f 2562 2548 2647
s 1
f 2647 2548 2560
f 2392 2416 2562
f 2560 2303 2429
f 2560 2429 2596
f 2560 2596 2655
s 0
f 2560 2655 2647
f 2647 2655 2722
s 1
f 2348 2317 2392
f 2348 2392 2457
f 2457 2392 2546
f 2546 2392 2562
s 0
f 2647 2722 2760
s 1
f 2760 2722 2815
f 2760 2815 2827
s 0
f 2651 2562 2647
s 1
f 2562 2651 2546
f 2651 2647 2760
f 2546 2651 2635
f 2651 2760 2742
s 0
f 2651 2742 2635
s 1
f 2742 2760 2827
f 2546 2635 2515
f 2460 2457 2515
f 2460 2515 2530
f 2515 2635 2568
f 2515 2568 2530
f 2568 2635 2742
f 2530 2568 2561
f 2561 2568 2611
f 2611 2568 2742
f 2561 2611 2573
f 2606 2592 2611
f 2606 2611 2674
f 2606 2674 2607
f 2607 2674 2676
f 2674 2611 2720
f 2720 2611 2742
f 2676 2674 2711
f 2674 2720 2739
f 2674 2739 2711
f 2676 2711 2679
f 2739 2720 2824
f 2739 2824 2711
s 0
f 2720 2742 2794
s 1
f 2720 2794 2824
f 2794 2742 2827
f 2794 2827 2891
f 2794 2891 2895
f 2794 2895 2824
f 2895 2891 2976
f 2895 2976 2978
f 2895 2978 2932
f 2895 2932 2824
f 2932 2978 2982
f 2932 2982 3021
f 2824 2932 2830
f 2824 2830 2711
f 2932 3021 2979
f 2979 3021 3074
s 0
f 2830 2932 2880
s 1
f 2880 2932 2979
f 2711 2830 2748
f 2748 2830 2880
f 2711 2748 2679
f 2679 2748 2706
f 2979 3074 2984
f 2984 3074 3097
f 2706 2748 2745
f 2745 2748 2880
f 2706 2745 2688
f 2984 3097 3088
f 2688 2745 2741
f 2688 2741 2680
f 2745 2880 2790
f 2745 2790 2741
f 2920 2880 2979
f 2880 2920 2790
f 2920 2979 2984
f 2790 2920 2904
f 2904 2920 2984
f 2741 2790 2756
f 2756 2790 2904
f 2741 2756 2714
f 2714 2756 2740
f 2756 2904 2810
f 2756 2810 2740
f 2904 2984 2986
f 2986 2984 3088
f 2986 3088 3085
f 2904 2986 2901
f 2904 2901 2810
f 2986 3085 2989
f 2986 2989 2901
f 2989 3085 3064
f 2761 2740 2810
f 2761 2810 2901
f 2740 2761 2725
f 2725 2761 2754
f 2725 2754 2717
f 2761 2901 2893
f 2761 2893 2754
f 2893 2901 2989
f 2717 2754 2700
s 0
f 2980 2989 3064
s 1
f 2980 3064 3071
f 2700 2754 2712
f 2700 2712 2681
f 2754 2893 2784
f 2754 2784 2712
f 2883 2893 2989
f 2893 2883 2784
f 2889 2989 2980
s 0
f 2989 2889 2883
s 1
f 2889 2980 2910
f 2910 2980 2999
s 0
f 2883 2889 2796
f 2883 2796 2784
f 2796 2889 2808
s 1
f 2808 2889 2910
f 2910 2999 2951
f 2784 2796 2723
f 2784 2723 2712
s 0
f 2796 2808 2726
f 2796 2726 2723
s 1
f 2712 2723 2640
f 2640 2723 2726
f 2712 2640 2646
s 0
f 2726 2808 2746
s 1
f 2646 2640 2564
f 2646 2564 2507
f 2640 2726 2648
f 2648 2726 2746
f 2564 2640 2553
f 2553 2640 2648
f 2507 2564 2394
f 2394 2564 2553
f 2553 2648 2582
f 2553 2582 2394
f 2582 2648 2746
f 2819 2746 2808
f 2819 2808 2910
f 2582 2746 2587
f 2819 2910 2908
f 2908 2910 2951
f 2746 2819 2759
f 2746 2759 2587
f 2819 2908 2903
f 2903 2908 2951
f 2759 2819 2823
f 2823 2819 2903
f 2903 2951 2874
f 2903 2874 2823
f 2993 2951 3029
f 2951 2993 2919
f 2951 2919 2874
f 2919 2993 2866
f 2919 2866 2797
f 2919 2797 2874
f 2797 2866 2821
f 2797 2821 2687
f 2797 2687 2682
f 2874 2797 2805
f 2874 2805 2823
f 2805 2797 2682
f 2682 2687 2569
f 2823 2805 2734
f 2734 2805 2682
f 2823 2734 2703
f 2823 2703 2759
f 2759 2703 2587
f 2703 2734 2644
f 2644 2734 2682
f 2682 2569 2545
f 2682 2545 2644
f 2545 2569 2477
f 2703 2644 2563
f 2703 2563 2587
f 2644 2545 2489
f 2644 2489 2563
f 2545 2477 2409
f 2545 2409 2489
f 2409 2477 2316
f 2409 2316 2325
f 2409 2325 2489
f 2325 2316 2228
f 2563 2489 2387
f 2387 2489 2325
f 2325 2228 2236
f 2325 2236 2387
f 2236 2228 2118
f 2563 2387 2385
f 2563 2385 2587
f 2387 2236 2265
f 2387 2265 2385
f 2236 2118 2104
f 2236 2104 2265
f 2104 2118 2000
f 2265 2104 2075
f 2075 2104 1939
f 1939 2104 1894
f 1894 2104 2000
f 1894 2000 1909
f 2117 2385 2265
f 2415 2587 2385
f 2587 2415 2582
f 2582 2415 2394
f 2415 2385 2322
f 2322 2385 2117
f 2394 2415 2306
f 2306 2415 2322
f 2394 2306 2507
f 2322 2117 2229
f 2322 2229 2306
f 2229 2117 2160
f 2229 2160 2306
f 2306 2160 2507
f 2160 2117 2028
f 2507 2160 2374
f 2160 2028 2068
f 2160 2068 2374
f 4336 4358 4359
f 2122 2197 2163
f 2112 2122 2163
f 1851 1764 1825
f 1764 1851 1755
f 1851 1825 1884
f 1884 1825 1865
f 1755 1851 1876
f 1755 1876 1856
f 1884 1865 1921
f 1856 1876 1951
f 1884 1921 1932
f 1884 1932 1851
f 1876 1851 1955
f 1955 1851 1932
f 1876 1955 1951
f 1932 1921 2017
f 1932 2017 1955
f 2040 1921 2004
f 1921 2040 2017
f 2017 2040 2196
f 2017 2196 2143
f 1955 2017 2042
f 1955 2042 1951
f 2042 2017 2143
f 2143 2196 2283
f 2143 2283 2042
f 2283 2196 2329
f 2283 2329 2491
f 1951 2042 2085
f 2085 2042 2283
f 1951 2085 2029
f 2085 2283 2296
f 2296 2283 2429
f 2296 2429 2303
f 2085 2296 2154
f 2085 2154 2029
f 2154 2296 2303
f 2029 2154 2177
f 2177 2154 2303
f 4336 4276 4268
f 4336 4359 4372
f 2223 2197 2122
f 2223 2122 2202
f 4276 4336 4339
f 4336 4362 4339
f 4339 4362 4392
f 4339 4392 4353
f 4339 4353 4276
f 4276 4353 4301
f 4301 4353 4354
f 4353 4392 4394
f 4353 4394 4354
f 4394 4392 4426
f 4354 4394 4435
f 4435 4394 4426
f 4354 4435 4404
f 4435 4426 4458
f 4458 4426 4470
f 4458 4470 4523
f 4435 4458 4485
f 4435 4485 4404
f 4485 4458 4523
f 4404 4485 4448
f 4485 4523 4525
f 4485 4525 4448
f 4525 4523 4618
f 4448 4525 4490
f 4490 4525 4605
f 4605 4525 4618
f 4490 4605 4577
f 4605 4618 4662
f 4605 4662 4577
f 4662 4618 4672
f 4577 4662 4632
f 4662 4672 4719
f 4632 4662 4698
f 4698 4662 4719
f 4632 4698 4696
f 4632 4696 4671
f 4698 4719 4760
f 4698 4760 4696
f 4760 4719 4784
f 4696 4760 4736
f 4760 4784 4819
f 4736 4760 4824
f 4824 4760 4819
f 4824 4819 4858
f 4824 4858 4859
f 4859 4858 4888
f 4859 4888 4892
f 4892 4888 4920
f 4920 4888 4933
f 4920 4933 4936
f 4936 4933 4959
f 4920 4936 4938
f 4936 4959 4952
f 4936 4952 4938
f 4952 4959 4998
f 4938 4952 4984
f 4984 4952 4998
f 4984 4998 5016
f 4984 5016 5013
f 5013 5016 5026
f 5013 5026 5022
f 5022 5026 5060
f 5022 5060 5077
f 5022 5077 5036
f 5036 5077 5063
f 5063 5077 5116
f 5063 5116 5100
f 5100 5116 5144
f 4362 4336 4372
f 2015 2036 2077
f 2036 2015 1954
f 1954 2015 1943
f 1954 1943 1887
f 1887 1943 1855
f 1887 1855 1793
f 4208 4166 4152
f 4166 4208 4237
f 4152 4166 4126
f 4152 4126 4103
f 4103 4126 4054
f 4103 4054 4050
f 4050 4054 3992
f 2122 2125 2202
f 2202 2125 2157
f 2202 2157 2250
f 2202 2250 2257
f 2250 2157 2248
f 2257 2250 2304
f 2250 2248 2313
f 2250 2313 2304
f 2313 2248 2295
f 2304 2313 2341
f 2313 2295 2338
f 2341 2313 2412
f 2313 2338 2391
f 2313 2391 2412
f 2391 2338 2421
f 2412 2391 2500
f 2500 2391 2421
f 2412 2500 2529
f 2500 2421 2518
f 2529 2500 2572
f 2572 2500 2518
f 2572 2518 2594
f 2572 2594 2621
f 2621 2594 2666
f 2666 2594 2565
f 2036 2055 2077
f 2055 2036 1991
f 4170 4237 4244
f 4244 4237 4276
f 4170 4244 4267
f 4267 4244 4352
f 4170 4267 4258
f 4258 4267 4352
f 4170 4258 4184
f 4170 4184 4107
f 4258 4352 4396
f 4396 4352 4472
f 4184 4258 4250
f 4250 4258 4396
f 4107 4184 4101
f 4101 4184 4250
f 4107 4101 4031
f 4107 4031 4054
f 4054 4031 3992
f 3992 4031 3891
f 4031 4101 4119
f 4119 4101 4250
f 4031 4119 4008
f 4031 4008 3891
f 4119 4250 4210
f 3653 3721 3891
f 4008 4119 4125
f 4125 4119 4210
f 4008 4125 4044
f 3891 4008 3953
f 3953 4008 4044
f 3653 3891 3765
f 3765 3891 3953
f 3653 3765 3646
f 3653 3646 3355
f 3355 3646 3301
f 3765 3953 3856
f 3765 3856 3646
f 3856 3953 4044
f 3380 3646 3668
f 3668 3646 3851
f 3851 3646 3856
f 3668 3851 3775
f 3856 4044 4000
f 3856 4000 3851
f 3775 3851 3942
f 3942 3851 4000
f 3775 3942 3825
f 3825 3942 3991
f 3825 3991 3843
f 3843 3991 3925
f 3991 3942 4079
f 4079 3942 4000
f 3925 3991 4087
f 4087 3991 4079
f 3925 4087 4021
f 4079 4000 4151
f 4151 4000 4044
f 4087 4079 4159
f 4159 4079 4151
f 4021 4087 4167
f 4151 4044 4225
f 4225 4044 4125
f 4225 4125 4210
f 4151 4225 4329
f 4151 4329 4159
f 4225 4210 4331
f 4225 4331 4329
f 4331 4210 4327
f 4327 4210 4250
f 4329 4331 4454
f 4454 4331 4327
f 4327 4250 4441
f 4327 4441 4454
f 4441 4250 4396
f 4441 4396 4462
f 4462 4396 4472
f 4462 4472 4555
f 4441 4462 4541
f 4541 4462 4555
f 4441 4541 4454
f 4541 4555 4671
f 4454 4541 4568
s 0
f 4541 4671 4659
s 1
f 4541 4659 4568
f 4779 4755 4671
f 4671 4755 4659
f 4568 4659 4547
f 4568 4547 4454
f 4659 4755 4743
f 4743 4755 4853
f 4547 4659 4668
f 4668 4659 4743
f 4743 4853 4820
f 4820 4853 4869
f 4820 4869 4843
f 4820 4843 4743
f 4843 4869 4909
f 4668 4743 4726
f 4726 4743 4843
f 4625 4547 4668
f 4625 4668 4726
f 4450 4454 4547
f 4450 4547 4625
f 4454 4450 4329
f 4726 4843 4751
f 4726 4751 4625
f 4894 4843 4909
f 4894 4909 4928
f 4894 4928 4943
f 4843 4894 4813
f 4843 4813 4751
f 4894 4943 4904
f 4894 4904 4813
f 4904 4943 4992
s 0
f 4751 4813 4830
s 1
f 4830 4813 4904
f 4904 4992 4911
f 4904 4911 4830
f 4911 4992 5005
f 4911 5005 4978
f 4978 5005 5019
f 4978 5019 5024
s 0
f 4751 4830 4741
f 4751 4741 4665
s 1
f 4830 4911 4901
f 4901 4911 4978
s 0
f 4751 4665 4625
s 1
f 4741 4830 4727
s 0
f 4741 4727 4665
s 1
f 4625 4665 4563
f 4625 4563 4477
f 4625 4477 4450
f 4563 4665 4503
f 4563 4503 4477
f 4503 4665 4673
f 4673 4665 4727
f 4477 4503 4345
f 4503 4673 4508
f 4503 4508 4345
f 4326 4450 4477
f 4450 4326 4329
f 4329 4326 4159
f 4326 4477 4363
f 4363 4477 4345
f 4159 4326 4216
f 4216 4326 4363
f 4216 4363 4345
f 4159 4216 4087
f 4087 4216 4167
f 4167 4216 4345
f 4167 4345 4351
s 0
f 4351 4345 4508
s 1
f 4167 4351 4187
f 4351 4508 4366
f 4351 4366 4187
f 4167 4187 4094
f 4167 4094 4021
f 4021 4094 3957
f 4094 4187 4163
f 4094 4163 4003
f 4163 4187 4278
f 4278 4187 4366
f 4163 4278 4283
f 4163 4283 4133
f 4278 4366 4391
f 4278 4391 4283
f 4133 4283 4190
f 4133 4190 4081
f 4081 4190 4117
f 4190 4283 4257
f 4190 4257 4117
f 4257 4283 4391
f 4117 4257 4199
f 4117 4199 4121
f 4121 4199 4076
f 4199 4257 4308
f 4199 4308 4303
s 0
f 4303 4308 4390
s 1
f 4308 4257 4382
f 4308 4382 4390
f 4382 4257 4391
f 4390 4382 4483
f 4390 4483 4453
f 4453 4483 4542
f 4483 4382 4469
f 4469 4382 4391
f 4542 4483 4564
f 4564 4483 4469
f 4469 4391 4481
f 4481 4391 4366
f 4469 4481 4570
f 4469 4570 4564
f 4481 4366 4494
f 4481 4494 4570
f 4494 4366 4508
f 4494 4508 4652
f 4494 4652 4570
f 4652 4508 4673
f 4652 4673 4727
s 0
f 4570 4652 4684
f 4652 4727 4749
f 4652 4749 4684
f 4570 4684 4685
s 1
f 4570 4685 4564
s 0
f 4684 4749 4725
f 4684 4725 4685
s 1
f 4749 4727 4823
f 4725 4749 4800
f 4800 4749 4823
f 4823 4727 4817
f 4817 4727 4830
f 4817 4830 4901
f 4817 4901 4881
f 4881 4901 4978
f 4823 4817 4893
s 0
f 4893 4817 4881
s 1
f 4800 4823 4872
f 4872 4823 4893
f 4841 4725 4800
f 4841 4800 4872
f 4881 4978 4965
f 4881 4965 4893
f 4965 4978 5049
f 5049 4978 5024
f 4893 4965 4970
f 4893 4970 4872
f 4965 5049 5073
f 4965 5073 4970
f 5049 5024 5039
f 4970 5073 5085
f 5049 5039 5109
f 5109 5039 5210
f 5109 5210 5204
f 5210 5039 5211
f 5211 5039 5128
f 5211 5128 5235
f 5235 5128 5157
f 4970 5085 5028
f 5028 5085 5097
f 5028 5097 5110
f 5028 5110 5115
f 4970 5028 4969
f 4970 4969 4872
f 5028 5115 5064
f 5028 5064 4969
f 5064 5115 5127
f 4872 4969 4949
f 4949 4969 5064
f 5064 5127 5044
f 5064 5044 4949
f 5044 5127 5134
f 5044 5134 5132
f 4872 4949 4891
f 5044 5132 5135
f 4872 4891 4841
f 4949 5044 4964
f 4891 4949 4875
f 4891 4875 4841
f 4875 4949 4964
f 4964 5044 4960
f 4964 4960 4875
f 5044 5135 5104
f 5044 5104 4960
f 5104 5135 5138
f 5104 5138 5118
f 5118 5138 5137
f 4960 5104 5045
f 5045 5104 5118
f 5118 5137 5119
f 5118 5119 5045
f 5119 5137 5130
f 5119 5130 5126
f 5119 5126 5052
f 5119 5052 5045
f 5052 5126 5121
f 5052 5121 5113
f 5045 5052 4980
f 5045 4980 4960
f 5052 5113 5035
s 0
f 5052 5035 4980
s 1
f 5035 5113 5105
f 4960 4980 4886
f 4960 4886 4875
s 0
f 4980 5035 4957
s 1
f 4957 5035 5105
f 4886 4980 4884
f 4884 4980 4957
f 4875 4886 4836
f 4886 4884 4825
f 4886 4825 4836
f 4875 4836 4821
f 4875 4821 4841
f 4821 4836 4747
f 4747 4836 4825
f 4841 4821 4753
f 4753 4821 4747
f 4841 4753 4725
f 4725 4753 4685
f 4685 4753 4670
f 4670 4753 4747
f 4685 4670 4564
f 4564 4670 4658
f 4658 4670 4747
f 4564 4658 4542
f 4542 4658 4614
f 4614 4658 4637
f 4637 4658 4747
f 4637 4747 4730
f 4730 4747 4825
f 4637 4730 4645
f 4645 4730 4682
f 4645 4682 4613
f 4613 4682 4518
f 4730 4825 4756
f 4730 4756 4682
f 4518 4682 4550
f 4518 4550 4446
f 4682 4756 4679
f 4682 4679 4550
f 4756 4825 4837
f 4837 4825 4884
f 4679 4756 4728
f 4728 4756 4837
f 4837 4884 4895
f 4895 4884 4957
f 4837 4895 4829
f 4837 4829 4728
f 4895 4957 4981
f 4981 4957 5105
f 4981 5105 5092
f 4981 5092 5081
f 4981 5081 5070
f 4829 4895 4876
f 4876 4895 4981
f 4876 4981 4948
f 4948 4981 5070
f 4876 4948 4898
f 4948 5070 5053
f 5053 5070 5061
f 5053 5061 5031
f 5031 5061 5047
f 5031 5047 4967
f 5031 4967 5053
f 5053 4967 4948
f 4948 4967 4898
f 4898 4967 4973
f 4898 4973 4883
f 4833 4876 4898
f 4876 4833 4829
f 4898 4883 4846
f 4898 4846 4833
f 4829 4833 4750
f 4829 4750 4728
f 4833 4846 4732
f 4833 4732 4750
f 4846 4883 4814
f 4814 4883 4887
f 4846 4814 4766
f 4846 4766 4732
f 4847 4723 4814
f 4814 4723 4742
f 4814 4742 4766
f 4742 4723 4669
f 4766 4742 4686
f 4686 4742 4669
f 4766 4686 4732
f 4686 4669 4504
f 4732 4686 4660
f 4686 4504 4576
f 4686 4576 4660
f 4576 4504 4476
f 4476 4504 4402
f 4476 4402 4378
f 4378 4402 4249
f 4476 4378 4399
f 4399 4378 4277
f 4576 4476 4505
f 4576 4505 4660
f 4505 4476 4399
f 4399 4277 4269
f 4660 4505 4610
f 4505 4399 4473
s 0
f 4505 4473 4610
s 1
f 4399 4269 4344
f 4399 4344 4473
f 4344 4269 4235
f 4660 4610 4687
f 4660 4687 4732
f 4732 4687 4750
f 4750 4687 4676
f 4676 4687 4610
f 4750 4676 4728
s 0
f 4534 4610 4473
s 1
f 4610 4534 4676
f 4728 4676 4667
f 4728 4667 4679
f 4676 4534 4580
f 4676 4580 4667
f 4534 4473 4459
f 4534 4459 4580
f 4459 4473 4344
f 4679 4667 4581
f 4581 4667 4580
f 4679 4581 4550
f 4580 4459 4466
f 4580 4466 4581
f 4459 4344 4381
f 4459 4381 4466
f 4381 4344 4235
f 4381 4235 4330
f 4381 4330 4466
f 4330 4235 4193
f 4330 4193 4189
f 4330 4189 4328
f 4330 4328 4466
f 4328 4189 4234
f 4445 4581 4466
s 0
f 4445 4466 4328
s 1
f 4581 4445 4550
f 4328 4234 4397
s 0
f 4328 4397 4445
s 1
f 4445 4397 4550
f 4397 4234 4367
f 4550 4397 4446
s 0
f 4446 4397 4367
s 1
f 4126 4166 4170
f 4170 4166 4237
f 4126 4170 4107
f 4126 4107 4054
f 1954 1991 2036
f 4244 4276 4301
f 4244 4301 4354
f 4244 4354 4352
f 4352 4354 4404
f 4352 4404 4448
f 4352 4448 4472
f 4472 4448 4490
f 4472 4490 4577
f 4472 4577 4555
f 4555 4577 4632
f 4555 4632 4671
f 1913 1991 1954
f 1991 1913 2001
f 2001 1913 2116
f 2116 1913 2090
f 2116 2090 2235
f 2235 2090 2291
f 2235 2291 2359
f 2090 1913 1908
f 2359 2291 2287
f 1908 1913 1835
f 1835 1913 1887
f 1835 1887 1793
f 1835 1793 1757
f 2145 2291 2090
f 2291 2145 2287
f 1987 2090 1908
f 2090 1987 2145
f 1857 1908 1835
f 1857 1835 1757
f 1908 1857 1987
f 1857 1757 1769
f 2145 1987 2108
f 2145 2108 2287
f 1987 1857 1917
f 1987 1917 2108
f 1917 1857 1769
f 2108 1917 1961
f 2287 2108 2169
f 2169 2108 1961
f 1961 1917 1846
f 1846 1917 1769
f 2169 1961 2013
f 1558 1769 1757
f 1558 1757 1623
f 1558 1623 1198
f 1769 1558 1619
f 1558 1198 1303
f 1558 1303 1619
f 1303 1198 3301
f 3301 1198 3355
f 1303 3301 1250
f 1250 3301 3380
f 1619 1303 1520
f 1520 1303 1250
f 1731 1769 1619
f 1731 1619 1520
f 1769 1731 1846
f 1520 1250 1655
f 1520 1655 1731
f 1655 1250 1422
f 1422 1250 994
f 1846 1731 1785
f 1785 1731 1655
f 1846 1785 1961
f 1655 1422 1695
f 1655 1695 1785
f 1695 1422 1372
f 1695 1372 1376
f 1961 1785 1895
f 1895 1785 1695
f 1961 1895 2013
f 1695 1376 1707
f 2013 1895 1985
f 1895 1695 1869
f 1895 1869 1985
f 1695 1707 1803
f 1695 1803 1869
f 1803 1707 1888
f 1888 1707 1787
f 1869 1803 1944
f 1944 1803 1888
f 1869 1944 1985
f 1888 1787 1953
f 1888 1953 1944
f 2169 2013 1985
f 1985 1944 2052
f 2052 1944 1953
f 2169 1985 2184
f 2184 1985 2052
f 1953 1787 1881
f 2052 1953 2165
f 2184 2052 2249
f 2249 2052 2165
f 2169 2184 2321
f 2184 2249 2375
f 2184 2375 2321
f 2169 2321 2320
f 2169 2320 2287
f 2320 2321 2445
f 2445 2321 2375
f 2287 2320 2462
f 2462 2320 2445
f 2287 2462 2359
f 2359 2462 2496
f 2462 2445 2603
f 2603 2445 2528
f 2528 2445 2375
f 2603 2528 2629
f 2629 2528 2580
f 2580 2528 2375
f 2629 2580 2727
f 2727 2580 2683
f 2580 2375 2401
f 2401 2375 2249
f 2683 2580 2620
f 2401 2249 2357
f 2580 2401 2526
f 2526 2401 2357
f 2580 2526 2620
f 2357 2249 2165
f 2526 2357 2372
f 2372 2357 2165
f 2683 2620 2749
f 2683 2749 2791
f 2791 2749 2829
f 2829 2749 2795
f 2550 2620 2526
f 2550 2526 2372
f 2749 2620 2654
f 2654 2620 2550
f 2795 2749 2750
f 2750 2749 2654
f 2795 2750 2818
f 2750 2654 2658
f 2658 2654 2550
f 2818 2750 2755
f 2755 2750 2658
f 2793 2863 2818
f 2818 2755 2751
f 2818 2751 2793
f 2755 2658 2650
f 2755 2650 2751
f 2543 2658 2550
f 2658 2543 2650
f 2751 2650 2649
f 2649 2650 2543
f 2793 2751 2738
f 2738 2751 2649
f 2793 2738 2803
f 2738 2649 2623
f 2803 2738 2731
f 2731 2738 2623
f 2803 2731 2826
f 2826 2731 2752
f 2826 2752 2809
f 2809 2752 2798
f 2752 2731 2631
f 2631 2731 2623
f 2798 2752 2747
f 2798 2747 2811
f 2747 2752 2638
f 2638 2752 2631
f 2811 2747 2713
s 0
f 2811 2713 2792
s 1
f 2747 2638 2628
f 2747 2628 2713
f 2705 2788 2713
f 2705 2713 2626
f 2626 2713 2628
f 2705 2626 2642
f 2642 2626 2523
f 2626 2628 2554
f 2626 2554 2523
f 2554 2628 2527
f 2540 2628 2638
f 2628 2540 2527
f 2540 2638 2631
f 2554 2527 2410
f 2410 2527 2540
f 2523 2554 2437
f 2437 2554 2410
f 2523 2437 2427
f 2427 2437 2305
s 0
f 2427 2305 2339
s 1
f 2339 2305 2245
f 2437 2410 2315
f 2437 2315 2305
f 2245 2305 2173
f 2245 2173 2041
f 2305 2315 2210
f 2305 2210 2173
f 2173 2210 2119
f 2173 2119 2006
f 2006 2119 2067
f 2067 2119 2210
f 2067 2210 2193
f 2193 2210 2315
f 2067 2193 1996
f 2350 2315 2410
f 2315 2350 2193
f 2350 2410 2540
f 2193 2350 2276
f 2350 2540 2423
f 2350 2423 2276
f 2423 2540 2551
f 2423 2551 2398
f 2276 2423 2353
f 2398 2551 2470
f 2276 2353 2289
f 2551 2540 2631
f 2551 2631 2470
f 2470 2631 2519
f 2519 2631 2520
f 2520 2631 2623
f 2276 2289 2201
f 2520 2623 2497
f 2276 2201 2144
f 2276 2144 2193
f 2193 2144 1996
f 1996 2144 1984
f 1996 1984 1912
f 2144 2201 2066
f 2144 2066 1984
f 2066 2201 2150
f 2066 2150 2096
f 1984 2066 1969
f 2066 2096 2020
f 2066 2020 1969
f 1969 2020 1935
f 1935 2020 1916
f 1935 1916 1836
f 1916 2020 2050
f 1916 2050 1978
f 1916 1978 1827
f 2050 2020 2141
f 2141 2020 2186
f 2141 2186 2270
f 1827 1978 1861
s 0
f 2050 2141 2216
s 1
f 2216 2141 2270
f 2130 1978 2050
f 2130 2050 2216
f 1861 1978 1992
f 1861 1992 1874
f 1978 2130 2087
f 1978 2087 1992
f 1874 1992 1875
f 2087 2130 2242
f 2242 2130 2216
f 1992 2087 2152
f 2152 2087 2242
f 1875 1992 2014
f 2014 1992 2152
f 1875 2014 1881
f 1875 1881 1797
f 1797 1881 1547
f 1881 2014 2003
f 1881 2003 1953
f 1953 2003 2165
f 2003 2014 2162
f 2003 2162 2165
f 2162 2014 2152
f 2165 2162 2372
f 2162 2152 2258
f 2162 2258 2372
f 2258 2152 2312
f 2312 2152 2242
f 2372 2258 2376
f 2376 2258 2312
f 2372 2376 2550
f 2550 2376 2413
f 2413 2376 2312
f 2550 2413 2543
f 2312 2242 2314
f 2312 2314 2413
s 0
f 2314 2242 2216
s 1
f 2543 2413 2433
f 2433 2413 2314
f 2314 2216 2332
f 2314 2332 2433
f 2332 2216 2270
f 2332 2270 2327
f 2332 2327 2448
f 2332 2448 2433
f 2448 2327 2408
f 2448 2408 2497
f 2433 2448 2559
f 2559 2448 2497
f 2433 2559 2543
f 2559 2497 2623
f 2543 2559 2649
f 2649 2559 2623
f 1913 1954 1887
f 1623 1793 1768
f 3815 3992 3721
f 1757 1793 1623
f 1260 1198 1623
f 1198 1260 1063
f 1198 1063 3355
f 3355 1063 3271
f 3355 3271 3603
f 3603 3721 3355
f 3603 3815 3721
f 3891 3721 3992
f 3653 3355 3721
f 4464 4463 4520
f 4464 4520 4517
f 4464 4517 4475
f 2417 2395 2323
f 2417 2323 2330
f 2395 2333 2323
f 2333 2395 2455
f 4463 4482 4535
f 4463 4535 4520
f 4520 4535 4597
f 4517 4520 4597
f 4517 4597 4543
f 4543 4597 4599
f 4517 4543 4475
f 4543 4599 4489
f 4543 4489 4475
f 2417 2455 2395
f 2455 2417 2472
f 2455 2472 2474
f 2474 2472 2452
f 4597 4535 4588
f 4597 4588 4599
f 4599 4588 4579
f 2417 2330 2405
f 2405 2330 2351
f 2417 2405 2472
f 2472 2405 2351
f 2355 2333 2455
f 4482 4588 4535
f 4588 4482 4493
f 2474 2355 2455
f 2355 2474 2452
f 2368 2452 2472
f 2368 2472 2351
f 4489 4599 4496
f 4496 4599 4579
f 4496 4579 4497
f 4497 4579 4493
f 4493 4579 4588
f 2355 2452 2368
f 3301 3646 3380
f 4111 4088 4232
f 4623 4562 4513
f 4623 4513 4604
f 4623 4604 4681
f 4562 4623 4638
f 4562 4638 4634
f 4623 4681 4705
f 4623 4705 4638
f 4705 4681 4737
f 4638 4705 4693
f 4638 4693 4634
f 4693 4705 4737
f 4634 4693 4703
f 4693 4737 4744
f 4693 4744 4703
f 4634 4703 4672
f 4744 4737 4809
f 4672 4703 4710
f 4710 4703 4721
f 4721 4703 4744
f 4672 4710 4714
f 4721 4744 4740
f 4672 4714 4719
f 4719 4714 4739
f 4719 4739 4784
f 4740 4744 4759
f 4784 4739 4759
f 4759 4744 4822
f 4759 4822 4784
f 4822 4744 4809
f 4822 4809 4908
f 4784 4822 4819
f 4822 4908 4900
f 4822 4900 4819
f 4819 4900 4880
f 4819 4880 4858
f 4880 4900 4922
f 4922 4900 4927
f 4880 4922 4923
f 4927 4900 4951
f 4927 4951 4935
f 4935 4951 4939
f 4939 4951 4937
f 4937 4951 4950
f 4937 4950 4932
f 4880 4923 4915
f 4880 4915 4858
f 4858 4915 4888
f 4915 4923 4929
f 4888 4915 4933
f 4933 4915 4929
f 4933 4929 4932
f 4933 4932 4950
f 4933 4950 4959
f 4088 4240 4232
f 2518 2421 2503
f 2518 2503 2594
f 2594 2503 2565
f 1250 3380 994
f 994 3380 3546
f 3546 3380 3668
f 3546 3668 3775
f 3546 3775 3825
f 3546 3825 3610
f 3546 3610 994
f 3610 3825 3843
f 1422 994 1372
f 1372 994 3230
f 3230 994 3610
f 1372 3230 1376
f 3610 3843 3772
f 3772 3843 3925
f 3230 3610 3535
f 3535 3610 3772
f 1376 3230 3253
f 3253 3230 3535
f 1376 3253 1437
f 1376 1437 1707
f 1707 1437 1787
f 1437 3253 3282
f 3282 3253 3535
f 1787 1437 1547
f 1787 1547 1881
f 1437 3282 3335
f 1437 3335 1547
f 3282 3535 3644
f 3644 3535 3772
f 3282 3644 3335
f 3644 3772 3848
f 3848 3772 3925
f 3848 3925 4021
f 3848 4021 3957
f 3644 3848 3754
f 3754 3848 3957
f 3644 3754 3335
f 3754 3957 3841
f 3841 3957 4003
f 4003 3957 4094
f 3754 3841 3659
f 3754 3659 3335
f 3841 4003 3847
f 3841 3847 3659
f 3335 3659 971
f 3847 4003 4027
f 4027 4003 4163
f 3659 3847 3612
f 3659 3612 971
f 3847 4027 3960
s 0
f 4027 4163 4037
s 1
f 4027 4037 3960
f 4037 4163 4133
f 4037 4133 4081
f 4037 4081 3960
f 3835 3612 3847
f 3835 3847 3960
f 3612 3835 3589
f 3835 3960 3867
f 3835 3867 3589
f 3960 4081 4017
f 3960 4017 3867
f 4017 4081 4117
f 4017 4117 4025
f 4025 4117 4121
f 4025 4121 4076
f 4017 4025 3914
f 4017 3914 3867
f 3914 4025 3939
f 3939 4025 4076
f 3867 3914 3694
f 3914 3939 3784
f 3914 3784 3694
f 3867 3694 3621
s 0
f 3867 3621 3589
s 1
f 3621 3694 942
f 3589 3621 3218
f 3218 3621 942
f 3694 3784 3616
f 3694 3616 942
f 3845 3784 3939
f 3784 3845 3616
f 3845 3939 3900
f 3900 3939 4076
f 3616 3845 3661
f 3661 3845 3900
f 942 3616 961
f 961 3616 3661
f 961 3661 3273
f 3661 3900 3618
f 3661 3618 3273
s 0
f 3900 4076 3968
s 1
f 3618 3900 3824
f 3824 3900 3968
f 3968 4076 4091
f 4091 4076 4234
f 4234 4076 4201
f 4091 4234 4068
f 4091 4068 3968
f 4068 4234 4189
f 3824 3968 3945
s 0
f 3945 3968 4068
s 1
f 3824 3945 3864
f 3864 3945 4068
f 4068 4189 4090
f 4090 4189 4193
s 0
f 4068 4090 3950
s 1
f 4068 3950 3864
f 4090 4193 4102
s 0
f 4090 4102 3950
s 1
f 4102 4193 4235
f 3564 3824 3864
f 3824 3564 3618
f 3618 3564 3270
f 3564 3864 3577
f 3564 3577 3270
s 0
f 4102 4235 4142
s 1
f 4142 4235 4269
f 3577 3864 3781
f 3781 3864 3950
s 0
f 3969 3950 4102
s 1
f 3950 3969 3781
f 4102 4142 4036
f 4102 4036 3969
f 4142 4269 4165
f 4142 4165 4036
f 4165 4269 4277
f 3969 4036 3928
f 3969 3928 3781
f 4036 4165 4051
f 4036 4051 3928
f 4165 4277 4140
f 4165 4140 4051
f 4140 4277 4249
f 4249 4277 4378
f 4140 4249 4168
f 4140 4168 4062
f 4140 4062 4051
f 4051 4062 3917
f 4051 3917 3928
f 3917 4062 3868
f 3928 3917 3814
f 3928 3814 3781
f 3917 3868 3704
f 3917 3704 3814
f 3704 3868 3562
f 3781 3814 3578
f 3578 3814 3704
f 3704 3562 3409
f 3704 3409 3578
f 3409 3562 1040
f 1040 3562 1053
f 1040 1053 1608
f 3409 1040 1186
f 1186 1040 1608
f 3578 3409 1103
f 1103 3409 1186
f 1186 1608 1591
f 1186 1591 1103
f 1103 1591 1499
f 3521 3781 3578
f 3781 3521 3577
f 3578 1103 987
f 3578 987 3521
f 3577 3521 1100
f 1100 3521 987
f 987 1103 1401
f 1401 1103 1499
f 987 1401 1100
f 3577 1100 3270
f 1100 1401 1459
f 3270 1100 1510
f 1510 1100 1459
f 1459 1401 1692
f 1459 1692 1510
f 1401 1499 1720
f 1401 1720 1692
f 1720 1499 1591
f 1510 1692 1776
f 3270 1510 1338
f 3273 3618 3270
f 3273 3270 1338
f 1338 1510 1716
f 1716 1510 1776
f 3273 1338 1369
f 1338 1716 1701
f 1338 1701 1369
f 3273 1369 1400
f 1400 1369 1701
f 3273 1400 961
f 1701 1716 1873
f 961 1400 1308
f 961 1308 942
f 1400 1701 1693
f 1400 1693 1308
f 1693 1701 1836
f 1836 1701 1873
f 1308 1693 1683
f 1683 1693 1836
f 942 1308 1439
f 1439 1308 1683
f 942 1439 3218
f 1683 1836 1827
f 1827 1836 1916
f 1836 1873 1935
f 1935 1873 1969
f 1969 1873 1984
f 1683 1827 1709
f 1683 1709 1439
f 1709 1827 1861
f 1984 1873 1847
f 1847 1873 1716
f 1984 1847 1912
f 1847 1716 1776
f 1847 1776 1912
f 1709 1861 1697
f 1912 1776 1858
f 1697 1861 1874
f 1912 1858 1996
f 1858 1776 1692
f 1996 1858 1904
s 0
f 1996 1904 2067
s 1
f 1858 1692 1802
f 1858 1802 1904
f 2067 1904 2006
f 1802 1692 1720
f 1904 1802 1903
s 0
f 1904 1903 2006
s 1
f 1903 1802 1720
f 2006 1903 2041
f 2006 2041 2173
f 1903 1720 1890
f 1903 1890 2041
f 1890 1720 1763
f 1763 1720 1591
f 1763 1591 1608
f 1763 1608 1799
f 1799 1608 1834
f 1799 1834 1957
f 1763 1799 1870
f 1763 1870 1890
f 1870 1799 1957
f 1890 1870 1959
f 1959 1870 1957
f 1890 1959 2041
f 1959 1957 2031
f 1959 2031 2041
f 2031 1957 2078
f 2031 2078 2226
s 0
f 2031 2226 2041
s 1
f 2041 2226 2245
f 4714 4710 4781
f 4781 4710 4789
f 2701 2616 2618
f 2701 2689 2616
f 2616 2689 2641
f 4710 4721 4789
f 4789 4721 4797
f 2701 2618 2643
f 2701 2643 2694
f 4793 4781 4839
f 4781 4793 4714
f 4793 4839 4807
f 4714 4793 4739
f 4739 4793 4807
f 4781 4789 4839
f 4839 4789 4797
f 4839 4797 4818
f 4839 4818 4807
f 2701 2718 2689
f 2718 2701 2737
f 2737 2701 2694
f 4797 4721 4740
f 2718 2641 2689
f 2641 2718 2661
f 2661 2718 2664
f 2664 2718 2737
f 4797 4740 4818
f 4818 4740 4759
f 2737 2694 2643
f 2643 2662 2737
f 4807 4759 4739
f 4759 4807 4818
f 2662 2664 2737
f 2666 2565 2624
f 2666 2624 2693
f 2693 2624 2684
f 2693 2684 2770
f 2770 2684 2757
f 2770 2757 2813
f 2813 2757 2778
f 2813 2778 2843
f 2843 2778 2850
f 2850 2778 2833
f 2850 2833 2873
f 2873 2833 2916
f 2916 2833 2851
f 2916 2851 2886
f 2916 2886 2936
f 2936 2886 2968
f 2968 2886 2922
f 2968 2922 3012
f 3012 2922 3034
f 3034 2922 2937
f 2666 2710 2673
f 2710 2666 2693
f 2710 2693 2768
f 2768 2693 2770
f 2768 2770 2804
f 2804 2770 2813
f 2804 2813 2846
f 2846 2813 2843
f 2846 2843 2871
f 2871 2843 2850
f 2871 2850 2881
f 2871 2881 2931
f 2881 2850 2873
f 2881 2873 2923
f 2923 2873 2916
f 2923 2916 2966
f 2966 2916 2936
f 2966 2936 2960
f 2966 2960 2996
f 2996 2960 2936
f 2996 2936 2968
f 2996 2968 3018
f 3018 2968 3012
f 3018 3012 3050
f 3050 3012 3082
f 3082 3012 3065
f 3065 3012 3034
f 4671 4696 4736
f 4671 4736 4779
f 4736 4824 4779
f 4779 4824 4859
f 4779 4859 4853
f 4853 4859 4892
f 4853 4892 4869
f 4869 4892 4920
f 4869 4920 4938
f 4869 4938 4909
f 4909 4938 4928
f 4928 4938 4984
f 4928 4984 4943
f 4943 4984 5013
f 4943 5013 5022
f 4943 5022 4992
f 4992 5022 5036
f 4992 5036 5005
f 5005 5036 5063
f 5005 5063 5019
f 5019 5063 5100
f 5019 5100 5024
f 5024 5100 5144
f 5024 5144 5039
f 5039 5144 5128
f 2875 2767 2782
f 2767 2875 2879
f 2767 2879 2799
f 2799 2879 2887
f 2887 2879 2981
f 2981 2879 2942
f 2942 2879 2875
f 2981 2942 3035
s 0
f 2875 2782 2844
s 1
f 2844 2782 2822
f 2844 2822 2845
f 2844 2845 2847
f 2844 2847 2854
f 2844 2854 2875
f 2875 2854 2861
f 2845 2822 2849
f 2875 2861 2867
f 2849 2822 2868
f 2849 2868 2856
f 2856 2868 2867
f 2868 2822 2846
f 2868 2846 2871
f 2868 2871 2931
f 2868 2931 2867
f 2875 2867 2934
f 2934 2867 2931
s 0
f 2875 2934 2942
s 1
f 2942 2934 2995
f 2995 2934 2931
f 2881 2923 2931
f 2931 2923 2966
f 2931 2966 2995
f 2942 2995 3035
f 2995 2966 3003
f 2995 3003 3015
f 2995 3015 3035
f 3003 2966 3006
f 3006 2966 2996
f 3006 2996 3013
f 3013 2996 3018
f 3035 3015 3032
f 3013 3018 3050
f 3013 3050 3033
f 3033 3050 3042
f 3042 3050 3106
f 3042 3106 3032
f 3106 3050 3082
f 3035 3032 3081
f 3081 3032 3106
f 3035 3081 3067
f 3035 3067 2981
f 2981 3067 3062
f 3062 3067 3123
f 3123 3067 3081
f 3123 3081 3118
f 3118 3081 3106
f 3123 3118 3151
f 3151 3118 3136
f 3136 3118 3106
f 3136 3106 3120
f 3120 3106 3110
f 3110 3106 3103
f 3103 3106 3090
f 3090 3106 3082
f 3090 3082 3087
f 3087 3082 3065
f 4755 4779 4853
f 4987 4922 4942
f 4942 4922 4927
f 4987 4942 4996
f 4996 4942 4927
f 4923 4922 4987
f 2918 2847 2845
f 2918 2915 2847
f 2915 2918 2939
f 2847 2915 2854
f 2854 2915 2927
f 4923 4987 4990
f 4923 4990 4929
f 4929 4990 4991
f 4991 4990 5017
f 4929 4991 4932
f 4987 4996 5017
f 4987 5017 4990
f 5017 4996 5007
f 5007 4996 4986
f 5007 4986 4939
f 5017 5007 4997
f 5017 4997 4991
f 2918 2845 2849
f 2918 2849 2917
f 2917 2849 2856
f 2917 2856 2929
f 4996 4927 4986
f 4986 4927 4935
f 2939 2927 2915
f 2927 2939 2921
f 2921 2939 2929
f 2929 2939 2917
f 2917 2939 2918
f 2927 2861 2854
f 2861 2927 2921
f 2861 2921 2867
f 4986 4935 4939
f 4991 4997 4937
f 4991 4937 4932
f 4997 5007 4937
f 4937 5007 4939
f 2929 2856 2921
f 2921 2856 2867
f 2317 2254 2310
f 2317 2310 2392
f 2392 2310 2416
f 940 3238 1154
f 940 3436 3238
f 3436 940 3469
f 3436 3469 3762
f 3469 940 1078
f 1078 940 1154
f 3762 3469 3770
f 3762 3770 3934
f 3469 1078 3678
f 3469 3678 3770
f 1078 1154 1410
f 1410 1154 1607
f 1078 1410 1378
f 1078 1378 3678
f 1410 1607 1688
f 1410 1688 1378
f 1688 1607 1766
f 3678 1378 1780
f 1780 1378 1688
f 1688 1766 1864
f 1688 1864 1780
f 1864 1766 1938
f 1864 1938 1940
f 1864 1940 1780
f 1940 1938 2060
f 3678 1780 3320
f 3320 1780 1940
f 3678 3320 3879
f 3678 3879 3770
f 3770 3879 3934
f 3934 3879 4045
f 4045 3879 3320
f 3934 4045 4085
f 3320 1940 1038
f 3320 1038 4045
f 4085 4045 4217
f 4085 4217 4251
f 4251 4217 4317
f 4251 4317 4393
f 4393 4317 4270
f 4270 4317 4217
f 4270 4217 4194
f 4217 4045 4132
f 4217 4132 4194
f 4132 4045 4077
f 4132 4077 4194
f 4077 4045 1038
f 4194 4077 4191
f 4194 4191 4229
f 4229 4191 4222
f 4222 4191 4077
f 4077 1038 3397
f 4077 3397 4222
f 4255 4222 4219
f 4255 4219 4220
f 4219 4222 3910
f 4219 3910 4220
f 3910 4222 3397
f 4220 3910 3588
f 3588 3910 3400
f 3400 3910 3397
f 3588 3400 1280
f 3400 3397 1493
f 3400 1493 1280
f 1280 1493 2074
f 1280 2074 2007
f 2007 2074 2064
f 2064 2074 2121
f 2074 1493 2045
f 2045 1493 3397
f 2074 2045 2093
f 2093 2045 2071
f 2045 3397 1986
f 2045 1986 2071
f 1986 3397 1038
f 2071 1986 2051
f 1986 1038 1966
f 1986 1966 2051
f 2051 1966 2053
f 1966 1038 1940
f 2053 1966 2070
f 2070 1966 1940
f 2070 1940 2060
f 2070 2060 2155
f 2070 2155 2137
f 2070 2137 2109
f 2137 2155 2262
f 2301 2262 2317
f 2301 2317 2348
f 2262 2301 2185
f 2262 2185 2137
f 2137 2185 2133
f 2133 2185 2220
f 2220 2185 2301
f 2133 2220 2175
f 2175 2220 2233
f 2301 2348 2370
f 2301 2370 2220
f 2370 2348 2457
f 2233 2220 2286
f 2286 2220 2370
f 2233 2286 2251
f 2251 2286 2273
f 2273 2286 2309
f 2309 2286 2370
f 2370 2457 2460
f 2309 2370 2492
f 2492 2370 2460
f 2492 2460 2530
f 2309 2492 2284
f 2492 2530 2561
f 2492 2561 2511
f 2492 2511 2284
f 2511 2561 2573
f 2511 2573 2502
f 2284 2511 2211
f 2284 2211 2200
f 2200 2211 1863
f 2200 1863 1640
f 1640 1863 954
f 2053 2070 2109
f 2053 2109 2086
f 2086 2109 2120
f 2053 2086 2051
f 2051 2086 2100
f 2051 2100 2071
f 2071 2100 2114
f 2071 2114 2093
f 2093 2114 2121
f 2093 2121 2074
f 4229 4247 4194
f 4194 4247 4289
f 4247 4229 4259
f 4259 4229 4262
f 4262 4229 4222
f 4262 4222 4255
f 4262 4255 4280
f 4280 4255 4293
f 4194 4289 4270
f 4270 4289 4346
f 2109 2137 2133
f 2109 2133 2175
f 2109 2175 2174
f 2174 2175 2251
f 2251 2175 2233
f 2109 2174 2146
f 2174 2251 2198
f 2174 2198 2146
f 2109 2146 2120
f 2100 2086 2120
f 2100 2120 2114
f 2114 2120 2131
f 2131 2120 2146
f 2114 2131 2121
f 2131 2146 2158
f 2158 2146 2198
f 2131 2158 2156
f 2158 2198 2199
f 2156 2158 2214
f 2214 2158 2199
f 2156 2214 2215
f 2214 2199 2260
f 2214 2260 2215
f 2260 2199 2198
f 2215 2260 2266
f 2266 2260 2281
f 2260 2198 2271
f 2271 2198 2251
f 2271 2251 2273
f 2281 2260 2278
f 2278 2260 2271
f 2281 2278 2272
f 2272 2278 2277
f 2278 2271 2274
f 2278 2274 2277
f 2274 2271 2273
f 2277 2274 2268
f 2274 2273 2261
f 2274 2261 2268
f 4247 4323 4289
f 4259 4275 4247
f 4247 4275 4323
f 4262 4280 4259
f 4259 4280 4275
f 4323 4275 4357
f 4275 4280 4320
f 4320 4280 4293
f 4357 4275 4332
f 4320 4293 4350
f 4332 4275 4320
f 4320 4350 4383
f 4357 4332 4407
f 4407 4332 4411
f 4407 4411 4401
f 4411 4332 4412
f 4412 4332 4320
f 4412 4320 4383
f 4412 4383 4422
f 4422 4383 4421
f 4412 4422 4417
f 4412 4417 4408
f 4417 4422 4410
f 2064 1280 2007
f 1280 2064 1573
f 1280 1573 3406
f 1280 3406 3588
f 3588 3406 4220
f 4220 3406 4256
f 3406 1573 973
f 3406 973 4256
f 1573 2064 2101
f 2101 2064 2121
f 2101 2121 2131
f 2101 2131 2156
f 1573 2101 2138
f 2138 2101 2156
f 1573 2138 973
f 2138 2156 2215
f 2138 2215 2209
f 2138 2209 973
f 2209 2215 2266
f 2209 2266 2218
f 4016 4256 973
s 0
f 4016 973 3534
s 1
f 4256 4016 4333
f 4333 4016 4384
f 4256 4333 4324
f 4220 4293 4255
f 4293 4220 4256
f 4293 4256 4324
f 4293 4324 4350
f 4350 4324 4383
f 4383 4324 4333
f 4383 4333 4384
f 4383 4384 4421
f 4421 4384 4418
f 2546 2515 2457
f 4357 4416 4323
f 4416 4357 4430
f 4416 4430 4456
f 4430 4357 4407
f 4430 4407 4401
f 5068 5079 5160
f 5160 5079 5189
f 5068 5160 5154
f 5079 5094 5189
f 5189 5094 5170
f 5170 5094 5192
f 5189 5170 5217
f 5217 5170 5192
f 5154 5160 5201
f 5068 5154 5080
f 5080 5154 5194
f 5194 5154 5201
f 5194 5201 5227
f 5194 5227 5221
f 5194 5221 5161
f 3083 3080 3003
f 3080 3083 3112
f 3083 3003 3006
f 5160 5189 5201
f 5201 5189 5227
f 5227 5189 5217
f 5227 5217 5226
f 5227 5226 5221
f 5226 5217 5192
f 5226 5192 5184
f 3080 3015 3003
f 3015 3080 3112
f 3015 3112 3113
f 5111 5192 5094
f 5192 5111 5184
f 3083 3125 3112
f 3112 3125 3113
f 3113 3125 3124
f 3124 3125 3105
f 3113 3032 3015
f 3096 3125 3083
f 3125 3096 3105
f 3096 3083 3006
f 3105 3096 3013
f 3013 3096 3006
f 2273 2309 2261
f 2261 2309 2284
f 2261 2284 2200
f 4401 4395 4430
f 2243 2261 2231
f 2231 2261 2200
f 2231 2200 1640
f 2231 1640 1483
f 2231 1483 2048
f 2231 2048 2243
f 2243 2048 2167
f 2243 2167 2253
f 2167 2048 1661
f 5080 5194 5161
f 5080 5161 5084
f 2268 2261 2243
f 2268 2243 2253
f 2268 2253 2277
f 2277 2253 2272
f 2272 2253 2237
f 2272 2237 2218
f 2272 2218 2266
f 2272 2266 2281
f 3104 3032 3113
f 3032 3104 3042
f 3104 3113 3124
f 3042 3104 3092
f 3092 3104 3124
f 5221 5226 5196
f 5196 5226 5184
f 5196 5184 5112
f 5196 5112 5107
f 5221 5196 5161
f 5196 5107 5098
f 5196 5098 5161
f 5161 5098 5084
f 5112 5184 5111
f 3105 3092 3124
f 3092 3105 3033
f 3092 3033 3042
f 3033 3105 3013
f 1386 1547 3335
f 1386 3335 971
f 1547 1386 1616
f 1547 1616 1797
f 1797 1616 1718
f 1718 1616 1386
f 1797 1718 1875
f 1875 1718 1874
f 1874 1718 1697
f 1718 1386 1451
f 1451 1386 971
f 1718 1451 1697
f 1451 971 3295
f 3295 971 3612
f 3295 3612 3589
f 3295 3589 1023
f 3295 1023 1451
f 1023 3589 3218
f 1451 1023 1362
f 1451 1362 1697
f 1362 1023 3218
f 1697 1362 1458
f 1458 1362 3218
f 1697 1458 1709
f 1458 3218 1439
f 1458 1439 1709
f 2237 2253 2172
f 2237 2172 2069
f 4675 4678 4717
f 4717 4678 4683
f 4717 4683 4707
f 4717 4707 4768
f 2611 2592 2573
f 2573 2592 2570
f 2570 2592 2583
f 2573 2570 2524
f 2524 2570 2571
f 2583 2571 2570
f 4683 4697 4707
f 4707 4697 4701
f 4707 4701 4709
f 2606 2583 2592
f 2583 2606 2585
f 2585 2606 2591
f 2591 2606 2607
f 2591 2607 2595
f 4768 4707 4709
f 2924 3034 2937
f 3034 2924 3037
f 3037 2924 2930
f 3034 3037 3087
f 3087 3037 3170
f 3170 3037 3079
f 3087 3065 3034
f 5243 5183 5205
f 5243 5205 5223
f 5243 5223 5257
f 5257 5223 5239
f 5243 5257 5298
f 5243 5298 5341
f 5243 5341 5252
f 2676 2610 2607
f 2610 2676 2625
f 2625 2676 2679
f 2625 2679 2677
f 2625 2677 2608
f 2677 2679 2706
f 2677 2706 2688
f 2608 2677 2630
f 2630 2677 2688
f 2630 2688 2555
f 2630 2555 2495
f 2630 2495 2473
f 2610 2595 2607
f 2595 2610 2589
f 2589 2610 2625
f 2589 2625 2608
f 3037 2930 2949
f 3037 2949 3079
f 3079 2949 2969
f 3079 2969 3127
f 3079 3127 3197
f 3197 3127 3212
f 3127 2969 2990
f 3127 2990 3179
f 3179 2990 3001
f 3110 3183 3120
f 5235 5245 5301
f 5049 5109 5073
f 5073 5109 5204
f 5073 5204 5085
f 5085 5204 5262
f 5085 5262 5208
f 5085 5208 5097
f 5097 5208 5110
f 5110 5208 5115
f 4768 4767 4801
f 4801 4767 4812
f 4812 4767 4786
f 4812 4786 4826
f 5239 5248 5348
f 5348 5248 5271
f 5271 5248 5258
f 4754 4786 4767
f 4786 4754 4771
f 4771 4754 4608
f 4786 4771 4794
f 4786 4794 4826
f 4771 4608 4633
f 4633 4608 4601
f 4601 4608 4511
f 4794 4771 4772
f 4794 4772 4798
f 4798 4772 4777
f 4798 4777 4795
f 4795 4777 4776
f 4776 4777 4689
f 4795 4776 4796
f 4796 4776 4780
f 4780 4776 4647
f 4796 4780 4806
f 4806 4780 4785
f 4806 4785 4802
f 4785 4780 4639
f 4639 4780 4648
f 4639 4648 4617
f 4639 4617 4622
f 4785 4639 4782
f 4785 4782 4802
f 4782 4639 4622
f 4802 4782 4831
f 4831 4782 4799
f 4799 4782 4769
f 4769 4782 4643
f 4643 4782 4622
f 4643 4622 4606
f 5273 5351 5268
f 2680 2619 2688
f 3190 3001 3009
f 2741 2714 2680
f 2680 2714 2696
f 2696 2714 2740
f 2680 2696 2672
f 2680 2672 2590
f 2672 2696 2704
f 2672 2704 2697
f 2725 2697 2740
f 2697 2725 2691
f 2691 2725 2717
f 2672 2697 2663
f 2663 2697 2691
f 2691 2717 2700
f 2691 2700 2667
f 2691 2667 2663
f 2681 2660 2700
f 2700 2660 2668
f 2700 2668 2667
f 2668 2660 2525
f 2668 2525 2517
f 2668 2517 2667
f 2517 2525 2483
f 2517 2483 2482
f 2667 2517 2513
f 2513 2517 2482
f 2667 2513 2663
f 2513 2482 2487
f 2513 2487 2510
f 2513 2510 2663
f 2510 2487 2494
f 2663 2510 2512
f 2512 2510 2494
f 2663 2512 2672
f 2512 2494 2499
f 2672 2512 2522
f 2522 2512 2499
f 2672 2522 2516
f 2522 2499 2493
f 4826 4794 4838
f 4838 4794 4798
f 4838 4798 4842
f 4842 4798 4795
f 4842 4795 4796
f 4842 4796 4845
f 4845 4796 4806
f 4845 4806 4831
f 4831 4806 4802
f 5115 5280 5127
f 5127 5207 5166
f 5127 5166 5134
f 3174 3168 3163
f 3027 3025 3214
f 3214 3025 3030
f 2740 2704 2696
f 2704 2740 2697
f 3213 3168 3174
f 3168 3213 3172
f 2479 2499 2478
f 2478 2499 2494
f 2479 2478 2469
f 2478 2494 2487
f 2469 2478 2467
f 2478 2487 2475
f 2475 2487 2482
f 2467 2478 2465
f 2465 2478 2475
f 2475 2482 2466
f 2475 2466 2465
f 2466 2482 2483
f 2467 2465 2463
f 2463 2465 2466
f 2467 2463 2461
f 2466 2483 2456
f 2466 2456 2463
f 2456 2483 2442
f 2442 2483 2485
f 2456 2442 2447
f 2456 2447 2463
f 2447 2442 2420
f 2447 2420 2425
f 2463 2447 2458
f 2463 2458 2461
f 2447 2425 2450
f 2447 2450 2458
f 2458 2450 2461
f 2450 2425 2424
f 2450 2424 2446
f 2450 2446 2461
f 2446 2424 2428
f 2461 2446 2451
f 2446 2428 2444
f 2446 2444 2451
f 2444 2428 2422
f 2461 2451 2459
f 2444 2422 2441
f 2444 2441 2451
f 2441 2422 2426
f 2459 2451 2454
f 2454 2451 2441
f 2459 2454 2440
f 2440 2454 2432
f 2432 2454 2443
f 2443 2454 2441
f 2443 2441 2426
f 2443 2426 2414
f 5132 5134 5185
f 3191 3173 3172
f 3173 3191 3176
f 5328 5324 5316
f 5328 5316 5320
f 3024 3039 3030
f 3039 3024 3040
f 3040 3024 3022
f 3040 3022 3028
f 5132 5175 5158
f 5132 5158 5135
f 5135 5158 5138
f 5138 5158 5173
f 5138 5173 5137
f 3191 3181 3176
f 3181 3191 3211
f 3181 3211 3178
f 4598 4622 4617
f 1203 1052 948
f 948 1052 3226
f 1052 1203 1274
f 1274 1203 1505
f 1505 1203 1635
f 1505 1635 1670
f 1670 1635 1753
f 1670 1753 1842
f 1842 1753 1901
f 1842 1901 1927
f 1901 1753 1877
f 1901 1877 1980
f 1927 1901 2022
f 2022 1901 1980
f 2022 1980 2091
f 2022 2091 2221
f 2022 2221 2068
f 2221 2091 2227
f 2068 2221 2374
f 2221 2227 2384
f 2221 2384 2374
f 2374 2384 2537
f 2374 2537 2507
f 2507 2537 2646
f 2646 2537 2609
f 2646 2609 2660
f 2646 2660 2681
f 2646 2681 2712
f 948 3226 3435
f 3435 3226 3471
f 3619 948 3435
f 948 3619 1039
f 948 1039 1203
f 1039 3619 3590
f 1203 1039 1519
f 1203 1519 1635
f 1519 1039 1654
f 1654 1039 3590
f 1635 1519 1773
f 1635 1773 1753
f 1753 1773 1877
f 1773 1519 1924
f 1924 1519 1654
f 1877 1773 2035
f 2035 1773 1924
f 1877 2035 1980
f 1980 2035 2091
f 2091 2035 2227
f 2035 1924 2252
f 2035 2252 2227
f 2252 1924 2008
f 2008 1924 1654
f 2227 2252 2354
f 2354 2252 2008
f 2227 2354 2384
f 2384 2354 2538
f 2384 2538 2537
f 2537 2538 2609
f 2538 2354 2400
f 2354 2008 2307
f 2354 2307 2400
f 2065 2008 1654
f 2008 2065 2307
f 2485 2400 2411
f 2065 1654 1728
f 2400 2307 2369
f 2400 2369 2411
f 2411 2369 2393
f 2411 2393 2420
f 2393 2369 2386
f 2393 2386 2420
f 2386 2369 2307
f 2420 2386 2425
s 0
f 2285 2307 2065
s 1
f 2307 2285 2386
s 0
f 1958 2065 1728
f 2065 1958 2285
s 1
f 2386 2285 2371
f 2386 2371 2399
f 2399 2371 2396
f 2396 2371 2373
f 2396 2373 2388
f 2371 2285 2292
f 2371 2292 2373
s 0
f 1928 2285 1958
f 2285 1928 2292
s 1
f 2373 2292 2356
f 2373 2356 2388
f 2356 2292 2225
s 0
f 2225 2292 1928
s 1
f 2388 2356 2379
f 2388 2379 2404
f 2404 2379 2402
f 2402 2379 2377
f 2379 2356 2336
f 2379 2336 2377
f 2336 2356 2225
f 2377 2336 2334
f 2377 2334 2256
f 2377 2256 2340
f 2340 2256 1960
f 2256 2334 2134
f 2134 2334 2336
f 1960 2256 1596
f 1596 2256 2134
f 1960 1596 1676
f 2134 2336 2058
f 2134 2058 1596
f 2058 2336 2225
s 0
f 2058 2225 1209
s 1
f 1596 2058 1435
s 0
f 1435 2058 1209
s 1
f 1596 1435 1036
f 1596 1036 3430
f 1036 1435 3347
s 0
f 3347 1435 1209
s 1
f 3430 1036 3909
f 1036 3347 3982
s 0
f 3982 3347 1209
s 1
f 1036 3982 3909
f 3430 3909 4004
s 0
f 1460 1209 2225
f 1460 2225 1928
f 1209 1460 3642
f 1209 3642 3982
f 1460 1928 1297
f 1460 1297 3642
f 1297 1928 1425
f 1425 1928 1958
f 3642 1297 3568
f 3568 1297 1425
f 1425 1958 1728
f 4030 3982 3642
f 4030 3642 3568
s 1
f 1425 1728 1028
f 1028 1728 1654
f 1028 1654 3590
f 1425 1028 3458
s 0
f 1425 3458 3568
s 1
f 1028 3590 3873
f 1028 3873 3458
s 0
f 3568 3458 3954
f 4014 4030 3568
f 4014 3568 3954
s 1
f 4030 4014 4491
f 4030 4491 3982
f 3458 3873 4061
s 0
f 3458 4061 3954
s 1
f 4014 3954 4502
f 4014 4502 4491
f 3982 4491 4380
f 3982 4380 3909
f 3909 4380 4218
f 3909 4218 4004
f 4004 4218 4522
f 4522 4218 4514
f 4514 4218 4380
f 4522 4514 4527
f 4527 4514 4556
f 4556 4514 4545
f 4514 4380 4515
f 4514 4515 4545
f 4515 4380 4491
f 4545 4515 4558
f 4558 4515 4528
f 4528 4515 4491
f 4528 4491 4502
f 4528 4502 4536
f 4536 4502 4531
f 4531 4502 4499
f 4499 4502 3954
f 4531 4499 4506
f 4506 4499 3954
f 4531 4506 4537
f 4506 3954 4061
f 4537 4506 4501
f 4501 4506 4061
f 4537 4501 4532
f 4501 4061 4164
f 4164 4061 3873
f 4532 4501 4498
f 4498 4501 4164
f 4532 4498 4533
f 4164 3873 4063
f 4164 4063 4498
f 4063 3873 3590
f 4533 4498 4554
f 4554 4498 4063
f 4533 4554 4641
f 4641 4554 4716
f 4716 4554 4612
f 4612 4554 4420
f 4420 4554 4202
f 4202 4554 4063
f 4420 4202 4228
f 4228 4202 4064
f 4064 4202 4063
f 4228 4064 4070
f 4070 4064 3882
f 3882 4064 4063
f 3882 4063 3741
f 3741 4063 3590
f 3882 3741 3803
f 3741 3590 3619
f 3741 3619 3803
f 4587 4595 4596
f 4596 4595 4598
f 4598 4595 4607
f 4595 4587 4591
f 4607 4595 4594
f 4607 4594 4606
f 4606 4594 4573
f 4573 4594 4595
f 4573 4595 4591
f 4573 4591 4571
f 4571 4591 4586
f 4571 4586 4567
f 4586 4591 4583
f 4586 4583 4567
f 4583 4591 4589
f 4567 4583 4560
f 4560 4583 4565
f 4583 4589 4593
f 4565 4583 4582
f 4582 4583 4593
f 4565 4582 4558
f 4558 4582 4572
f 4572 4582 4593
f 4572 4593 4584
f 4572 4584 4556
f 4584 4593 4590
f 4556 4584 4585
f 4585 4584 4590
f 4585 4590 4592
f 4585 4592 4578
f 3619 3435 3669
f 3619 3669 3803
f 3803 3669 3937
f 3803 3937 3999
f 3803 3999 3882
f 3999 3937 4067
f 3882 3999 4070
f 4070 3999 4067
f 4070 4067 4128
f 4070 4128 4214
f 4070 4214 4228
f 4214 4128 4298
f 4228 4214 4432
f 4432 4214 4298
f 4228 4432 4420
f 4432 4298 4602
f 4420 4432 4612
f 4612 4432 4626
f 4626 4432 4602
f 4612 4626 4716
f 4626 4602 4761
f 4626 4761 4716
f 4761 4602 4745
f 4716 4761 4769
f 4761 4745 4799
f 4761 4799 4769
f 3471 3669 3435
f 3669 3471 3551
f 3551 3471 3274
f 3274 3471 3226
f 3274 3226 1052
f 3551 3274 3390
f 3669 3551 3838
f 3669 3838 3937
f 3551 3390 3465
f 3838 3551 3743
f 3743 3551 3465
f 3937 3838 4019
f 3937 4019 4067
f 1001 3390 3274
f 3390 1001 3465
f 1001 3274 1113
f 1113 3274 1052
f 4067 4019 4171
f 1113 1052 1396
f 1396 1052 1274
f 4067 4171 4128
f 1396 1274 1505
f 1001 1113 1128
f 1128 1113 1396
f 1396 1505 1642
f 1001 1128 957
f 1001 957 3465
f 1642 1505 1670
f 1128 1396 1427
f 1427 1396 1642
f 957 1128 1188
f 1188 1128 1427
f 3465 957 3481
f 957 1188 958
f 957 958 3481
f 3465 3481 3743
f 1848 1642 1670
f 1848 1670 1842
f 1657 1427 1642
f 1657 1642 1848
f 1848 1842 1962
f 1962 1842 1927
f 1657 1848 1859
f 1859 1848 1962
f 1962 1927 2028
f 2028 1927 2068
f 2068 1927 2022
f 1962 2028 2117
f 1962 2117 1982
f 1962 1982 1859
f 1982 2117 2265
f 1982 2265 2075
f 1859 1982 1830
f 1830 1982 2075
f 1630 1657 1859
f 1630 1859 1830
f 1657 1630 1427
f 1830 2075 1852
f 1852 2075 1939
f 1630 1830 1624
f 1624 1830 1852
f 1427 1630 1411
f 1411 1630 1624
f 1427 1411 1188
f 1188 1411 1265
f 1265 1411 1624
f 1188 1265 958
f 1624 1852 1631
f 1624 1631 1265
f 1710 1852 1939
f 1852 1710 1631
s 0
f 1710 1939 1894
s 1
f 1265 1631 1388
f 1388 1631 1710
f 1710 1894 1652
f 1710 1652 1388
f 1652 1894 1909
f 1652 1909 1749
f 1652 1749 1474
f 1652 1474 1247
f 1652 1247 1388
f 1247 1474 1146
f 1126 1265 1388
f 1265 1126 958
f 1388 1247 1057
f 1388 1057 1126
f 1247 1146 3219
f 1247 3219 1057
f 3219 1146 3329
f 958 1126 3307
f 3307 1126 1057
f 958 3307 3526
f 958 3526 3481
f 3307 1057 3379
f 3379 1057 3219
f 3219 3329 3425
f 3219 3425 3379
f 3425 3329 3598
f 3307 3379 3518
f 3518 3379 3425
f 3307 3518 3526
f 3518 3425 3598
f 3747 3481 3526
f 3481 3747 3743
f 3526 3518 3763
f 3526 3763 3747
f 3518 3598 3842
f 3842 3598 3860
f 3842 3860 4066
f 4066 3860 3989
f 3518 3842 3932
f 3518 3932 3763
f 3842 4066 4082
f 3842 4082 3932
f 4082 4066 4178
f 3932 4082 4073
f 4073 4082 4178
f 3763 3932 4026
f 4026 3932 4073
f 4073 4178 4209
f 4073 4209 4026
f 4209 4178 4286
f 3763 4026 3981
f 4209 4286 4398
f 4398 4286 4379
f 4026 4209 4186
f 3763 3981 3975
f 3981 4026 4162
f 4162 4026 4186
f 3981 4162 3975
f 3763 3975 3747
f 4186 4209 4388
f 4388 4209 4398
f 4186 4388 4162
f 3747 3975 3866
f 3747 3866 3743
f 3975 4162 4074
f 3975 4074 3866
f 3743 3866 4001
f 4001 3866 4074
f 3743 4001 3838
f 3838 4001 4019
f 4019 4001 4147
f 4147 4001 4074
f 4019 4147 4171
f 4173 4074 4162
f 4074 4173 4147
f 4173 4162 4325
f 4325 4162 4388
f 4147 4173 4300
f 4147 4300 4171
f 4300 4173 4325
f 4325 4388 4461
f 4325 4461 4300
f 4461 4388 4524
f 4524 4388 4398
f 4461 4524 4526
f 4524 4398 4457
f 4457 4398 4379
f 4457 4379 4440
f 4457 4440 4575
f 4457 4575 4557
f 4457 4557 4616
f 4457 4616 4524
f 4524 4616 4680
s 0
f 4447 4461 4526
s 1
f 4461 4447 4300
s 0
f 4447 4526 4636
s 1
f 4300 4447 4318
f 4300 4318 4171
f 4171 4318 4128
f 4128 4318 4298
f 4298 4318 4602
f 4602 4318 4447
f 4602 4447 4636
f 4602 4636 4695
f 4602 4695 4745
f 4598 4607 4622
f 4607 4606 4622
f 2525 2485 2483
f 2601 2525 2660
f 2601 2660 2609
f 2601 2485 2525
f 2601 2609 2538
f 2485 2601 2538
f 2485 2538 2400
f 2442 2485 2411
f 2442 2411 2420
f 4606 4533 4641
f 4606 4641 4643
f 4533 4606 4573
f 4533 4573 4532
f 4532 4573 4571
f 4532 4571 4567
f 4532 4567 4537
f 4537 4567 4531
f 4531 4567 4560
f 4531 4560 4536
f 4536 4560 4565
f 4536 4565 4528
f 4528 4565 4558
f 4641 4769 4643
f 4641 4716 4769
f 2425 2386 2399
f 2425 2399 2424
f 2424 2399 2396
f 2424 2396 2428
f 2428 2396 2422
f 2422 2396 2388
f 2422 2388 2404
f 2422 2404 2426
f 2426 2404 2402
f 2426 2402 2414
f 2414 2402 2377
f 2340 2335 2377
f 2377 2335 2380
f 2377 2380 2414
f 2414 2380 2432
f 2414 2432 2443
f 1837 1115 1994
f 1837 1994 2352
f 1115 1837 1210
f 1115 1210 3485
f 1210 1837 1676
f 3485 1210 3503
f 1676 1837 1960
f 1960 1837 2335
f 1960 2335 2340
f 2335 1837 2311
f 2311 1837 2352
f 2335 2311 2380
f 2380 2311 2352
f 2380 2352 2403
f 2380 2403 2432
f 2432 2403 2440
f 3979 3485 3503
f 3979 3503 3881
f 3485 3979 4034
f 3979 3881 4200
f 4034 3979 4373
f 4373 3979 4200
f 4373 4200 4516
f 4516 4200 4522
f 4373 4516 4521
f 4521 4516 4549
f 4549 4516 4546
f 4549 4546 4578
f 4578 4546 4585
f 5329 5327 5353
f 4558 4572 4545
f 4545 4572 4556
f 4546 4516 4527
f 4527 4516 4522
f 4546 4527 4585
f 4585 4527 4556
f 3430 3503 1210
f 3430 1210 1596
f 3503 3430 3881
f 3881 3430 4004
f 3881 4004 4200
f 4200 4004 4522
f 1676 1596 1210
f 4787 4695 4805
f 4805 4695 4765
f 4765 4695 4636
f 4765 4636 4666
s 0
f 4666 4636 4526
s 1
f 4666 4526 4680
f 4666 4680 4765
f 4680 4526 4524
f 4765 4680 4774
f 4765 4774 4844
f 5126 5191 5121
f 3017 3011 3147
f 3147 3011 3132
f 3132 3011 3007
f 3185 3158 3165
f 5302 5344 5305
f 5344 5302 5349
f 5349 5302 5347
f 5349 5347 5352
f 5347 5302 5288
f 5352 5347 5350
f 5347 5288 5282
f 5350 5347 5346
f 5347 5282 5285
f 5285 5282 5267
f 5285 5267 5264
f 5285 5264 5347
f 5347 5264 5346
f 5346 5264 5260
f 5260 5264 5251
f 5260 5251 5247
f 5260 5247 5346
f 5346 5247 5232
f 5346 5232 5345
f 5345 5232 5214
f 3164 3150 3158
f 5105 5219 5092
f 5092 5219 5081
f 5081 5228 5070
f 2967 2959 3095
f 4967 5047 5038
f 4967 5038 4973
f 4973 5038 5034
f 4973 5034 4979
f 4973 4979 4883
f 4979 5034 5030
f 4979 5030 5027
f 4883 4979 4887
f 4979 5027 4972
f 4979 4972 4887
f 4972 5027 5025
f 4814 4887 4847
f 4847 4887 4899
f 4899 4887 4972
f 4847 4899 4811
f 4811 4899 4867
f 4867 4899 4919
f 4919 4899 4972
f 4867 4919 4890
f 4919 4972 4930
f 4919 4930 4890
f 5004 4972 5025
f 4972 5004 4930
f 5004 5025 5020
f 5004 5020 5012
f 5004 5012 5006
f 5004 5006 4930
f 4930 5006 4962
f 4930 4962 4940
f 4930 4940 4890
f 4890 4940 4931
f 4890 4931 4913
f 4913 4931 4924
f 2953 3052 2955
f 3052 2953 2956
f 3052 2956 3020
f 3020 2956 2963
f 5203 5334 5214
f 5334 5203 5242
f 5242 5203 5176
f 5242 5176 5215
f 5215 5176 5149
f 5242 5215 5299
f 5242 5299 5336
f 3135 3101 3111
f 5034 5162 5030
f 2988 2902 2866
f 4650 4656 4575
f 1782 1474 1749
f 1782 1749 1909
f 1782 1909 2000
f 1782 2000 1879
f 1879 2000 2057
f 2057 2000 2118
f 2057 2118 2228
f 2057 2228 2247
f 2247 2228 2316
f 2247 2316 2308
f 2308 2316 2477
f 2308 2477 2480
f 2480 2477 2569
f 2480 2569 2671
f 2671 2569 2687
f 2671 2687 2765
f 2765 2687 2821
f 1580 1474 1782
f 1474 1580 1061
f 1061 1580 1275
f 1474 1061 1146
f 1146 1061 3329
f 3329 1061 3536
f 3329 3536 3598
f 3598 3536 3836
f 3598 3836 3860
f 3860 3836 3989
f 3989 3836 3885
f 3989 3885 4009
f 3989 4009 4066
f 4066 4009 4080
f 4066 4080 4178
f 4178 4080 4174
f 4178 4174 4286
f 4286 4174 4295
f 4286 4295 4379
f 4379 4295 4368
f 4379 4368 4440
f 4440 4368 4409
f 4440 4409 4600
f 4440 4600 4575
f 4575 4600 4700
f 4700 4600 4657
f 4575 4700 4650
f 4650 4700 4746
f 4746 4700 4791
f 4746 4791 4804
f 4804 4791 4862
f 4862 4791 4857
f 4862 4857 4902
f 4902 4857 4926
f 3536 1061 3262
f 3536 3262 3525
f 3536 3525 3673
f 3673 3525 3766
f 3673 3766 3836
f 3460 3555 3466
f 3466 3555 3523
f 3466 3523 3533
f 3533 3523 3555
f 3466 3533 3536
f 3533 3555 3836
f 3533 3836 3536
f 1782 1637 1580
f 1580 1637 1377
f 1377 1637 3262
f 1377 3262 1061
f 1275 1580 1377
f 1275 1377 1061
f 3460 3673 3555
f 3555 3673 3836
f 3673 3460 3523
f 3673 3523 3536
f 3523 3460 3466
f 3523 3466 3536
f 3836 3766 3885
f 3885 3766 3923
f 3885 3923 4009
f 4009 3923 4078
f 4009 4078 4080
f 4080 4078 4174
f 4174 4078 4160
f 4174 4160 4227
f 4174 4227 4295
f 4295 4227 4316
f 4295 4316 4368
f 4368 4316 4413
f 4368 4413 4431
f 4431 4413 4538
f 4431 4538 4600
f 4431 4600 4409
f 4600 4538 4702
f 4600 4702 4657
f 4657 4702 4700
f 4700 4702 4729
f 4700 4729 4791
f 4791 4729 4790
f 4791 4790 4852
f 4791 4852 4857
f 4857 4852 4918
f 4857 4918 4926
f 4926 4918 4985
f 4926 4985 5010
f 5010 4985 5041
f 5010 5041 5046
f 5046 5041 5093
f 2057 1950 1879
f 1879 1950 1841
f 1879 1841 1782
f 1950 2057 2095
f 2095 2057 2247
f 2095 2247 2219
f 2219 2247 2360
f 2360 2247 2431
f 2360 2431 2584
f 2584 2431 2552
f 2584 2552 2614
f 2584 2614 2733
f 1782 1841 1637
f 1637 1841 1643
f 1643 1841 1774
f 1774 1841 1838
f 1637 1643 3262
f 1838 1841 1880
f 3262 1643 1526
f 1838 1880 1741
f 1741 1880 1812
f 1741 1812 1634
f 1634 1812 1582
f 1741 1634 1204
f 1204 1634 1582
f 3262 1526 1204
f 1741 1204 1571
f 1571 1204 1526
f 1204 1582 3225
f 3262 1204 3266
f 3266 1204 3225
f 3262 3266 3525
f 3266 3225 3520
f 3266 3520 3525
f 3520 3225 3667
f 3525 3520 3766
f 3766 3520 3758
f 3766 3758 3850
f 3758 3520 3789
f 3766 3850 3923
f 3923 3850 3955
f 3923 3955 4078
f 4078 3955 4006
f 3789 3520 3844
f 3844 3520 3667
f 3844 3667 3895
f 3844 3895 4022
f 3844 4022 3977
f 4078 4006 4058
f 4058 4006 3977
f 4058 3977 4022
f 4078 4058 4160
f 4058 4022 4150
f 4058 4150 4160
f 4160 4150 4233
f 4160 4233 4227
f 4227 4233 4316
f 4233 4150 4260
f 4260 4150 4347
f 4260 4347 4389
f 4233 4260 4376
f 4233 4376 4316
f 4376 4260 4389
f 4316 4376 4413
f 4376 4389 4500
f 4500 4389 4487
f 4376 4500 4492
f 4376 4492 4413
f 4413 4492 4519
f 4413 4519 4538
f 4538 4519 4627
f 4519 4492 4603
f 4603 4492 4548
f 4603 4548 4642
f 4642 4548 4621
f 4368 4431 4409
f 2480 2431 2308
f 2308 2431 2247
f 2431 2480 2552
f 2552 2480 2614
f 2614 2480 2671
f 2614 2671 2733
f 5027 5030 5188
f 5027 5188 5136
f 5027 5136 5025
f 5025 5136 5020
f 5020 5136 5051
f 5020 5051 5012
f 5051 5136 5153
f 5153 5136 5209
f 5012 5051 5033
f 5012 5033 5006
f 2774 2733 2671
f 2733 2774 2817
f 2817 2774 2821
f 2817 2821 2907
f 2907 2821 2862
f 2907 2862 2933
f 2907 2933 2983
f 2983 2933 2965
f 2983 2965 2987
f 2983 2987 3036
f 3036 2987 3019
f 3036 3019 3049
f 3049 3019 3038
f 3049 3038 3058
f 3058 3038 3048
f 2821 2774 2765
f 2765 2774 2671
f 4926 4953 4902
f 4953 4926 5010
f 4953 5010 5018
f 5018 5010 5062
f 5062 5010 5046
f 5062 5046 5090
f 5090 5046 5101
f 5090 5101 5125
f 5125 5101 5145
f 2902 2862 2866
f 2866 2862 2821
f 4702 4694 4729
f 4729 4694 4790
f 4538 4627 4702
f 4702 4627 4694
f 4790 4694 4852
f 4690 4704 4694
f 4642 4692 4704
f 4704 4692 4688
f 4704 4688 4694
f 4694 4688 4720
f 4694 4720 4852
f 4720 4688 4609
f 4487 4609 4500
f 4609 4487 4619
f 4609 4619 4720
f 4720 4619 4733
f 4720 4733 4852
f 4733 4619 4674
f 4852 4733 4860
f 4733 4674 4722
f 4733 4722 4860
f 4722 4674 4752
f 4722 4752 4803
f 4722 4803 4860
f 4852 4860 4918
f 4860 4803 4925
f 4860 4925 4910
f 4860 4910 4918
f 4925 4803 4944
f 4918 4910 4934
f 4918 4934 4985
f 4985 4934 4994
f 4985 4994 5041
f 4944 4803 4870
f 5041 4994 5008
f 4944 4870 4961
f 5041 5008 5095
f 5041 5095 5093
f 5095 5008 4999
f 4944 4961 4999
f 4999 4961 5095
f 4961 4870 4916
f 5093 5095 5133
f 5095 4961 5003
f 5003 4961 4916
f 5133 5095 5043
f 5043 5095 5003
f 4941 4916 4924
f 4916 4941 5003
f 5003 4941 5001
f 5003 5001 5023
f 5003 5023 5065
f 5003 5065 5043
f 5065 5023 5056
f 5043 5065 5072
f 5065 5056 5088
f 5088 5056 5089
f 5088 5089 5114
f 5114 5089 5140
f 5043 5072 5103
f 5114 5140 5124
f 5043 5103 5142
f 5142 5103 5124
f 5043 5142 5133
f 5133 5142 5117
f 5142 5124 5143
f 5143 5124 5140
f 5142 5143 5129
f 5143 5140 5139
f 5143 5139 5129
f 2584 2544 2360
f 2360 2544 2438
f 2544 2584 2574
f 2360 2438 2349
f 2574 2584 2632
f 2632 2584 2733
f 2574 2632 2541
f 2360 2349 2234
f 2234 2349 2342
f 2360 2234 2219
f 2632 2733 2728
f 2728 2733 2817
f 2541 2632 2600
f 2600 2632 2728
f 2728 2817 2838
f 2838 2817 2907
f 2838 2907 2872
f 2872 2907 2926
f 2728 2838 2812
f 2812 2838 2841
f 2600 2728 2612
f 2612 2728 2812
f 2600 2612 2535
f 2600 2535 2541
f 2612 2812 2721
f 2812 2841 2842
f 2842 2841 2865
f 2812 2842 2721
f 2780 2842 2912
f 2842 2780 2721
f 2721 2780 2758
f 2721 2758 2699
f 2721 2699 2670
f 2633 2612 2721
f 2612 2633 2535
f 2535 2633 2498
f 2535 2498 2389
f 2389 2498 2293
f 2535 2389 2453
f 2453 2389 2293
f 2535 2453 2541
f 2541 2453 2468
f 2468 2453 2358
f 2358 2453 2293
f 2358 2293 2206
f 2206 2293 2190
f 2206 2190 2082
f 2358 2206 2234
f 2234 2206 2082
f 2358 2234 2342
f 2234 2082 2084
f 2234 2084 2219
f 2219 2084 2095
f 2084 2082 1988
f 2095 2084 1950
f 2084 1988 1925
f 2084 1925 1950
f 1925 1988 1911
f 1925 1911 1812
f 1925 1812 1880
f 1925 1880 1950
f 1950 1880 1841
f 5319 5299 5213
f 5213 5299 5215
f 5319 5213 5200
f 5213 5215 5148
f 5213 5148 5200
f 5148 5215 5149
f 5200 5148 5087
f 5148 5149 5123
f 5087 5148 5069
f 5148 5123 5102
f 5148 5102 5069
f 2933 2862 2945
f 2933 2945 2965
f 2945 2862 2902
f 2965 2945 3004
f 2965 3004 2987
f 2987 3004 3010
f 3010 3004 3046
f 3010 3046 3045
f 5289 5263 5222
f 5222 5263 5200
f 5200 5263 5319
f 5222 5200 5151
f 5151 5200 5087
f 5222 5151 5131
f 5222 5131 5250
f 5250 5131 5153
f 5153 5131 5051
f 5051 5131 5033
f 5033 5131 5151
f 5033 5151 5087
f 5033 5087 5069
f 5033 5069 5006
f 1774 1789 1643
f 1643 1789 1671
f 3051 2963 2964
f 3051 2964 3070
f 3070 2964 3008
f 3008 2964 2961
f 3008 2961 2954
f 2544 2542 2438
f 2438 2542 2504
f 2542 2544 2578
f 2504 2542 2556
f 2556 2542 2578
f 3850 3958 3955
f 3958 3850 3859
f 3955 3958 4006
f 4006 3958 3988
f 3988 3958 3924
f 4519 4603 4627
f 4627 4603 4690
f 4627 4690 4694
f 4690 4603 4642
f 4690 4642 4704
f 5101 5046 5082
f 5101 5082 5145
f 5082 5046 5093
f 2973 2987 3010
f 2973 3010 3045
f 2973 3045 3038
f 3038 3045 3056
f 3038 3056 3048
f 3019 2987 2973
f 3019 2973 3038
f 2504 2397 2438
f 2438 2397 2349
f 2397 2504 2506
f 2506 2504 2556
f 2397 2506 2383
f 2397 2383 2349
f 2349 2383 2342
f 3069 3066 3044
f 1838 1789 1774
f 1789 1838 1811
f 5082 5093 5133
f 5082 5133 5117
f 5145 5082 5117
f 5145 5117 5129
f 5145 5129 5146
f 5146 5129 5139
f 3076 3044 3066
f 3044 3076 3016
f 1789 1733 1671
f 1671 1733 1641
f 1671 1641 1526
f 1643 1671 1526
f 3850 3758 3859
f 3924 3958 3859
f 3924 3859 3827
f 3924 3827 3874
f 2574 2578 2544
f 2578 2574 2579
f 2578 2579 2556
f 4934 5014 4994
f 4994 5014 5058
f 2926 2943 2872
f 2872 2943 2906
f 2906 2943 2946
f 3758 3827 3859
f 3827 3758 3789
f 3827 3789 3874
f 3116 3008 3053
f 3053 3008 2954
f 3053 2954 2972
f 3053 2972 3093
f 2972 2954 2962
f 2958 2943 2926
f 2943 2958 2970
f 2943 2970 2946
f 2970 2958 2935
f 5117 5142 5129
f 3044 3059 3069
f 3048 3056 3063
f 3048 3063 3059
f 2906 2838 2872
f 2838 2906 2876
f 4971 5014 4934
f 5014 4971 4989
f 4971 4934 4910
f 4971 4910 4989
f 5058 5008 4994
f 5008 5058 4999
f 4999 5058 5021
f 5149 5139 5123
f 5123 5139 5140
f 5123 5140 5102
f 5102 5140 5069
f 5069 5140 5089
f 5069 5089 5050
f 5050 5089 5056
f 5050 5056 5023
f 1811 1733 1789
f 1733 1811 1705
f 1705 1811 1784
f 3044 3055 3059
f 1526 1641 1571
f 4006 3988 3977
f 4500 4548 4492
s 0
f 2642 2735 2705
f 2735 2642 2690
f 2690 2642 2637
s 1
f 2690 2637 2724
f 2637 2642 2558
f 2558 2642 2523
f 2558 2523 2427
f 2724 2637 2622
f 2622 2637 2558
f 2724 2622 2615
f 2558 2427 2378
f 2724 2615 2669
f 2378 2427 2339
f 2245 2226 2339
f 2339 2226 2378
f 2378 2226 2232
f 2232 2226 2078
f 2558 2378 2406
f 2378 2232 2326
f 2378 2326 2406
f 2232 2078 2222
f 2232 2222 2326
f 2222 2078 2089
f 2089 2078 1920
f 2222 2089 2183
f 2222 2183 2294
f 2222 2294 2326
f 2326 2294 2449
f 2326 2449 2406
f 2449 2294 2486
f 2521 2558 2406
f 2521 2406 2449
f 2558 2521 2622
f 2622 2521 2549
f 2549 2521 2449
f 2622 2549 2615
f 2449 2486 2575
f 2449 2575 2549
f 2549 2575 2615
f 2575 2486 2576
f 2615 2575 2669
f 2669 2575 2576
f 2669 2576 2653
f 2669 2653 2686
f 2686 2653 2692
f 2669 2686 2753
f 2753 2686 2762
f 2753 2762 2783
f 2783 2762 2825
f 2579 2506 2556
f 2506 2579 2533
f 2506 2533 2439
f 2439 2383 2506
f 2383 2439 2358
f 2383 2358 2342
f 2358 2439 2468
f 2468 2439 2533
f 2946 2876 2906
f 2876 2946 2925
f 2925 2946 2970
f 3988 3924 3916
f 3916 3924 3874
f 3916 3874 3844
f 3844 3874 3789
f 3916 3844 3977
f 4692 4642 4621
f 1838 1784 1811
f 1784 1838 1741
f 5058 5014 5037
f 5037 5014 4989
f 5058 5037 5021
f 3055 3044 3016
f 3055 3016 3047
f 3047 3016 3005
f 3005 3016 2972
f 2541 2579 2574
f 2579 2541 2533
f 2533 2541 2468
f 1705 1641 1733
f 1641 1705 1571
f 1571 1705 1741
f 1741 1705 1784
f 3093 3016 3076
f 3016 3093 2972
f 3977 3988 3916
f 2912 2958 2926
f 2958 2912 2935
f 4688 4692 4609
f 4609 4692 4621
f 2841 2838 2876
f 2841 2876 2909
f 2841 2909 2865
f 2909 2876 2925
f 4609 4621 4500
f 4500 4621 4548
f 5037 4989 4995
f 4995 4989 4925
f 4995 4925 4944
f 4925 4989 4910
f 2935 2925 2970
f 2925 2935 2909
f 2909 2935 2865
f 2865 2935 2912
f 5021 5037 4995
f 5021 4995 4944
f 5021 4944 4999
f 5114 5124 5202
f 5114 5202 5172
f 5172 5202 5190
f 5114 5172 5088
f 5088 5172 5190
f 5124 5103 5167
f 5167 5103 5178
f 5124 5167 5202
f 3075 3023 3043
f 3075 3043 3098
f 5202 5167 5178
f 5202 5178 5181
f 5202 5181 5190
f 3075 3002 3023
f 3078 3098 3041
f 3078 3041 3014
f 5072 5178 5103
f 5178 5072 5181
f 3098 3072 3075
f 3072 3098 3078
f 3072 3002 3075
f 2972 2962 3005
f 3005 2962 2928
f 3005 2928 2974
f 2974 2928 2940
f 2940 2928 2899
f 5069 5050 5006
f 5006 5050 4962
f 4962 5050 5023
f 4962 5023 5001
f 4962 5001 4940
f 4940 5001 4931
f 4931 5001 4941
f 4931 4941 4924
f 3078 3014 2994
f 3072 2994 3002
f 5088 5190 5065
f 5065 5190 5147
f 5147 5190 5181
f 5072 5147 5181
f 5147 5072 5065
f 2994 3072 3078
f 2912 2842 2865
f 1108 3225 1582
f 3225 1108 3667
f 1850 1812 1911
f 1812 1850 1582
f 1850 1911 1907
f 1907 1911 1989
f 1989 1911 2082
f 2082 1911 1988
f 1989 2082 2190
f 1989 2190 2164
f 2164 2190 2195
f 2195 2190 2290
f 2290 2190 2293
f 2290 2293 2364
f 2290 2364 2367
f 2364 2293 2498
f 2364 2498 2367
f 2367 2498 2490
f 2490 2498 2633
f 2490 2633 2588
f 2588 2633 2670
f 2670 2633 2721
f 2588 2670 2602
f 2602 2670 2699
f 3805 3895 3667
f 3895 3805 4013
f 3895 4013 4022
f 4022 4013 4150
f 4150 4013 4175
f 4175 4013 4032
f 4175 4032 4153
f 4175 4153 4307
f 4150 4175 4347
f 4347 4175 4307
f 4347 4307 4337
f 4347 4337 4451
f 4347 4451 4389
f 4451 4337 4449
f 4389 4451 4487
f 4451 4449 4509
f 4451 4509 4487
f 4509 4449 4478
f 4487 4509 4619
f 4509 4478 4615
f 4619 4509 4674
f 4674 4509 4615
f 4674 4615 4640
f 4674 4640 4752
f 4752 4640 4712
f 4752 4712 4778
f 1850 1691 1582
f 1691 1850 1796
f 1796 1850 1965
f 1691 1227 1582
f 1582 1227 1108
f 1108 1227 3338
f 1227 1691 1626
f 3338 1227 1233
f 1233 1227 1626
f 1626 1691 1796
f 1233 1626 1565
f 1565 1626 1729
f 1729 1626 1796
f 1729 1796 1844
f 3338 1233 3373
f 3338 3373 3703
f 3338 3703 3667
f 3703 3373 3636
f 3703 3636 3822
f 3822 3636 3869
f 3703 3822 3922
f 3822 3869 3994
f 3822 3994 3922
f 3994 3869 4112
f 3922 3994 4015
f 4015 3994 4112
f 3922 4015 4013
f 4015 4112 4115
f 4115 4112 4203
f 4115 4203 4206
f 4203 4112 4299
f 4206 4203 4296
f 4203 4299 4386
f 4203 4386 4296
f 4386 4299 4512
f 4296 4386 4405
f 4386 4512 4569
f 4386 4569 4405
f 3338 3667 1108
f 3667 3703 3805
f 3805 3703 3922
f 3805 3922 4013
f 4013 4015 4056
f 4056 4015 4115
f 4056 4115 4213
f 4213 4115 4206
f 4213 4206 4296
f 4213 4296 4307
f 4307 4296 4405
f 4032 4013 4056
f 4032 4056 4153
f 4153 4056 4213
f 4153 4213 4307
f 1989 1965 1907
f 1907 1965 1850
f 2097 2037 1965
f 2097 1965 1989
f 2037 2097 2182
f 2097 1989 2164
f 2097 2164 2182
f 2182 2164 2299
f 2182 2299 2337
f 2337 2299 2508
f 2337 2508 2536
f 2536 2508 2627
f 2627 2508 2636
f 2627 2636 2702
f 2702 2636 2699
f 2702 2699 2764
f 2764 2699 2758
f 2764 2758 2786
f 2786 2758 2776
f 2786 2776 2816
f 2816 2776 2802
f 2816 2802 2836
f 2836 2802 2834
f 2940 2899 2913
f 2913 2899 2877
f 2299 2164 2195
f 2299 2195 2290
f 2299 2290 2367
f 2299 2367 2508
f 2508 2367 2490
f 2508 2490 2588
f 2508 2588 2636
f 2636 2588 2602
f 2636 2602 2699
f 4307 4405 4337
f 4337 4405 4449
f 1972 1965 2037
f 1965 1972 1796
f 4449 4405 4569
f 4449 4569 4644
f 4644 4569 4699
f 4644 4699 4712
f 4712 4699 4788
f 4712 4788 4778
f 4778 4788 4850
f 4778 4850 4851
f 4851 4850 4874
f 4851 4874 4871
f 4871 4874 4914
f 4871 4914 4897
f 4897 4914 4917
f 4615 4478 4644
f 4644 4478 4449
f 4615 4644 4640
f 4640 4644 4712
f 2182 2135 2037
f 2135 2182 2337
f 2037 2135 1997
f 2037 1997 1972
f 2135 2337 2147
f 2135 2147 1997
f 1997 2147 2132
f 2147 2337 2331
f 2147 2331 2132
f 1997 2132 1983
f 2132 2331 2161
f 2161 2331 2381
f 2331 2337 2476
f 2476 2337 2536
f 2381 2331 2532
f 2532 2331 2476
f 2532 2476 2536
f 2381 2532 2531
f 2532 2536 2627
f 2531 2532 2645
f 2531 2645 2617
f 2532 2627 2639
f 2532 2639 2645
f 2639 2627 2702
f 2639 2702 2709
f 2639 2709 2645
f 2617 2645 2736
f 2736 2645 2709
f 2736 2709 2773
f 2736 2773 2777
f 4778 4803 4752
f 4803 4778 4851
f 4803 4851 4870
f 4870 4851 4871
f 4870 4871 4916
f 4916 4871 4897
f 4916 4897 4924
f 4924 4897 4917
f 4924 4917 4913
f 4913 4917 4882
f 4913 4882 4890
f 4890 4882 4861
f 4890 4861 4867
f 4867 4861 4810
f 4867 4810 4811
f 4811 4810 4762
f 4811 4762 4723
f 4811 4723 4847
f 4723 4762 4669
f 4669 4762 4629
f 4669 4629 4504
f 4504 4629 4460
f 4504 4460 4402
f 4402 4460 4292
f 4402 4292 4249
f 4249 4292 4168
f 4168 4292 4086
f 1844 1796 1972
f 1844 1972 1997
f 1844 1997 1983
f 1844 1983 1810
f 1844 1810 1646
f 1844 1646 1729
f 1729 1646 1565
f 1565 1646 1233
f 2776 2758 2780
f 2776 2780 2837
f 2776 2837 2802
f 2802 2837 2848
f 2802 2848 2834
f 4788 4699 4715
f 4788 4715 4783
f 4788 4783 4850
f 4715 4699 4661
f 4661 4699 4569
f 4661 4569 4512
f 4661 4512 4540
f 4661 4540 4655
f 4661 4655 4715
f 4764 4783 4715
f 4840 4850 4783
f 4840 4783 4764
f 4840 4764 4808
f 4850 4840 4874
f 4840 4808 4864
f 4840 4864 4874
f 4874 4864 4914
f 4914 4864 4873
f 4873 4864 4863
f 4914 4873 4917
f 4917 4873 4905
f 4905 4873 4865
f 4917 4905 4882
f 4905 4865 4868
f 4905 4868 4882
f 4882 4868 4861
f 4868 4865 4832
f 4861 4868 4848
f 4848 4868 4832
f 4848 4832 4773
f 4848 4773 4775
f 2855 2834 2848
f 2834 2855 2853
f 2834 2853 2800
f 2800 2853 2825
f 2800 2825 2771
f 2771 2825 2762
f 2771 2762 2692
f 2692 2762 2686
f 2834 2839 2836
f 2836 2839 2789
f 2839 2834 2832
f 2839 2832 2789
f 2832 2834 2800
f 2836 2789 2816
f 2832 2800 2814
f 2816 2789 2773
f 2816 2773 2786
f 2773 2789 2777
f 2786 2773 2709
f 2786 2709 2764
f 2764 2709 2702
f 2779 2789 2832
f 2779 2832 2814
f 2789 2779 2772
f 2772 2779 2763
f 2779 2814 2785
f 2779 2785 2763
f 2785 2814 2800
f 2785 2800 2771
f 2763 2785 2719
f 2785 2771 2766
f 2785 2766 2719
f 2719 2766 2729
f 2719 2729 2685
f 2685 2729 2656
f 2656 2729 2665
f 2656 2665 2567
f 2567 2665 2593
f 2567 2593 2501
f 2501 2593 2534
f 2766 2771 2692
f 2766 2692 2729
f 2729 2692 2665
f 2665 2692 2653
f 2665 2653 2576
f 2665 2576 2593
f 2593 2576 2486
f 4810 4861 4848
f 4810 4848 4775
f 4810 4775 4762
f 4762 4775 4691
f 4691 4775 4663
f 4663 4775 4773
f 4691 4663 4553
f 4691 4553 4561
f 4691 4561 4629
f 4629 4561 4460
f 4561 4553 4423
f 4561 4423 4460
f 4423 4553 4438
f 4423 4438 4264
f 4460 4423 4292
f 4423 4264 4243
f 4423 4243 4292
f 4292 4243 4086
f 4086 4243 4052
f 4086 4052 3911
f 3911 4052 3875
f 3911 3875 3541
f 3541 3875 3573
f 4691 4629 4762
f 2534 2593 2486
f 2534 2486 2407
f 2407 2486 2294
f 2407 2294 2302
f 2302 2294 2183
f 2407 2302 2390
f 2407 2390 2534
f 2534 2390 2501
f 2390 2302 2264
f 2302 2183 2142
f 2302 2142 2264
f 2142 2183 2089
f 2264 2142 2106
f 2142 2089 1964
f 2106 2142 1998
f 1998 2142 1964
f 1998 1964 1919
f 1919 1964 1806
f 1919 1806 1816
f 1816 1806 1645
f 1816 1645 1668
f 1668 1645 1521
f 1521 1645 1053
f 1646 3358 1233
f 1233 3358 3373
f 3373 3358 3636
f 3636 3358 3869
f 3358 1646 1502
f 1502 1646 1810
f 3869 3358 3756
f 3358 1502 1026
f 3358 1026 3756
f 1026 1502 1706
f 1026 1706 1050
f 1026 1050 3490
f 1026 3490 3756
f 1050 1706 1677
f 3756 3490 3865
f 1706 1502 1815
f 1706 1815 1677
f 1815 1502 1810
f 1677 1815 1893
f 1815 1810 2019
f 1815 2019 1893
f 2019 1810 1983
f 1893 2019 2102
f 2019 1983 2161
f 2161 1983 2132
f 2102 2019 2297
f 2297 2019 2161
f 2297 2161 2381
f 2102 2297 2382
f 2297 2381 2531
f 2382 2297 2599
f 2599 2297 2531
f 2382 2599 2577
f 2599 2531 2617
f 2599 2617 2716
f 2599 2716 2577
f 2716 2617 2736
f 2577 2716 2678
f 2678 2716 2707
f 2577 2678 2613
f 2678 2707 2566
f 2566 2707 2605
f 2613 2678 2586
f 2586 2678 2566
f 2613 2586 2488
f 2613 2488 2481
f 2586 2566 2363
f 2586 2363 2488
f 2566 2605 2345
f 2566 2345 2363
f 2366 2605 2547
f 2605 2366 2345
f 2481 2488 2362
f 2362 2488 2363
f 2363 2345 2230
f 2363 2230 2259
f 2363 2259 2362
f 2230 2345 2025
f 2230 2025 2259
f 2178 2345 2366
f 2178 2366 2347
f 2178 2347 1942
f 2345 2178 2026
f 2345 2026 2025
f 2178 1942 1849
f 2178 1849 2026
f 2025 2026 1822
f 1822 2026 1849
f 2025 1822 1832
f 2025 1832 2259
f 1822 1849 1528
f 1822 1528 1832
f 1498 1849 1942
f 1498 1942 1758
f 1498 1758 983
f 1498 983 3737
f 1849 1498 1454
f 1849 1454 1528
f 1498 3737 3475
f 1498 3475 1454
f 3475 3737 3904
f 3904 3737 4055
f 1454 3475 1090
f 1454 1090 1528
f 3904 4055 4135
f 1528 1090 3323
f 1528 3323 1832
f 1090 3475 3584
f 3584 3475 3904
f 1090 3584 3323
f 3904 4135 4179
f 4179 4135 4429
f 3584 3904 3993
f 3993 3904 4179
f 3323 3584 4005
f 4005 3584 3993
f 3993 4179 4176
f 3993 4176 4005
f 4179 4429 4439
f 4179 4439 4176
f 4439 4429 4651
f 3323 4005 4020
f 4020 4005 4176
f 4176 4439 4375
f 4439 4651 4552
f 4439 4552 4375
f 4552 4651 4706
f 4706 4651 4738
f 4375 4552 4529
f 4529 4552 4706
f 4706 4738 4792
f 4375 4529 4427
f 4375 4427 4176
f 4706 4792 4718
f 4718 4792 4708
f 4706 4718 4630
f 4706 4630 4529
f 4176 4427 4361
f 4176 4361 4020
f 4539 4427 4529
f 4539 4529 4630
f 4427 4539 4443
f 4427 4443 4361
f 4539 4630 4484
f 4484 4630 4708
f 4539 4484 4428
f 4539 4428 4443
f 4428 4484 4096
f 4096 4484 4254
f 4443 4428 4141
f 4141 4428 4096
f 3946 4361 4443
f 4361 3946 3929
f 4361 3929 3883
f 4361 3883 4020
f 4020 3883 3820
f 4020 3820 3505
f 3946 4443 4012
f 3946 4012 3919
f 4012 4443 4141
f 3919 4012 3853
f 4020 3505 1266
f 4020 1266 3323
f 1266 3505 1231
f 3323 1266 1832
f 1832 1266 1231
f 1832 1231 1463
f 3853 4012 3640
f 3853 3640 3709
f 3640 4012 4141
f 3709 3640 3441
f 3441 3640 3278
f 1832 1463 2076
f 2076 1463 1685
f 1832 2076 2259
f 2076 1685 1761
f 3278 3640 1017
s 0
f 1017 3640 4141
s 1
f 2259 2076 2181
f 2181 2076 1761
f 3278 1017 1125
f 2259 2181 2362
f 2181 1761 1778
f 1125 1017 1644
f 1125 1644 1481
f 1481 1644 1651
f 1651 1644 1734
f 2181 1778 1821
f 1734 1644 1821
f 1821 1778 1771
f 1821 1771 1734
f 2181 1821 2187
f 2187 1821 1644
f 2181 2187 2362
f 2187 1644 1659
s 0
f 1659 1644 1017
s 1
f 2362 2187 2269
f 2269 2187 1659
f 2362 2269 2481
f 2481 2269 2346
f 2346 2269 2023
f 2023 2269 1659
f 2023 1659 1823
f 1823 1659 1617
f 1617 1659 1183
f 1004 1659 1017
f 1659 1004 1183
f 1004 1017 4141
f 1183 1004 3948
f 3948 1004 4141
f 1183 3948 3500
f 3948 4141 4096
f 3500 3948 3892
f 3892 3948 4096
f 1941 2078 1957
f 1941 1957 1834
f 1941 1920 2078
f 1920 1941 1826
f 1826 1941 1834
f 1826 1834 1806
f 1806 1834 1645
f 4049 4112 3869
f 4049 3869 3756
f 4112 4049 4236
f 4112 4236 4299
f 4049 3756 4118
f 4118 3756 3865
f 4118 3865 4083
f 4118 4083 4261
f 4049 4118 4224
f 4049 4224 4236
f 4118 4261 4433
f 4118 4433 4224
f 4433 4261 4471
f 4236 4224 4465
f 4465 4224 4433
f 4236 4465 4299
f 4433 4471 4664
f 4433 4664 4465
f 4664 4471 4611
f 4299 4465 4540
f 4299 4540 4512
f 4540 4465 4655
f 4655 4465 4664
f 4655 4664 4763
f 4655 4763 4764
f 4664 4611 4735
f 4664 4735 4763
f 4735 4611 4708
f 4763 4735 4854
f 4735 4708 4792
f 4735 4792 4854
f 1964 2089 1920
f 1964 1920 1806
f 1806 1920 1826
f 4062 4168 4086
f 4062 4086 3911
f 3868 4062 3911
f 3868 3911 3541
f 3868 3541 3562
f 3562 3541 1053
f 1608 1645 1834
f 1645 1608 1053
f 3500 1050 1183
f 1050 3500 3490
f 3490 3500 3865
f 3865 3500 3892
f 3865 3892 4083
f 4083 3892 4096
f 4083 4096 4261
f 4261 4096 4254
f 4261 4254 4471
f 4471 4254 4484
f 4471 4484 4611
f 4611 4484 4708
f 1183 1677 1617
f 1677 1183 1050
f 1617 1677 1823
f 1823 1677 1893
f 1823 1893 2023
f 2023 1893 2102
f 2023 2102 2382
f 2023 2382 2346
f 2346 2382 2577
f 2346 2577 2481
f 2481 2577 2613
f 3541 3573 1053
f 1919 1816 1906
f 1919 1906 1998
f 1998 1906 2106
f 1906 1816 1819
f 1819 1816 1615
f 1819 1615 1658
f 1615 1816 1668
f 1658 1615 1223
f 1223 1615 1668
f 1658 1223 983
f 1223 1668 1521
f 1223 1521 1053
f 983 1223 3539
f 1223 1053 3366
f 1223 3366 3539
f 3366 1053 3573
f 3539 3366 3604
f 3604 3366 3573
f 3539 3604 3797
f 3797 3604 3573
f 3539 3797 3938
f 3797 3573 3875
f 3938 3797 3931
f 3931 3797 3875
f 3931 3875 4052
f 3938 3931 4098
f 4098 3931 4052
f 4098 4052 4243
f 4098 4243 4264
f 4098 4264 4334
f 4334 4264 4438
f 4764 4715 4655
f 4763 4808 4764
f 4808 4763 4854
f 4808 4854 4863
f 4808 4863 4864
f 4863 4854 4856
f 4856 4854 4792
f 4863 4856 4865
f 4863 4865 4873
f 4865 4856 4832
f 4856 4792 4738
f 4856 4738 4832
f 4832 4738 4773
f 4773 4738 4620
f 4620 4738 4651
f 4773 4620 4663
f 4620 4651 4429
f 4663 4620 4553
f 4620 4429 4334
f 4620 4334 4553
f 4553 4334 4438
f 4334 4429 4135
f 4334 4135 4098
f 4098 4135 4055
f 4098 4055 3938
f 3938 4055 3737
f 3938 3737 3539
f 3539 3737 983
f 1125 3290 3278
f 3278 3290 3441
f 3290 1125 1281
f 1281 1125 1481
f 3441 3290 3628
f 3441 3628 3709
f 1481 1346 1281
f 1281 1346 1117
f 1281 1117 3290
f 1346 1481 1496
f 1496 1481 1663
f 1663 1481 1651
f 1663 1651 1746
f 1746 1651 1734
f 1746 1734 1771
f 1746 1771 1788
f 1788 1771 1794
f 3290 3528 3628
f 3709 3628 3719
f 3719 3628 3745
f 3709 3719 3853
f 3719 3745 3840
f 3853 3719 3861
f 3861 3719 3840
f 3853 3861 3919
f 3861 3840 3898
f 3861 3898 3919
f 3919 3898 3949
f 3919 3949 3971
f 3971 3949 3978
f 1117 944 3290
f 3290 944 3528
f 944 1117 3281
f 944 3281 3353
f 944 3353 3528
f 3528 3353 3510
f 3528 3510 3605
f 3528 3605 3745
f 3528 3745 3628
f 3745 3605 3782
f 3745 3782 3840
f 3782 3605 3638
f 3782 3638 3609
f 1153 3281 1117
f 3281 1153 3215
f 1153 1117 1346
f 3215 1153 3257
f 1153 1346 1353
f 1353 1346 1496
f 3257 1153 1060
f 3257 1060 3349
f 2777 2716 2736
f 2716 2777 2707
f 2707 2777 2772
f 2772 2777 2789
f 2707 2772 2695
f 2695 2772 2763
f 2707 2695 2605
f 2695 2763 2719
f 2605 2695 2652
f 2652 2695 2719
f 2652 2719 2685
f 2652 2685 2656
f 2605 2652 2547
f 2652 2656 2539
f 2652 2539 2547
f 2539 2656 2567
f 2539 2567 2501
f 2547 2539 2430
f 2430 2539 2501
f 2547 2430 2347
f 2547 2347 2366
f 2430 2501 2318
f 2430 2318 2347
f 2318 2501 2390
f 2318 2390 2264
f 2318 2264 2106
f 2347 2318 2010
f 2010 2318 2106
f 2347 2010 1942
f 2010 2106 1906
f 1942 2010 1758
f 2010 1906 1819
f 2010 1819 1758
f 1758 1819 1658
f 1758 1658 983
f 3946 3919 3971
f 3946 3971 3929
f 3929 3971 3952
f 3952 3971 3980
f 3929 3952 3883
f 1778 1794 1771
f 4718 4708 4630
f 1663 1577 1496
f 1496 1577 1353
f 1353 1577 1391
f 1353 1391 1153
f 1153 1391 1060
f 1391 1577 1636
f 1577 1663 1715
f 1577 1715 1636
f 1715 1663 1746
f 1636 1715 1711
f 1715 1746 1760
f 1711 1715 1792
f 1792 1715 1760
f 1808 1788 1794
f 1808 1794 1790
f 1760 1746 1788
f 1760 1788 1792
f 1792 1788 1808
f 1792 1808 1805
f 1805 1808 1800
f 1808 1790 1786
f 1808 1786 1800
f 1786 1790 1756
f 1800 1786 1775
f 1775 1786 1756
f 1775 1756 1700
f 1775 1700 1725
f 1775 1725 1726
f 1725 1700 1717
f 1790 1794 1778
f 3980 3971 3978
f 3952 3980 3961
f 3961 3980 3983
f 3983 3980 3978
f 3983 3978 3976
f 3976 3978 3965
f 3965 3978 3949
f 3965 3949 3920
f 3920 3949 3898
f 3920 3898 3876
f 3876 3898 3840
f 3876 3840 3782
f 1761 1790 1778
f 1790 1761 1756
f 1756 1761 1685
f 1756 1685 1665
f 1665 1685 1463
f 3849 3820 3883
f 3849 3883 3952
f 3820 3849 3718
f 3849 3952 3897
f 3897 3952 3961
f 3897 3961 3894
f 3897 3894 3831
f 3849 3897 3791
f 3791 3897 3831
f 3849 3791 3718
f 3791 3831 3657
f 3791 3657 3682
f 3791 3682 3718
f 3718 3682 3488
f 3353 3281 3368
f 3510 3353 3368
f 3510 3724 3605
f 3718 3505 3820
f 3505 3718 3488
f 3505 3488 3296
f 3505 3296 1231
f 1756 1665 1660
f 1756 1660 1700
f 1700 1660 1569
f 1700 1569 1717
f 1660 1665 1488
f 1660 1488 1569
f 1488 1665 1463
f 1569 1488 1473
f 1488 1463 1263
f 1488 1263 1473
f 1263 1463 1231
f 1473 1263 1192
f 1473 1192 1475
f 1263 1231 1105
f 1105 1231 3296
f 1105 3296 3310
f 3310 3296 3488
f 3605 3732 3638
f 3257 3300 3215
f 3349 3300 3257
f 3682 3657 3488
f 3488 3657 3376
f 3376 3657 3484
f 3376 3484 1121
f 3488 3376 3310
f 3376 1121 1192
f 3376 1192 3310
f 3310 1192 1105
f 1105 1192 1263
f 3633 3558 3349
f 3558 3633 3609
f 3633 3349 1060
f 3609 3633 3782
f 3633 1060 3476
f 3782 3633 3808
f 3808 3633 3476
f 3782 3808 3876
f 3476 1060 1065
f 3808 3476 3717
f 1065 1060 1391
f 3808 3717 3809
f 3876 3808 3908
f 3908 3808 3809
f 3908 3809 3872
f 3908 3872 3956
f 3956 3872 3896
f 3956 3896 3940
f 3940 3896 3870
f 3940 3870 3877
f 3877 3870 3699
f 3877 3699 3736
f 3736 3699 3529
f 3736 3529 3484
f 3484 3529 1030
f 3484 1030 1121
f 1121 1030 1279
f 1866 1725 1717
f 1569 1866 1717
f 1866 1569 1702
f 1866 1702 1845
f 1382 1065 1391
f 1382 1391 1711
f 1711 1391 1636
f 1382 1711 1593
f 1593 1711 1680
f 1680 1711 1730
f 1730 1711 1781
f 1781 1711 1792
f 1730 1781 1747
f 1747 1781 1743
f 3876 3908 3920
f 3920 3908 3965
f 3965 3908 3976
f 3976 3908 3956
f 3976 3956 3983
f 3983 3956 3940
f 3983 3940 3961
f 3961 3940 3894
f 3894 3940 3877
f 3894 3877 3831
f 3831 3877 3736
f 3831 3736 3657
f 3657 3736 3484
f 1065 935 3476
f 935 1065 1141
f 935 1141 1006
f 3476 935 3507
f 3476 3507 3717
f 935 1006 3382
f 935 3382 3507
f 3382 1006 1013
f 3717 3507 3543
f 3543 3507 3382
f 3717 3543 3656
f 3543 3382 3417
f 1702 1569 1473
f 1702 1473 1703
f 1703 1473 1475
f 1382 1141 1065
f 1141 1382 1390
f 1390 1382 1593
f 1141 1390 1181
f 1141 1181 1006
f 1006 1181 1013
f 1390 1593 1407
f 1390 1407 1181
f 1407 1593 1680
f 1013 1181 1211
f 1211 1181 1407
f 1013 1211 1018
f 1407 1680 1560
f 1560 1680 1730
f 1211 1407 1434
f 1434 1407 1560
f 1211 1434 1212
f 1434 1560 1538
f 1212 1434 1426
f 1426 1434 1538
f 1805 1781 1792
f 1781 1805 1800
f 1781 1800 1743
f 1743 1800 1736
f 1736 1800 1775
f 1736 1775 1726
f 1736 1726 1684
f 1736 1684 1511
f 1736 1511 1613
f 1743 1736 1708
f 1708 1736 1613
f 1743 1708 1546
f 1708 1613 1625
f 1708 1625 1546
f 1625 1613 1468
f 1625 1468 1395
f 1625 1395 1546
f 1395 1468 1306
f 1395 1306 1122
f 1546 1395 1415
f 1546 1415 1568
f 1568 1415 1426
f 1568 1426 1538
f 1426 1415 1218
f 1426 1218 1212
f 1415 1395 1282
f 1415 1282 1218
f 1135 1395 1122
f 1395 1135 1282
f 1135 1122 1027
f 1218 1282 1086
f 1086 1282 1135
f 1086 1135 1027
f 1218 1086 1055
f 1086 1027 3377
f 1086 3377 959
f 1690 1475 1511
f 1192 1511 1475
f 1279 1613 1511
f 3896 3872 3810
f 3810 3872 3809
f 3830 3870 3896
f 3830 3896 3810
f 3830 3810 3700
f 3700 3810 3695
f 3695 3810 3656
f 3656 3810 3809
f 3656 3809 3717
f 1192 1121 1511
f 1511 1121 1279
f 3699 3870 3740
f 3740 3870 3821
f 1568 1747 1743
f 1568 1743 1546
f 1747 1568 1538
f 1747 1538 1730
f 1730 1538 1560
f 1279 1468 1613
f 1468 1279 1253
f 1468 1253 1306
f 1253 1279 1030
f 1306 1253 1169
f 1169 1253 1030
f 1306 1169 1122
f 1122 1169 998
f 998 1169 1030
f 1122 998 1027
f 998 1030 3359
f 3359 1030 3529
f 1027 998 3371
f 3371 998 3359
f 1027 3371 3377
f 3377 3371 3509
f 3371 3359 3511
f 3371 3511 3509
f 3511 3359 3529
f 3509 3511 3654
f 3511 3529 3699
f 3654 3511 3740
f 3740 3511 3699
f 3821 3870 3830
f 3821 3830 3679
f 3679 3830 3700
f 3821 3679 3654
f 3821 3654 3740
f 3654 3679 3509
f 3509 3679 3566
f 3566 3679 3700
f 3509 3566 3377
f 3377 3566 3423
f 3377 3423 959
f 3423 3566 3498
f 3498 3566 3620
f 3620 3566 3700
f 3620 3700 3695
f 3620 3695 3656
f 3620 3656 3530
f 3530 3543 3417
f 3543 3530 3656
f 1013 3417 3382
f 3417 1013 1018
f 3530 3417 3410
f 3530 3410 3498
f 3530 3498 3620
f 3410 3417 953
f 953 3417 1018
f 3498 3410 3357
f 3357 3410 953
f 3498 3357 3423
f 3423 3357 959
f 953 1018 1212
f 1212 1018 1211
f 3357 953 1055
f 3357 1055 959
f 1055 953 1212
f 959 1055 1086
f 1055 1212 1218
o tripo_part_4
v -0.199554 0.156677 -0.025230
v -0.199600 0.151749 -0.017218
v -0.199631 0.159225 -0.030027
v -0.199829 0.148712 -0.011210
v -0.199875 0.165039 -0.038803
v -0.199966 0.161072 -0.029993
v -0.199997 0.154907 -0.020077
v -0.200027 0.165085 -0.036434
v -0.200256 0.151550 -0.013779
v -0.200272 0.168991 -0.043041
v -0.200287 0.163300 -0.044884
v -0.200424 0.168625 -0.048157
v -0.200714 0.170334 -0.051884
v -0.200821 0.159973 -0.026405
v -0.200943 0.166611 -0.036587
v -0.201004 0.150131 -0.010284
v -0.201126 0.171646 -0.046085
v -0.201141 0.154633 -0.017422
v -0.202652 0.167282 -0.036610
v -0.202774 0.159836 -0.024651
v -0.202835 0.150085 -0.008837
v -0.203247 0.172165 -0.044716
v -0.204086 0.173965 -0.049000
v -0.206848 0.153503 -0.014397
v -0.207779 0.170563 -0.041782
v -0.207840 0.174332 -0.048199
v -0.208084 0.162704 -0.029305
v -0.208664 0.150253 -0.009371
v -0.208801 0.153229 -0.014443
v -0.209244 0.167221 -0.037106
v -0.209290 0.156891 -0.020626
v -0.209305 0.162888 -0.030363
v -0.209732 0.170364 -0.043064
v -0.209991 0.150986 -0.012516
v -0.210114 0.172607 -0.048790
v -0.210190 0.160614 -0.028290
v -0.210556 0.162720 -0.032600
v -0.210556 0.167221 -0.040501
v -0.210571 0.158478 -0.025988
v -0.210571 0.164108 -0.037148
s 1
f 5381 5374 5377
f 5381 5377 5382
f 5382 5377 5384
f 5382 5384 5387
f 5369 5371 5374
f 5362 5371 5369
f 5362 5369 5357
f 5371 5373 5374
f 5374 5373 5377
f 5355 5360 5362
f 5362 5360 5371
f 5360 5355 5354
f 5360 5367 5371
f 5371 5367 5373
f 5367 5360 5359
f 5359 5360 5354
f 5380 5384 5377
f 5384 5380 5385
f 5384 5385 5389
f 5373 5380 5377
f 5367 5368 5373
f 5378 5380 5373
f 5385 5390 5389
f 5390 5385 5383
f 5383 5385 5380
f 5392 5389 5390
f 5359 5368 5367
f 5368 5359 5361
f 5361 5359 5356
f 5361 5356 5358
f 5368 5372 5373
f 5373 5372 5378
f 5378 5383 5380
f 5390 5391 5393
f 5391 5390 5383
f 5368 5375 5372
f 5372 5375 5378
f 5375 5368 5370
f 5370 5368 5363
f 5383 5386 5391
f 5391 5386 5388
f 5386 5383 5378
f 5361 5363 5368
f 5363 5361 5358
f 5364 5363 5358
f 5375 5379 5378
f 5379 5375 5376
f 5378 5379 5386
f 5386 5379 5388
f 5365 5363 5364
f 5370 5376 5375
f 5366 5370 5363
o tripo_part_5
v 0.000251 0.021738 -0.105530
v 0.000464 0.021000 -0.012984
v 0.000736 -0.045578 -0.002495
v 0.002120 -0.026760 -0.114784
v 0.002371 0.041050 -0.094948
v 0.002799 -0.030312 -0.118309
v 0.003293 -0.035915 -0.121292
v 0.004945 0.039703 -0.102013
v 0.005023 -0.021837 -0.113899
v 0.005299 0.070992 -0.088387
v 0.005563 -0.020000 -0.197144
v 0.005763 -0.034050 -0.021360
v 0.005831 0.035904 -0.023439
v 0.006869 0.041157 -0.100349
v 0.007631 -0.029655 -0.151276
v 0.008108 0.041340 -0.097191
v 0.008273 0.032932 -0.103477
v 0.008319 -0.018900 -0.116280
v 0.008678 -0.014142 -0.112228
v 0.009102 -0.015663 -0.113106
v 0.009152 -0.034344 -0.128983
v 0.010972 0.079178 -0.081871
v 0.012872 -0.008327 -0.111076
v 0.013832 -0.008148 -0.111496
v 0.013905 0.042110 -0.094208
v 0.014229 0.079613 -0.068100
v 0.014338 0.072922 -0.034061
v 0.014407 -0.036007 -0.121033
v 0.015328 0.038944 -0.102272
v 0.015378 0.018740 -0.011949
v 0.015590 -0.025780 -0.169266
v 0.015894 0.058109 -0.019163
v 0.016197 0.003375 -0.109001
v 0.016579 0.069328 -0.024397
v 0.016741 0.074860 -0.086510
v 0.017132 0.080299 -0.073341
v 0.017179 0.071846 -0.088013
v 0.017429 0.080246 -0.078529
v 0.017429 -0.042454 -0.021477
v 0.017591 -0.001551 -0.109901
v 0.017626 0.071167 -0.028028
v 0.017992 0.078148 -0.083260
v 0.018154 -0.002100 -0.114052
v 0.018282 0.063805 -0.020164
v 0.018312 0.076096 -0.053139
v 0.019363 0.074219 -0.086151
v 0.019588 0.069977 -0.027584
v 0.019829 0.023117 -0.020632
v 0.019896 0.000016 -0.110176
v 0.020061 0.020144 -0.012200
v 0.020105 0.078850 -0.075165
v 0.020123 -0.035973 -0.117020
v 0.020166 0.067169 -0.024332
v 0.020269 0.077065 -0.082222
v 0.020334 0.041080 -0.094887
v 0.020405 0.072845 -0.045540
v 0.020657 0.040207 -0.101707
v 0.021189 -0.034046 -0.116211
v 0.021441 0.001043 -0.015184
v 0.021721 0.068428 -0.044498
v 0.021812 0.050686 -0.020569
v 0.021921 0.060322 -0.090408
v 0.022039 0.073906 -0.073524
v 0.022108 0.072395 -0.084221
v 0.022116 0.003950 -0.108986
v 0.022163 0.024998 -0.025496
v 0.022211 0.070549 -0.058151
v 0.022259 0.064323 -0.029873
v 0.022341 0.060837 -0.023472
v 0.022419 0.056549 -0.021189
v 0.022478 0.041317 -0.096733
v 0.022514 -0.025333 -0.019850
v 0.022526 0.073021 -0.081566
v 0.022860 -0.028242 -0.118385
v 0.023169 -0.034351 -0.116196
v 0.023497 0.005658 -0.112251
v 0.023706 0.067299 -0.087952
v 0.023790 0.042244 -0.094032
v 0.024317 -0.030085 -0.115379
v 0.024446 0.072258 -0.073730
v 0.024492 0.072639 -0.077652
v 0.024555 0.067245 -0.048595
v 0.024876 0.065300 -0.088951
v 0.025223 0.071480 -0.083481
v 0.025452 0.056049 -0.021721
v 0.025644 0.060719 -0.024965
v 0.025938 0.063652 -0.031345
v 0.026218 0.007451 -0.108810
v 0.026981 -0.026030 -0.114952
v 0.027157 -0.024282 -0.116371
v 0.027206 0.041504 -0.099815
v 0.027212 -0.036102 -0.117500
v 0.027752 0.010255 -0.107697
v 0.028395 -0.025452 -0.114594
v 0.030231 -0.021828 -0.113884
v 0.031429 0.041149 -0.100983
v 0.031780 -0.018921 -0.113647
v 0.032482 -0.017195 -0.114845
v 0.032875 0.021437 -0.013556
v 0.033142 0.024031 -0.024494
v 0.033543 -0.017809 -0.113029
v 0.033634 -0.014386 -0.116516
v 0.034119 0.019953 -0.105804
v 0.035046 -0.013786 -0.112625
v 0.035427 0.040836 -0.094711
v 0.036385 -0.012878 -0.112076
v 0.036755 0.041256 -0.096947
v 0.037079 0.030472 -0.103912
v 0.037247 -0.034374 -0.128952
v 0.038120 -0.008957 -0.111687
v 0.038582 -0.029327 -0.152878
v 0.038658 -0.009214 -0.111427
v 0.040524 -0.004575 -0.110825
v 0.040565 -0.004608 -0.113403
v 0.040577 0.041592 -0.099823
v 0.041672 0.040333 -0.101738
v 0.042091 -0.033924 -0.116074
v 0.042534 -0.002613 -0.110207
v 0.042641 -0.020121 -0.197006
v 0.043587 0.025229 -0.025330
v 0.043751 0.001122 -0.109940
v 0.043846 0.000279 -0.114235
v 0.044914 -0.019144 -0.113335
v 0.045147 0.045250 -0.021511
v 0.045345 0.003952 -0.109024
v 0.045448 0.009196 -0.013682
v 0.045692 0.069664 -0.061596
v 0.046101 0.041573 -0.098015
v 0.046284 0.069054 -0.086166
v 0.046532 0.041325 -0.100899
v 0.046551 -0.040607 -0.022442
v 0.046555 0.072372 -0.077072
v 0.046753 -0.041515 -0.022324
v 0.047173 0.008600 -0.108559
v 0.047760 0.063118 -0.029823
v 0.047966 0.040878 -0.094658
v 0.048126 0.071587 -0.082443
v 0.048309 0.009510 -0.107925
v 0.048500 0.060394 -0.090302
v 0.048580 0.007774 -0.113380
v 0.048607 0.050453 -0.020790
v 0.048794 -0.036549 -0.117599
v 0.048801 0.009244 -0.110786
v 0.048840 0.054443 -0.021252
v 0.048923 0.060333 -0.024967
v 0.049377 0.013974 -0.107559
v 0.049480 0.009405 -0.116310
v 0.049530 -0.004672 -0.110481
v 0.049732 0.057770 -0.022669
v 0.050209 0.013033 -0.107262
v 0.050900 0.070480 -0.068504
v 0.051323 0.041672 -0.099884
v 0.051754 -0.012964 -0.017561
v 0.051769 0.062538 -0.030495
v 0.051819 -0.033489 -0.021221
v 0.051826 0.065544 -0.088554
v 0.051937 -0.035397 -0.116524
v 0.053280 -0.044659 -0.008593
v 0.053379 0.021526 -0.013759
v 0.053558 0.053001 -0.021206
v 0.053917 -0.042675 -0.021126
v 0.054195 0.070938 -0.078644
v 0.054497 -0.040535 -0.022326
v 0.054760 0.059849 -0.026793
v 0.054993 0.070145 -0.082169
v 0.055058 0.056389 -0.023104
v 0.055061 0.019464 -0.119377
v 0.055119 0.042301 -0.093941
v 0.055405 -0.020016 -0.018362
v 0.055412 0.066803 -0.058556
v 0.055477 0.067680 -0.086121
v 0.055614 0.061935 -0.035389
v 0.055649 0.021126 -0.110039
v 0.055927 0.026930 -0.123680
v 0.056019 0.069206 -0.071373
v 0.056950 -0.028675 -0.156357
v 0.056953 0.031807 -0.024237
v 0.057381 0.059887 -0.090157
v 0.058140 -0.025068 -0.114487
v 0.058174 0.022516 -0.115662
v 0.058292 0.051926 -0.125061
v 0.058907 0.055332 -0.124184
v 0.059204 -0.033924 -0.116119
v 0.059238 0.024845 -0.112846
v 0.059563 0.044025 -0.021963
v 0.059605 0.027885 -0.121170
v 0.059658 -0.007742 -0.111107
v 0.059723 0.025177 -0.025616
v 0.060078 0.037598 -0.125519
v 0.060253 -0.025789 -0.169830
v 0.060326 0.024027 -0.024414
v 0.060387 0.015552 -0.106819
v 0.060413 0.000733 -0.109558
v 0.060471 -0.036266 -0.119553
v 0.060650 0.030994 -0.103981
v 0.060806 0.048714 -0.022142
v 0.060860 -0.023178 -0.114243
v 0.060871 -0.036446 -0.117989
v 0.061031 0.041321 -0.093651
v 0.061077 0.050777 -0.126495
v 0.061142 0.041367 -0.100784
v 0.061314 -0.035721 -0.116844
v 0.061794 -0.019182 -0.201538
v 0.062260 0.059456 -0.089386
v 0.062263 0.045704 -0.126495
v 0.062290 0.025906 -0.026051
v 0.062374 -0.012589 -0.112289
v 0.062378 0.066399 -0.078194
v 0.062462 0.040794 -0.094330
v 0.062637 0.062355 -0.087769
v 0.062828 -0.022999 -0.114571
v 0.062904 -0.034779 -0.116745
v 0.063087 -0.031898 -0.141022
v 0.063171 0.013266 -0.107658
v 0.063187 0.036469 -0.103157
v 0.063187 0.041676 -0.099648
v 0.063210 0.036617 -0.123627
v 0.063240 0.044224 -0.022797
v 0.063324 0.004915 -0.109268
v 0.063324 -0.003942 -0.110786
v 0.063370 0.022747 -0.105789
v 0.063400 -0.026808 -0.164917
v 0.063484 -0.034389 -0.129059
v 0.063652 -0.028828 -0.155487
v 0.063705 0.041351 -0.101219
v 0.063957 -0.036049 -0.118645
v 0.064041 -0.022591 -0.185120
v 0.064064 0.064674 -0.123871
v 0.064148 -0.010669 -0.112495
v 0.064285 -0.023191 -0.115349
v 0.064293 -0.016041 -0.113785
v 0.064301 0.032841 -0.118599
v 0.064316 0.041325 -0.092720
v 0.064331 0.029148 -0.105072
v 0.064461 0.013844 -0.108208
v 0.064468 -0.020224 -0.195663
v 0.064468 -0.035572 -0.122620
v 0.064522 -0.030409 -0.147476
v 0.064545 0.034664 -0.110817
v 0.064598 -0.024714 -0.173904
v 0.064865 0.064774 -0.082008
v 0.064865 -0.032833 -0.135269
v 0.064911 -0.026806 -0.163223
v 0.064972 0.042641 -0.125366
v 0.064980 0.001532 -0.110901
v 0.064987 -0.028486 -0.155060
v 0.064995 0.034634 -0.104584
v 0.065041 -0.033562 -0.118050
v 0.065323 0.055145 -0.032219
v 0.065338 0.033932 -0.113853
v 0.065384 -0.035088 -0.119759
v 0.065392 0.026190 -0.106804
v 0.065399 0.034920 -0.120010
v 0.065399 -0.008869 -0.113564
v 0.065422 -0.018044 -0.115639
v 0.065430 0.014688 -0.109184
v 0.065483 0.038963 -0.123596
v 0.065514 -0.023617 -0.176193
v 0.065514 -0.026693 -0.117683
v 0.065582 -0.029079 -0.149948
v 0.065613 -0.021656 -0.185135
v 0.065636 -0.025970 -0.163925
v 0.065704 -0.019234 -0.195480
v 0.065712 0.046551 -0.126450
v 0.065727 0.033581 -0.116722
v 0.065735 -0.033440 -0.128525
v 0.065758 0.063530 -0.084053
v 0.065773 0.035999 -0.110184
v 0.065804 -0.030956 -0.139969
v 0.065811 0.034794 -0.106262
v 0.065849 0.004574 -0.112167
v 0.065849 0.023159 -0.108627
v 0.065865 0.049347 -0.024420
v 0.065941 -0.033871 -0.120750
v 0.065994 -0.009969 -0.116211
v 0.066032 0.059460 -0.126938
v 0.066055 0.059040 -0.087845
v 0.066078 -0.028372 -0.148254
v 0.066086 -0.020620 -0.184189
v 0.066101 -0.023466 -0.171249
v 0.066101 -0.025784 -0.160049
v 0.066116 -0.019173 -0.119286
v 0.066124 -0.017902 -0.196365
v 0.066132 -0.032181 -0.130661
v 0.066147 -0.005130 -0.174713
v 0.066147 -0.032375 -0.125061
v 0.066154 0.007426 -0.114639
v 0.066162 0.024920 -0.191376
v 0.066170 0.035484 -0.108597
v 0.066170 -0.022617 -0.167526
v 0.066193 0.023317 -0.111458
v 0.066193 -0.006779 -0.133301
v 0.066208 -0.028915 -0.140488
v 0.066223 0.033100 -0.134995
v 0.066223 0.035267 -0.121460
v 0.066238 0.032810 -0.117615
v 0.066246 0.053623 -0.162643
v 0.066277 0.033352 -0.112976
v 0.066284 0.047249 -0.137039
v 0.066284 0.050526 -0.150085
v 0.066315 0.039734 -0.125305
v 0.066368 0.045475 -0.127106
v 0.066376 0.041710 -0.099220
v 0.066635 0.045494 -0.024248
v 0.066650 0.049400 -0.139771
v 0.066940 0.046986 -0.127014
v 0.066963 0.027805 -0.027761
v 0.067276 0.051842 -0.027590
v 0.067413 0.048729 -0.132858
v 0.067497 0.025602 -0.028296
v 0.067657 0.051952 -0.145889
v 0.067917 0.024759 -0.027462
v 0.068039 0.055782 -0.127304
v 0.068237 0.068245 -0.125793
v 0.068245 0.048218 -0.126205
v 0.068741 0.022980 -0.020109
v 0.068771 0.040146 -0.091042
v 0.068787 0.058407 -0.058418
v 0.068802 0.047928 -0.126511
v 0.068924 0.041527 -0.026899
v 0.068962 0.041218 -0.089439
v 0.069008 0.061966 -0.077286
v 0.069145 0.048161 -0.026939
v 0.069183 0.050907 -0.139267
v 0.069237 0.027201 -0.030045
v 0.069252 0.060371 -0.083549
v 0.069366 0.056347 -0.085526
v 0.069427 0.065422 -0.127182
v 0.069839 0.051754 -0.032158
v 0.070183 0.040115 -0.092346
v 0.070381 0.060356 -0.080490
v 0.070778 0.054066 -0.126633
v 0.070961 0.048187 -0.124535
v 0.070969 0.045269 -0.029541
v 0.071312 0.058720 -0.073242
v 0.071518 0.049004 -0.031796
v 0.071663 0.057129 -0.080963
v 0.071663 0.075714 -0.125031
v 0.071686 0.052326 -0.045193
v 0.071716 0.031502 -0.033192
v 0.071777 0.052280 -0.082237
v 0.072006 0.057468 -0.075684
v 0.072067 0.024633 -0.030886
v 0.072182 0.044926 -0.032528
v 0.072235 0.040730 -0.083862
v 0.072266 0.052891 -0.055649
v 0.072472 0.052731 -0.078674
v 0.072548 0.047215 -0.037258
v 0.072601 0.027599 -0.037048
v 0.072617 0.050392 -0.055607
v 0.072617 0.053692 -0.073898
v 0.072685 0.039078 -0.084114
v 0.072731 0.039291 -0.079079
v 0.072807 0.036194 -0.061905
v 0.072815 0.028940 -0.040314
v 0.072868 0.037121 -0.074440
v 0.072868 0.047459 -0.123688
v 0.072891 0.032642 -0.053108
v 0.073059 0.047874 -0.121803
v 0.073090 0.034851 -0.062706
v 0.073166 0.066330 -0.127960
v 0.073334 0.052742 -0.125031
v 0.073616 0.072105 -0.127579
v 0.073898 0.038342 -0.084152
v 0.073921 0.047092 -0.117958
v 0.074684 0.046284 -0.118484
v 0.075058 0.064034 -0.127777
v 0.075165 0.041649 -0.098816
v 0.076096 0.050999 -0.119949
v 0.077393 0.051365 -0.141327
v 0.077904 0.070839 -0.128387
v 0.078339 0.047554 -0.124977
v 0.078636 0.063446 -0.126602
v 0.079697 0.059353 -0.123611
v -0.000526 -0.030939 -0.115494
v -0.000565 -0.035965 -0.118752
v -0.002357 -0.029047 -0.115463
v -0.002595 -0.041100 -0.022360
v -0.002685 -0.026457 -0.114784
v -0.002940 0.024555 -0.025251
v -0.003269 -0.032413 -0.118546
v -0.004362 -0.035942 -0.121262
v -0.005276 -0.034653 -0.120499
v -0.005559 0.039101 -0.102242
v -0.005664 -0.023153 -0.114487
v -0.006563 -0.011440 -0.111801
v -0.006635 -0.019688 -0.113510
v -0.007649 -0.033447 -0.133255
v -0.007846 -0.018459 -0.204666
v -0.007846 -0.021425 -0.116440
v -0.007877 -0.023989 -0.118454
v -0.007952 0.041264 -0.097061
v -0.008413 -0.035709 -0.121994
v -0.008836 -0.042812 -0.020750
v -0.008932 -0.017094 -0.113190
v -0.009102 -0.025537 -0.170593
v -0.009130 -0.026573 -0.120438
v -0.009370 -0.034813 -0.121483
v -0.010262 -0.016018 -0.018173
v -0.011434 -0.014264 -0.114838
v -0.011720 0.023970 -0.024189
v -0.012294 -0.011892 -0.112061
v -0.013175 -0.034901 -0.121346
v -0.014045 0.071968 -0.029772
v -0.014387 0.007468 -0.014036
v -0.014507 -0.022951 -0.121841
v -0.014647 0.006139 -0.108521
v -0.014846 -0.014895 -0.119934
v -0.014948 0.019442 -0.012043
v -0.015141 -0.035847 -0.121376
v -0.015191 -0.026091 -0.122078
v -0.015261 -0.005574 -0.110687
v -0.015426 0.077194 -0.084610
v -0.015620 -0.010880 -0.118477
v -0.015749 -0.034889 -0.120728
v -0.015760 -0.006891 -0.111290
v -0.016174 0.076324 -0.050896
v -0.016260 -0.006515 -0.114914
v -0.016279 0.080391 -0.072258
v -0.016441 0.079384 -0.081619
v -0.016539 -0.007598 -0.116974
v -0.016804 0.080734 -0.076584
v -0.017267 -0.013903 -0.121132
v -0.017601 0.067528 -0.022341
v -0.017902 0.059280 -0.019258
v -0.018021 0.070747 -0.088409
v -0.018126 0.041046 -0.100693
v -0.018427 0.071060 -0.027884
v -0.018469 -0.034988 -0.119019
v -0.018656 -0.029430 -0.121117
v -0.018661 0.074669 -0.086662
v -0.018686 0.063004 -0.019926
v -0.019140 0.077278 -0.060448
v -0.019146 -0.001855 -0.110634
v -0.019211 0.041382 -0.094788
v -0.019289 -0.000337 -0.109795
v -0.020025 0.077385 -0.082901
v -0.020138 0.078949 -0.077217
v -0.020704 0.068436 -0.025709
v -0.020727 0.074715 -0.055294
v -0.021276 -0.036480 -0.117775
v -0.021326 -0.035469 -0.116524
v -0.021708 0.055988 -0.020491
v -0.021931 -0.010460 -0.122360
v -0.021961 0.073891 -0.072250
v -0.021999 0.002190 -0.109695
v -0.022057 0.070251 -0.053249
v -0.022091 -0.020887 -0.122101
v -0.022118 0.065033 -0.027880
v -0.022280 0.068398 -0.087845
v -0.022295 0.064262 -0.089592
v -0.022472 0.003601 -0.114731
v -0.022516 0.000071 -0.119171
v -0.022701 0.073029 -0.080170
v -0.022722 0.071815 -0.084023
v -0.023090 -0.013985 -0.122726
v -0.023092 0.004955 -0.108894
v -0.023186 0.072914 -0.074516
v -0.023476 -0.031395 -0.116531
v -0.023491 0.067421 -0.046761
v -0.023500 0.059052 -0.023203
v -0.023922 -0.002860 -0.121635
v -0.024366 0.062912 -0.028461
v -0.024408 0.006486 -0.112190
v -0.024456 0.034157 -0.103241
v -0.024548 -0.023073 -0.120674
v -0.025085 0.021324 -0.013802
v -0.025169 0.072685 -0.077293
v -0.025702 0.070229 -0.063377
v -0.025831 0.053356 -0.020952
v -0.025873 0.068855 -0.086609
v -0.025909 0.007329 -0.117813
v -0.026035 0.041519 -0.097664
v -0.026167 0.064125 -0.033291
v -0.026169 0.007404 -0.108910
v -0.026335 0.044128 -0.021790
v -0.026428 -0.029747 -0.115364
v -0.026464 0.071457 -0.083115
v -0.027332 0.042130 -0.094070
v -0.027365 0.010019 -0.107872
v -0.027754 0.003404 -0.121910
v -0.028090 -0.025709 -0.114944
v -0.028109 -0.002444 -0.123062
v -0.028122 0.011531 -0.110809
v -0.028622 -0.036461 -0.117943
v -0.028934 -0.006483 -0.123184
v -0.029171 0.019405 -0.105995
v -0.029207 -0.012087 -0.122208
v -0.029781 0.011677 -0.107986
v -0.029963 -0.020792 -0.117210
v -0.030312 -0.016859 -0.119720
v -0.030497 -0.014209 -0.120911
v -0.030878 0.016724 -0.113419
v -0.031086 0.016621 -0.116791
v -0.031113 0.013755 -0.119896
v -0.031195 -0.022524 -0.114067
v -0.031406 0.005052 -0.123131
v -0.031475 0.017830 -0.012107
v -0.031944 -0.035618 -0.116829
v -0.032032 0.014174 -0.107613
v -0.032173 0.015138 -0.106949
v -0.032219 0.017088 -0.110191
v -0.032654 -0.045273 -0.004464
v -0.032928 0.039303 -0.102188
v -0.033600 0.025381 -0.025377
v -0.033848 -0.019712 -0.198868
v -0.033855 -0.016876 -0.113403
v -0.033916 -0.036255 -0.119926
v -0.033924 0.012902 -0.122597
v -0.034374 0.016674 -0.107216
v -0.034431 0.017225 -0.121292
v -0.034584 -0.004446 -0.122421
v -0.034943 0.001080 -0.123489
v -0.035744 0.007654 -0.123962
v -0.036045 0.040668 -0.101578
v -0.036156 0.024122 -0.111893
v -0.036411 0.019043 -0.107018
v -0.036594 0.041538 -0.100204
v -0.036812 0.019617 -0.106178
v -0.036934 -0.011968 -0.112709
v -0.038006 0.023031 -0.108231
v -0.038010 -0.040504 -0.022488
v -0.038155 -0.007669 -0.117790
v -0.038284 0.041012 -0.094749
v -0.038376 0.028519 -0.115898
v -0.038448 -0.011321 -0.111855
v -0.038486 -0.004296 -0.120148
v -0.038860 0.015730 -0.124130
v -0.039387 0.022228 -0.105637
v -0.039387 0.027401 -0.120461
v -0.039425 0.027115 -0.109718
v -0.039593 0.000958 -0.122086
v -0.039982 0.022388 -0.106308
v -0.040115 0.030764 -0.103928
v -0.040237 0.006794 -0.123650
v -0.040508 0.023687 -0.123299
v -0.040508 0.031609 -0.113808
v -0.040791 0.012959 -0.124435
v -0.040867 0.031960 -0.117668
v -0.041492 -0.004251 -0.111168
v -0.041748 0.032310 -0.111626
v -0.042202 -0.031990 -0.140076
v -0.042847 0.025164 -0.105133
v -0.042877 0.025105 -0.106041
v -0.043095 -0.025476 -0.171051
v -0.044861 0.001970 -0.109978
v -0.045017 0.072098 -0.073158
v -0.045147 0.023983 -0.024172
v -0.045586 0.039917 -0.115456
v -0.045708 0.001529 -0.109505
v -0.045788 0.038502 -0.120003
v -0.045872 0.012656 -0.123474
v -0.045898 0.028212 -0.124748
v -0.045906 0.041759 -0.098679
v -0.046196 0.009366 -0.121971
v -0.046200 0.026852 -0.105263
v -0.046265 -0.042370 -0.021311
v -0.046356 0.018471 -0.124695
v -0.046787 0.037281 -0.122375
v -0.047462 -0.033474 -0.021290
v -0.047466 0.071892 -0.081764
v -0.047729 0.007546 -0.119164
v -0.047745 0.039753 -0.110161
v -0.047764 0.006158 -0.111481
v -0.048004 0.026337 -0.125320
v -0.048229 0.027927 -0.104607
v -0.048363 0.072525 -0.077042
v -0.048634 0.037144 -0.107941
v -0.048779 0.043667 -0.112495
v -0.048836 0.007175 -0.115578
v -0.049004 0.063408 -0.030645
v -0.049026 0.011665 -0.108246
v -0.049347 0.031570 -0.105865
v -0.049843 0.027300 -0.105072
v -0.049927 0.069946 -0.085419
v -0.050076 0.039833 -0.102074
v -0.050114 0.037678 -0.124588
v -0.050125 0.056694 -0.022043
v -0.050304 0.071121 -0.069252
v -0.050442 0.060913 -0.025549
v -0.050472 0.047302 -0.117943
v -0.050518 0.020105 -0.012583
v -0.050716 0.014014 -0.107124
v -0.051178 -0.009923 -0.017067
v -0.051254 -0.036335 -0.117912
v -0.051468 0.014703 -0.012698
v -0.051517 0.070908 -0.083763
v -0.052052 0.035732 -0.125641
v -0.052135 0.019651 -0.107033
v -0.052292 0.023767 -0.105942
v -0.052311 0.025259 -0.106102
v -0.052620 0.028961 -0.104355
v -0.052685 0.031063 -0.105621
v -0.052929 0.024847 -0.124496
v -0.052990 0.037552 -0.106270
v -0.053051 0.067596 -0.087532
v -0.053261 0.023584 -0.105324
v -0.053310 0.063370 -0.089722
v -0.053375 0.016920 -0.110039
v -0.053600 0.070671 -0.070984
v -0.053627 0.052158 -0.114624
v -0.054081 0.058548 -0.023876
v -0.054153 0.061356 -0.027760
v -0.054417 0.051369 -0.020889
v -0.054562 0.065323 -0.046501
v -0.054657 0.052612 -0.120850
v -0.054657 0.071205 -0.080597
v -0.054718 -0.040855 -0.022236
v -0.054787 -0.018496 -0.204544
v -0.054878 0.030628 -0.125351
v -0.054890 0.016947 -0.113892
v -0.055016 -0.010696 -0.016787
v -0.055126 0.004733 -0.014100
v -0.055153 0.025091 -0.107452
v -0.055233 0.017988 -0.117584
v -0.055317 -0.043633 -0.015615
v -0.055359 -0.025234 -0.019484
v -0.055504 0.053352 -0.112045
v -0.055676 0.041447 -0.094543
v -0.055916 0.050892 -0.109825
v -0.056042 0.020641 -0.012244
v -0.056194 0.022064 -0.120850
v -0.056362 0.068436 -0.085266
v -0.056389 0.051418 -0.123833
v -0.056419 0.017073 -0.010443
v -0.056484 -0.009779 -0.015852
v -0.056774 0.021883 -0.015182
v -0.056927 -0.034958 -0.125137
v -0.057064 0.000473 -0.013065
v -0.057079 0.037636 -0.126083
v -0.057114 -0.028858 -0.018829
v -0.057125 0.047489 -0.107689
v -0.057217 0.005733 -0.010167
v -0.057217 0.060860 -0.031857
v -0.057301 0.069885 -0.076294
v -0.057327 -0.008496 -0.012198
v -0.057423 -0.017717 -0.015388
v -0.057461 -0.041904 -0.020126
v -0.057667 -0.041451 -0.016708
v -0.057693 -0.030746 -0.016186
v -0.057934 0.025078 -0.025684
v -0.058353 0.044815 -0.021749
v -0.058506 0.048878 -0.125870
v -0.058674 0.060871 -0.117424
v -0.059452 0.026909 -0.110306
v -0.059513 0.031225 -0.123657
v -0.059841 0.038738 -0.106560
v -0.060009 0.041935 -0.093987
v -0.060581 -0.003323 -0.110359
v -0.060673 0.055389 -0.091202
v -0.061039 0.060936 -0.123383
v -0.061771 0.037586 -0.102699
v -0.061852 0.040310 -0.125839
v -0.061970 0.029335 -0.119514
v -0.062035 0.048939 -0.106842
v -0.062069 0.056408 -0.125916
v -0.062176 0.028763 -0.113731
v -0.062485 -0.034782 -0.116531
v -0.062492 -0.024881 -0.114540
v -0.062531 0.025265 -0.026167
v -0.062714 0.047909 -0.126846
v -0.063072 0.024548 -0.105232
v -0.063332 0.024134 -0.024942
v -0.063362 0.010250 -0.108162
v -0.063431 0.060448 -0.089073
v -0.063622 0.041328 -0.100983
v -0.063705 -0.011749 -0.112289
v -0.063751 -0.000887 -0.110283
v -0.063782 0.039764 -0.102417
v -0.063820 0.057755 -0.037373
v -0.063927 -0.036205 -0.118660
v -0.063934 -0.031895 -0.139847
v -0.064034 -0.020842 -0.192871
v -0.064041 0.042652 -0.023323
v -0.064117 0.068916 -0.120193
v -0.064240 0.039463 -0.108192
v -0.064346 -0.033657 -0.116531
v -0.064400 0.048306 -0.023180
v -0.064430 -0.026903 -0.163666
v -0.064705 -0.023611 -0.179581
v -0.064819 0.030745 -0.104866
v -0.064857 0.019564 -0.106995
v -0.064926 0.063065 -0.086433
v -0.065086 -0.029455 -0.150589
v -0.065117 -0.021984 -0.115227
v -0.065117 -0.034496 -0.126709
v -0.065125 0.007302 -0.109787
v -0.065163 0.036491 -0.122154
v -0.065170 -0.009548 -0.112946
v -0.065323 0.036190 -0.110802
v -0.065376 0.038372 -0.104172
v -0.065384 0.033760 -0.117325
v -0.065414 -0.020414 -0.193253
v -0.065422 0.042519 -0.125305
v -0.065430 0.034214 -0.113266
v -0.065430 0.053020 -0.127060
v -0.065445 -0.031780 -0.138916
v -0.065529 -0.025604 -0.168167
v -0.065620 0.000746 -0.111870
v -0.065666 0.041515 -0.092361
v -0.065704 -0.013959 -0.114777
v -0.065720 0.030239 -0.106308
v -0.065750 0.041466 -0.103073
v -0.065865 0.018879 -0.108780
v -0.065865 0.039074 -0.108589
v -0.065964 -0.034912 -0.118965
v -0.065971 -0.021982 -0.183838
v -0.065987 0.057976 -0.127045
v -0.066071 0.011197 -0.111359
v -0.066086 -0.021305 -0.117531
v -0.066154 -0.001211 -0.114677
v -0.066177 -0.027054 -0.158997
v -0.066185 0.034161 -0.107864
v -0.066238 0.034935 -0.120361
v -0.066246 -0.024218 -0.170914
v -0.066254 0.040985 -0.106743
v -0.066254 -0.029970 -0.144058
v -0.066277 -0.018833 -0.196945
v -0.066292 0.038399 -0.123787
v -0.066307 0.014585 -0.113243
v -0.066315 0.033367 -0.112656
v -0.066315 0.064484 -0.081268
v -0.066322 0.033024 -0.115845
v -0.066338 0.045338 -0.126846
v -0.066376 -0.032368 -0.131348
v -0.066383 -0.016661 -0.124260
v -0.066391 -0.033848 -0.121124
v -0.066399 0.034843 -0.131561
v -0.066460 0.014667 -0.145920
v -0.066467 0.009548 -0.123581
v -0.066467 0.048565 -0.140915
v -0.066467 0.051418 -0.154938
v -0.066467 0.058010 -0.180038
v -0.066475 0.009451 -0.184052
v -0.066475 -0.009896 -0.161469
v -0.066483 -0.020048 -0.185272
v -0.066483 -0.023123 -0.170883
v -0.066490 -0.008709 -0.186935
v -0.066490 -0.013392 -0.135757
v -0.066498 0.050835 -0.191559
v -0.066498 -0.017708 -0.197006
v -0.066513 0.054749 -0.164902
v -0.066513 -0.028690 -0.147797
v -0.066521 -0.025702 -0.159027
v -0.066528 0.005536 -0.199600
v -0.066528 -0.030811 -0.129929
v -0.066551 -0.030241 -0.138565
v -0.066612 0.046616 -0.126648
v -0.066628 0.058266 -0.176147
v -0.066833 0.049065 -0.137375
v -0.066864 0.051926 -0.149399
v -0.066887 0.056919 -0.168060
v -0.066986 0.054672 -0.159302
v -0.067062 0.059952 -0.178513
v -0.067238 0.042469 -0.103882
v -0.067467 0.041809 -0.099091
v -0.067780 0.059338 -0.087074
v -0.067902 0.049904 -0.025898
v -0.067909 0.047985 -0.127014
v -0.067963 0.054176 -0.153900
v -0.067970 0.059673 -0.174744
v -0.068085 0.052330 -0.146088
v -0.068207 0.056736 -0.163116
v -0.068214 0.050190 -0.136703
v -0.068573 0.026297 -0.029013
v -0.068642 0.048771 -0.126175
v -0.068733 0.040108 -0.091621
v -0.069115 0.043968 -0.026274
v -0.069237 0.041454 -0.089584
v -0.069466 0.052151 -0.030746
v -0.069565 0.062050 -0.077713
v -0.069588 0.055794 -0.127167
v -0.069626 0.050873 -0.138260
v -0.069756 0.022787 -0.019125
v -0.069771 0.054417 -0.152893
v -0.069832 0.057377 -0.164429
v -0.070091 0.060131 -0.083420
v -0.070183 0.024742 -0.027868
v -0.070854 0.054977 -0.048462
v -0.071030 0.054688 -0.084137
v -0.071190 0.053391 -0.126266
v -0.071465 0.021049 -0.015907
v -0.071564 0.026533 -0.033104
v -0.071663 0.059177 -0.075500
v -0.071724 0.063484 -0.127792
v -0.071808 0.047810 -0.124847
v -0.071877 0.039299 -0.086311
v -0.072060 0.047550 -0.030958
v -0.072067 0.048290 -0.123528
v -0.072166 0.057281 -0.080452
v -0.072380 0.049286 -0.034946
v -0.072624 0.053719 -0.058880
v -0.072685 0.027866 -0.036148
v -0.072800 0.054634 -0.070518
v -0.072899 0.046280 -0.036137
v -0.072906 0.051701 -0.077080
v -0.072968 0.035072 -0.063141
v -0.072975 0.038940 -0.081230
v -0.072998 0.030600 -0.041866
v -0.073158 0.047611 -0.121399
v -0.073372 0.035435 -0.070602
v -0.073837 0.037430 -0.079079
v -0.073967 0.032085 -0.058056
v -0.074242 0.046658 -0.119614
v -0.076553 0.040321 -0.092583
v -0.077354 0.036335 -0.078209
v -0.077477 0.030373 -0.060421
v -0.078041 0.052830 -0.146255
v -0.078148 0.063194 -0.126587
v -0.078438 0.057453 -0.164505
s 1
f 6022 6018 6026
f 6022 6026 6029
f 6018 6022 6006
f 6018 6006 5975
f 6006 6022 6019
f 6019 6022 6030
f 5975 6006 5979
f 6019 6030 6024
f 5975 5979 5891
f 5891 5979 5798
f 5891 5798 5802
f 5798 5979 5792
f 6006 6019 6005
f 5979 6006 5977
f 5979 5977 5792
f 5977 6006 6005
f 5792 5977 5953
f 5792 5953 5405
f 5977 6005 6010
f 6010 6005 6019
f 5977 6010 5953
f 6010 6019 6024
f 5405 5953 5771
f 5771 5953 5915
f 5953 6010 6001
f 6001 6010 6024
f 5953 6001 5915
f 5771 5915 5950
f 5950 5915 6001
f 5771 5950 5787
f 6001 6024 6031
f 6001 6031 5950
f 6031 6024 6033
f 6031 6033 6032
f 5950 6031 6009
f 5950 6009 5787
f 5787 6009 5896
f 6018 5975 6014
f 6014 5975 6020
f 5891 5802 5975
f 5975 5802 5860
f 5975 5860 6020
f 6020 5860 5941
f 5941 5860 5794
f 5941 5794 5898
f 5898 5794 5773
f 5941 5898 6034
f 6020 5941 6056
f 6056 5941 6034
f 6020 6056 6167
f 6056 6034 6053
f 6167 6056 6171
f 6171 6056 6053
f 6171 6053 6158
f 6171 6158 6176
f 6171 6176 6175
f 5432 5396 5551
f 5396 5432 5787
f 5432 5551 5554
f 5787 5432 5771
f 5432 5554 5526
f 5432 5526 5771
f 5526 5554 5556
f 5526 5556 5524
f 5526 5524 5771
f 5771 5524 5548
f 5771 5548 5405
f 5405 5548 5465
f 5405 5465 5792
f 5465 5548 5546
f 5546 5548 5562
f 5465 5546 5452
f 5465 5452 5792
f 5792 5452 5798
f 5798 5452 5423
f 5798 5423 5802
f 5423 5452 5519
f 5423 5443 5395
f 5423 5395 5802
f 5802 5395 5860
f 5492 5441 5395
f 5794 5860 5395
f 5794 5395 5773
f 5773 5395 5441
f 5773 5441 5493
f 5773 5493 5459
f 5773 5459 5406
f 5773 5406 5898
f 5406 5459 5513
f 5492 5552 5441
s 0
f 5441 5552 5709
s 1
f 5441 5709 5493
f 5493 5709 5584
f 5493 5584 5513
f 5584 5709 5705
f 5513 5584 5581
f 5581 5584 5705
f 5513 5581 5570
f 5581 5705 5599
f 5581 5599 5570
f 5513 5570 5517
f 5513 5517 5406
f 5517 5570 5578
f 5578 5570 5599
f 5599 5705 5703
f 5703 5705 5736
f 5703 5736 5718
f 5599 5703 5700
f 5700 5703 5718
f 5599 5700 5611
f 5599 5611 5578
f 5700 5718 5713
f 5713 5718 5733
f 5611 5700 5697
f 5697 5700 5713
f 5578 5611 5589
f 5589 5611 5697
f 5697 5713 5716
f 5713 5733 5727
f 5713 5727 5716
f 5727 5733 5737
f 5737 5733 5742
f 5737 5742 5741
f 5727 5737 5729
f 5729 5737 5741
f 5727 5729 5716
f 5729 5741 5732
f 5732 5741 5739
f 5729 5732 5722
f 5729 5722 5716
f 5716 5722 5701
f 5701 5722 5642
f 5666 5697 5716
f 5666 5716 5701
f 5697 5666 5589
f 5666 5701 5559
f 5666 5559 5589
f 5701 5642 5557
f 5701 5557 5559
f 5557 5642 5565
f 5565 5642 5563
f 5565 5563 5547
f 5565 5547 5557
f 5557 5547 5538
f 5557 5538 5559
f 5538 5547 5528
f 5538 5528 5479
f 5538 5479 5542
f 5538 5542 5559
f 5553 5589 5559
f 5553 5559 5542
f 5589 5553 5578
f 5553 5542 5537
f 5537 5542 5478
f 5578 5553 5534
f 5534 5553 5537
f 5578 5534 5517
f 5534 5537 5454
f 5534 5454 5517
f 5425 5437 5818
f 5818 5437 5825
f 5425 5818 5869
f 5425 5869 5406
f 5825 5437 5817
f 5425 5406 5454
f 5454 5406 5517
f 5425 5454 5463
f 5425 5463 5437
f 5463 5454 5478
f 5478 5454 5537
f 5463 5478 5479
f 5479 5478 5542
f 5437 5463 5462
f 5462 5463 5479
f 5427 5817 5437
f 5817 5427 5821
f 5437 5462 5446
f 5437 5446 5427
f 5821 5427 5797
f 5446 5462 5461
f 5461 5462 5479
f 5427 5446 5440
f 5440 5446 5461
f 5480 5479 5528
f 5479 5480 5461
f 5461 5480 5475
f 5461 5475 5453
f 5461 5453 5449
f 5461 5449 5440
f 5434 5427 5440
f 5434 5440 5449
f 5427 5434 5797
f 5434 5449 5438
f 5434 5438 5420
f 5434 5420 5797
f 5797 5420 5810
f 5869 5818 5836
f 5869 5836 5863
f 5869 5863 5997
f 5997 5863 5971
f 5898 5406 5869
f 5898 5869 6035
f 6035 5869 5997
f 5898 6035 6034
f 6034 6035 6053
f 6053 6035 6067
f 6053 6067 6158
f 6035 5997 6071
f 6035 6071 6067
f 5995 5997 5971
f 5997 5995 6071
f 5995 5971 5973
f 6158 6067 6161
f 6161 6067 6071
f 6158 6161 6176
f 6176 6161 6181
f 6161 6071 6151
f 6151 6071 5995
f 6161 6151 6181
f 5995 5973 5996
f 5995 5996 6151
f 5996 5973 5964
f 6176 6181 6186
f 5996 5964 5998
f 5998 5964 5972
f 5996 5998 6027
f 6027 5998 6063
f 5996 6027 6163
f 6163 6027 6063
f 5996 6163 6151
f 6151 6163 6181
f 6163 6063 6172
f 6163 6172 6184
f 6163 6184 6181
f 6184 6172 6185
f 6184 6185 6188
f 6184 6188 6181
f 6181 6188 6186
f 6186 6188 6192
f 6192 6188 6189
f 5836 5818 5825
f 5836 5825 5854
f 5836 5854 5863
f 5863 5854 5971
f 5971 5854 5973
f 5854 5825 5832
f 5832 5825 5817
f 5832 5817 5821
f 5797 5810 5821
f 5821 5810 5833
f 5821 5833 5832
f 5832 5833 5842
f 5832 5842 5854
f 5842 5833 5840
f 5842 5840 5853
f 5854 5842 5856
f 5856 5842 5853
f 5854 5856 5973
f 5973 5856 5964
f 5856 5853 5867
f 5856 5867 5964
f 5867 5853 5862
f 5964 5867 5940
f 5513 5459 5493
f 5528 5520 5480
f 5520 5528 5547
f 5748 5741 5742
f 5741 5748 5751
f 5741 5751 5747
f 5475 5460 5453
f 5453 5460 5449
f 5449 5460 5456
f 5456 5460 5473
f 5473 5460 5475
f 5473 5475 5520
f 5520 5475 5480
f 5867 5862 5940
f 5940 5862 5861
f 5741 5743 5739
f 5743 5741 5747
f 5739 5743 5744
f 5744 5743 5747
f 5753 5747 5751
f 5747 5753 5749
f 5747 5749 5746
f 5747 5746 5744
f 5746 5749 5745
f 5745 5749 5757
f 5746 5745 5738
f 5744 5746 5740
f 5740 5746 5738
f 5740 5738 5734
f 5734 5738 5720
f 5740 5734 5730
f 5740 5730 5744
f 5730 5734 5720
f 5744 5730 5735
f 5744 5735 5739
f 5730 5720 5719
f 5719 5720 5670
f 5719 5670 5660
f 5730 5719 5724
f 5724 5719 5660
f 5730 5724 5735
f 5724 5660 5634
f 5724 5634 5715
f 5735 5724 5728
f 5728 5724 5715
f 5735 5728 5739
f 5728 5715 5711
f 5739 5728 5732
f 5732 5728 5711
f 5732 5711 5722
f 5810 5826 5833
f 5826 5810 5812
f 5826 5812 5831
f 5826 5831 5833
f 5831 5812 5815
f 5833 5831 5838
f 5833 5838 5840
f 5831 5815 5830
f 5830 5815 5813
f 5838 5831 5847
f 5847 5831 5830
f 5840 5838 5851
f 5851 5838 5847
f 5840 5851 5853
f 5853 5851 5862
f 5862 5851 5861
f 5861 5851 5847
f 5861 5847 5871
f 5871 5847 5848
f 5848 5847 5830
f 5871 5848 5864
f 5864 5848 5843
f 5843 5848 5830
f 5843 5830 5824
f 5824 5830 5813
f 5824 5813 5806
f 5806 5813 5415
f 5972 5993 5998
f 5998 5993 6028
f 5998 6028 6063
f 6063 6028 6164
f 6063 6164 6172
f 6172 6164 6177
f 6172 6177 6185
f 6164 6028 6115
f 6115 6028 6000
f 6000 6028 5993
f 6115 6000 6016
f 6016 6000 5980
f 6000 5993 5960
f 5960 5993 5972
f 5960 5972 5940
f 5940 5972 5964
f 5960 5940 5861
f 6000 5960 5954
f 5954 5960 5861
f 6000 5954 5980
f 5954 5861 5871
f 5980 5954 5968
f 5968 5954 5871
f 5980 5968 6016
f 5968 5871 5864
f 5968 5864 5989
f 5968 5989 6016
f 6016 5989 6076
f 5563 5544 5547
f 5547 5544 5520
f 5520 5544 5525
f 5520 5525 5473
f 5525 5544 5555
f 5525 5555 5530
f 5544 5563 5568
f 5544 5568 5555
f 5530 5555 5558
f 5568 5563 5711
f 5711 5563 5642
f 5568 5711 5715
f 5568 5715 5601
f 5568 5601 5555
f 5601 5715 5634
f 5601 5634 5555
f 5555 5634 5558
f 5558 5634 5660
f 5558 5660 5564
f 5722 5711 5642
f 5438 5419 5420
f 5420 5419 5810
f 5810 5419 5812
f 5812 5419 5815
f 5419 5438 5429
f 5419 5429 5815
f 5429 5438 5444
f 5815 5429 5431
f 5431 5429 5444
f 5815 5431 5813
f 5813 5431 5415
f 5415 5431 5435
f 5444 5438 5449
f 5444 5449 5456
f 5435 5431 5447
f 5447 5431 5444
f 5435 5447 5439
f 5444 5456 5466
f 5444 5466 5447
f 5466 5456 5474
f 5439 5447 5457
f 5457 5447 5466
f 5439 5457 5470
f 5466 5474 5477
f 5466 5477 5457
f 5457 5477 5470
f 5477 5474 5530
f 5470 5477 5522
f 6188 6185 6189
f 6196 6192 6190
f 6192 6189 6190
f 6190 6189 6191
f 6190 6191 6194
f 6190 6194 6196
f 6196 6194 6199
f 6196 6199 6200
f 6199 6194 6195
f 6195 6194 6191
f 6199 6195 6198
f 6195 6191 6180
f 6195 6180 6198
f 6183 6191 6189
f 6191 6183 6180
f 6183 6189 6187
f 6187 6189 6185
f 6187 6185 6177
f 6187 6177 6183
f 6183 6177 6164
f 6160 6198 6180
f 6198 6160 6149
f 5947 6059 6149
f 5947 6149 6012
f 6012 6149 6160
f 6183 6164 6170
f 6170 6164 6115
f 6173 6180 6183
f 6173 6183 6170
f 6162 6160 6180
f 6162 6180 6173
f 6160 6162 6093
f 6160 6093 6012
f 6162 6173 6150
f 6150 6173 6170
f 6162 6150 6093
f 6076 6170 6115
f 6170 6076 6150
f 6076 6115 6016
f 6150 6076 6058
f 6150 6058 6093
f 6058 6076 5989
f 6058 5989 5991
f 5872 6012 5991
f 6058 5991 6043
f 6043 5991 6012
f 6058 6043 6093
f 6043 6012 6041
f 6043 6041 6093
f 6093 6041 6012
f 5474 5456 5473
f 5474 5473 5525
f 5530 5474 5525
f 5435 5806 5415
f 5806 5435 5428
f 5806 5428 5824
f 5428 5435 5439
f 5824 5428 5403
f 5428 5439 5430
f 5428 5430 5403
f 5430 5439 5470
f 5403 5430 5455
f 5455 5430 5470
f 5418 5819 5403
f 5418 5403 5455
f 5418 5455 5471
f 5418 5471 5448
f 5448 5471 5498
f 5471 5455 5532
f 5532 5455 5476
f 5476 5455 5470
f 5476 5470 5549
f 5558 5564 5530
f 5530 5564 5522
f 5530 5522 5477
f 5522 5564 5549
f 5522 5549 5470
f 5714 5738 5745
f 5738 5714 5720
f 5720 5714 5670
f 5714 5745 5710
f 5710 5745 5757
f 5670 5714 5626
f 5626 5714 5710
f 5710 5757 5723
f 5723 5757 5761
f 5723 5761 5696
f 5723 5696 5602
f 5723 5602 5710
f 5710 5602 5626
f 5670 5626 5597
f 5626 5602 5592
f 5626 5592 5597
f 5592 5602 5561
f 5561 5602 5529
f 5597 5592 5571
f 5571 5592 5561
f 5561 5529 5471
f 5471 5529 5498
f 5561 5471 5532
f 5561 5532 5571
f 5571 5532 5549
f 5571 5549 5597
f 5549 5532 5476
f 5597 5549 5603
f 5597 5603 5670
f 5603 5549 5564
f 5670 5603 5660
f 5660 5603 5564
f 5819 5824 5403
f 5824 5819 5843
f 5843 5819 5844
f 5843 5844 5864
f 5864 5844 5989
f 5989 5844 5991
f 5991 5844 5872
f 5872 5844 5828
f 5828 5844 5819
f 5828 5819 5418
f 5398 5418 5448
f 5418 5398 5828
f 5398 5448 5464
f 5464 5448 5500
f 5398 5464 5409
f 5398 5409 5785
f 5409 5464 5407
f 5409 5407 5820
f 5407 5464 5484
f 5407 5484 5450
f 5450 5484 5489
f 5407 5450 5401
f 5407 5401 5777
f 5777 5401 5410
f 5401 5450 5422
f 5401 5422 5410
f 5422 5450 5509
f 5410 5422 5501
f 5917 5872 5828
f 5872 5917 6012
f 6012 5917 5947
f 5947 5917 5828
f 5947 5828 5866
f 5947 5866 5911
f 5947 5911 6059
f 5911 5866 5820
f 6059 5911 5908
f 5908 5911 5820
f 6059 5908 5969
f 5908 5820 5897
f 5908 5897 5969
f 5897 5820 5777
f 5969 5897 5927
f 5969 5927 6045
f 5602 5521 5529
f 5529 5521 5500
f 5529 5500 5498
f 5498 5500 5448
f 5500 5521 5508
f 5500 5508 5464
f 5508 5521 5545
f 5464 5508 5484
f 5508 5545 5523
f 5484 5508 5489
f 5489 5508 5523
f 5489 5523 5509
f 5489 5509 5450
f 5398 5785 5828
f 5785 5866 5828
f 5866 5785 5820
f 5696 5609 5602
f 5602 5609 5521
f 5521 5609 5545
f 5609 5696 5618
f 5609 5618 5594
f 5409 5820 5785
f 6096 6148 6059
f 6096 6059 6062
f 6062 6059 5969
f 6062 5969 6045
f 6062 6045 6055
f 6062 6055 6074
f 6096 6062 6084
f 6084 6062 6074
f 6096 6084 6109
f 6084 6074 6095
f 6109 6084 6106
f 6106 6084 6095
f 5820 5407 5777
f 5422 5509 5501
f 5858 5897 5777
f 5858 5777 5394
f 5897 5858 5927
s 0
f 5858 5394 5880
s 1
f 5858 5880 5927
f 5927 5880 5912
f 5927 5912 5922
f 5985 6045 5927
f 5985 5927 5959
f 5985 5959 5967
f 5967 5959 5949
f 6045 5985 5990
f 5990 5985 5967
f 6045 5990 6055
f 5990 5967 5983
f 5990 5983 5982
f 5990 5982 5976
f 5410 5394 5777
s 0
f 5394 5410 5496
s 1
f 5614 5608 5627
s 0
f 5496 5410 5501
s 1
f 5959 5927 5936
f 5936 5927 5922
f 5959 5936 5949
f 5936 5922 5926
f 5926 5922 5912
f 5926 5912 5910
f 5926 5910 5914
f 5936 5926 5937
f 5936 5937 5949
f 5937 5926 5914
f 5937 5914 5961
f 5937 5961 5949
f 5961 5914 5924
f 5909 5934 5924
f 5924 5934 5956
f 5924 5956 5961
f 5956 5934 5962
f 5962 5934 5930
f 5962 5930 5942
f 5962 5942 5994
f 5962 5994 6011
f 5962 6011 6013
f 5962 6013 5956
f 5956 6013 5961
f 5961 6013 6025
f 5961 6025 5988
f 5961 5988 5966
f 5961 5966 5949
f 5949 5966 5967
f 5966 5988 5986
f 5966 5986 5967
f 5986 5988 6048
f 5986 6048 6040
f 5967 5986 5984
f 5984 5986 6040
f 5967 5984 5983
f 5984 6040 6069
f 5983 5984 6007
f 6007 5984 6069
f 5983 6007 5982
f 5982 6007 6038
f 6038 6007 6069
f 6038 6069 6083
f 6038 6083 6088
f 6038 6088 6050
f 6050 6088 6085
f 6085 6088 6116
f 6116 6088 6114
f 6114 6088 6083
f 6114 6083 6098
f 5627 5640 5645
f 5627 5645 5628
f 5627 5628 5614
f 5614 5628 5607
f 5607 5628 5612
f 5614 5607 5585
f 5585 5607 5612
f 5614 5585 5588
f 5585 5612 5586
f 5585 5586 5543
f 5612 5628 5638
f 5638 5628 5649
f 5649 5628 5645
f 5638 5649 5664
f 5649 5645 5665
f 5649 5665 5664
f 5665 5645 5663
f 5664 5665 5680
f 5680 5665 5684
f 5680 5684 5685
f 5684 5665 5682
f 5685 5684 5687
f 5685 5687 5681
f 5681 5687 5690
f 5690 5687 5693
f 5684 5682 5691
f 5691 5682 5661
f 5684 5691 5689
f 5684 5689 5687
f 5691 5661 5643
f 5643 5661 5632
f 5689 5691 5658
f 5658 5691 5643
f 5643 5632 5577
f 5577 5632 5566
f 5643 5577 5573
f 5643 5573 5625
f 5643 5625 5658
f 5625 5573 5560
f 5625 5560 5579
f 5658 5625 5646
f 5646 5625 5579
f 5658 5646 5689
f 5646 5579 5610
f 5610 5579 5567
f 5610 5567 5582
f 5689 5646 5688
f 5689 5688 5687
f 5646 5610 5650
f 5646 5650 5688
f 5610 5582 5637
f 5610 5637 5650
f 5637 5582 5598
f 5688 5650 5694
f 5688 5694 5687
f 5694 5650 5637
f 5637 5598 5657
f 5637 5657 5694
f 5694 5657 5695
f 5694 5695 5687
f 5687 5695 5692
f 5687 5692 5693
f 5693 5692 5698
f 5698 5692 5695
f 5695 5657 5699
f 5695 5699 5698
f 5699 5657 5712
f 5698 5699 5702
f 5702 5699 5712
f 5698 5702 5704
f 5702 5712 5717
f 6042 5990 5976
f 5990 6042 6055
f 6055 6042 6057
f 6057 6042 6061
f 6057 6061 6080
f 6057 6080 6075
f 6075 6080 6097
f 6055 6075 6074
f 6075 6055 6057
f 6074 6075 6095
f 6095 6075 6097
f 6095 6097 6106
s 0
f 5486 5394 5496
f 5800 5880 5394
f 5800 5394 5426
s 1
f 5880 5800 5873
f 5880 5873 5894
f 5880 5894 5912
f 5873 5800 5850
f 5912 5894 5903
f 5912 5903 5910
f 5910 5903 5914
f 5903 5894 5893
f 5914 5903 5895
f 5895 5903 5893
f 5893 5894 5882
f 5893 5882 5895
f 5882 5894 5873
f 5868 5873 5850
f 5873 5868 5882
f 5882 5868 5877
f 5882 5877 5895
f 5895 5877 5886
f 5895 5886 5909
f 5877 5868 5857
f 5877 5857 5886
f 5868 5850 5839
f 5868 5839 5857
f 5839 5850 5829
f 5829 5850 5800
f 5857 5839 5827
f 5827 5839 5829
f 5886 5857 5845
f 5845 5857 5827
f 5886 5845 5887
f 5829 5800 5805
f 5829 5805 5827
f 5805 5800 5779
f 5827 5805 5809
f 5827 5809 5845
f 5809 5805 5795
f 5845 5809 5811
f 5865 5887 5845
f 5865 5845 5811
f 5887 5865 5888
f 5865 5811 5814
f 5865 5814 5846
f 5865 5846 5888
f 5846 5814 5807
f 5846 5807 5801
f 5846 5801 5855
f 5846 5855 5874
f 5846 5874 5888
f 5888 5874 5904
f 5904 5874 5902
f 5531 5539 5543
f 5539 5531 5527
f 5539 5527 5536
s 0
f 5426 5394 5486
s 1
f 5426 5486 5458
f 5458 5486 5481
f 5426 5458 5433
f 5433 5458 5442
f 5426 5433 5416
f 5426 5416 5800
f 5416 5433 5417
f 5417 5433 5442
f 5417 5442 5436
f 5436 5442 5469
f 5965 5976 5982
f 5965 5982 5992
f 5992 5982 6038
f 5965 5992 5957
f 5992 6038 6004
f 5992 6004 5957
f 6004 6038 6050
f 5957 6004 5963
f 6004 6050 6085
f 5963 6004 6008
f 6008 6004 6085
f 5963 6008 5955
f 6008 6085 6047
f 6047 6085 6081
f 5955 6008 6015
f 6015 6008 6047
f 6015 6047 6081
f 5955 6015 5948
f 6015 6081 6039
f 6015 6039 5948
f 6039 6081 6087
f 5948 6039 5987
f 5948 5987 5945
f 6039 6087 6046
f 5987 6039 6003
f 6003 6039 6046
f 5945 5987 5951
f 5951 5987 6003
f 5945 5951 5928
f 5928 5951 5931
f 5931 5951 5958
f 5958 5951 6003
f 5931 5958 5921
f 6003 6046 6023
f 6003 6023 5958
f 6054 6046 6087
f 6046 6054 6023
f 6054 6087 6141
f 5958 6023 5981
f 5981 6023 6054
f 5981 6054 6036
f 6036 6054 6089
f 5958 5981 5946
f 5958 5946 5921
f 5981 6036 5970
f 5981 5970 5946
f 5970 6036 6017
f 5921 5946 5929
f 5929 5946 5970
f 5921 5929 5902
f 5970 6017 5952
f 5970 5952 5929
f 5902 5929 5904
f 5904 5929 5923
f 5923 5929 5952
f 5904 5923 5888
f 5888 5923 5887
f 5923 5952 5944
f 5944 5952 5999
f 5923 5944 5932
f 5923 5932 5887
f 5887 5932 5918
f 5918 5932 5942
f 5887 5918 5886
f 5918 5942 5930
f 5918 5930 5886
f 5886 5930 5909
f 5909 5930 5934
f 5541 5531 5543
f 5531 5541 5518
f 5518 5541 5511
f 5511 5541 5505
f 5541 5543 5586
f 5505 5541 5516
f 5505 5516 5499
f 5499 5516 5494
f 5494 5516 5488
f 5488 5516 5487
f 5541 5586 5580
s 0
f 5541 5580 5516
s 1
f 5487 5516 5572
s 0
f 5572 5516 5580
s 1
f 5487 5572 5510
f 5487 5510 5468
f 5468 5510 5550
f 5510 5572 5576
f 5510 5576 5550
f 5468 5550 5485
f 5576 5572 5590
f 5590 5572 5580
f 5590 5580 5600
f 5600 5580 5586
f 5576 5590 5605
f 5550 5576 5595
f 5595 5576 5605
f 5535 5485 5550
f 5535 5550 5595
f 5535 5595 5591
f 5485 5535 5587
f 5587 5535 5591
f 5591 5595 5619
f 5591 5619 5587
f 5619 5595 5605
f 5485 5587 5616
f 5485 5616 5502
f 5502 5616 5606
f 5616 5587 5630
f 5630 5587 5619
f 5616 5630 5635
f 5635 5630 5659
f 5630 5619 5644
f 5630 5644 5659
f 5644 5619 5641
f 5641 5619 5605
f 5659 5644 5667
f 5667 5644 5641
f 5659 5667 5677
f 5677 5667 5679
f 5677 5679 5686
f 5686 5679 5685
f 5685 5679 5675
f 5675 5679 5667
f 5685 5675 5680
f 5667 5641 5652
f 5667 5652 5675
f 5652 5641 5623
f 5623 5641 5605
f 5675 5652 5648
f 5648 5652 5623
f 5680 5675 5668
f 5668 5675 5648
f 5680 5668 5664
f 5664 5668 5647
f 5647 5668 5648
f 5664 5647 5638
f 5604 5623 5605
f 5604 5605 5590
f 5624 5648 5623
f 5648 5624 5647
f 5624 5623 5604
f 5604 5590 5600
f 5604 5600 5624
f 5647 5624 5622
f 5647 5622 5638
f 5622 5624 5600
f 5638 5622 5613
f 5613 5622 5600
f 5638 5613 5612
f 5613 5600 5586
f 5613 5586 5612
f 5518 5527 5531
f 5527 5518 5514
f 5514 5518 5511
f 5514 5511 5506
f 5506 5511 5505
f 5514 5506 5507
f 5506 5505 5503
f 5506 5503 5507
f 5514 5507 5515
f 5503 5505 5497
f 5503 5497 5507
f 5515 5507 5495
f 5497 5505 5499
f 5497 5499 5494
f 5495 5507 5491
f 5491 5507 5497
f 5497 5494 5490
f 5497 5490 5491
f 5490 5494 5488
f 5495 5491 5483
f 5483 5491 5490
f 5483 5490 5488
f 5483 5488 5482
f 5482 5488 5487
f 5483 5482 5472
f 5472 5482 5487
f 5483 5472 5467
f 5472 5487 5468
f 5467 5472 5451
f 5451 5472 5468
f 5943 5976 5939
f 5976 5943 6042
f 5939 5976 5965
f 5939 5965 5957
f 5939 5957 5963
f 5939 5963 5933
f 5939 5933 5943
f 5933 5963 5913
f 6042 5943 5919
f 5919 5943 5933
f 5919 5933 5913
f 6042 5919 6052
f 5919 5913 5900
f 6052 5919 5889
f 5889 5919 5900
f 5895 5924 5914
f 5924 5895 5909
f 6069 6098 6083
f 5527 5514 5536
f 5536 5514 5533
f 5533 5514 5515
f 5533 5515 5540
f 6092 6097 6080
f 6092 6080 6082
f 6097 6092 6102
f 6102 6092 6104
f 6097 6102 6113
f 6113 6102 6104
f 6097 6113 6106
f 6113 6104 6119
f 6113 6119 6123
f 5412 5779 5416
f 5412 5416 5417
f 5412 5417 5413
f 5412 5413 5402
f 5402 5413 5411
f 5779 5800 5416
f 6060 6061 6042
f 6060 6042 6052
f 6061 6060 6082
f 6061 6082 6080
f 6060 6052 6078
f 6060 6078 6082
f 6078 6052 6070
f 6082 6078 6094
f 6082 6094 6092
f 6092 6094 6104
f 6104 6094 6103
f 6103 6094 6078
f 6104 6103 6119
f 6078 6070 6099
f 6078 6099 6103
f 6051 6070 6052
f 6070 6051 6099
f 6051 6052 5889
f 6103 6099 6120
f 6103 6120 6119
f 6099 6051 6064
f 6064 6051 5978
f 5978 6051 5892
f 6099 6064 6079
f 6099 6079 6120
f 6064 5978 6021
f 6064 6021 6079
f 6021 5978 5901
f 6021 5901 5935
f 6079 6021 6065
f 6065 6021 5935
f 6120 6079 6118
f 6079 6065 6090
f 6079 6090 6118
f 6090 6065 6077
f 6077 6065 5935
f 6118 6090 6110
f 6110 6090 6077
f 6120 6118 6139
f 6120 6139 6119
f 6118 6110 6140
f 6118 6140 6139
f 6119 6139 6132
f 6132 6139 6140
f 6119 6132 6123
f 6140 6110 6136
f 6140 6136 6132
f 6136 6110 6077
f 6132 6136 6137
f 6132 6137 6128
f 6128 6137 6130
f 6137 6136 6105
f 6105 6136 6077
f 6130 6137 6108
f 6108 6137 6105
f 6130 6108 6129
f 6129 6108 6100
f 6108 6105 6091
f 6108 6091 6100
f 6105 6077 6072
f 6105 6072 6091
f 6100 6091 6073
f 6073 6091 6072
f 6100 6073 6086
f 6086 6073 6066
f 6066 6073 6002
f 6073 6072 5938
f 6073 5938 6002
f 5938 6072 6077
f 5938 6077 5935
f 5938 5935 5781
f 6002 5938 5899
f 5938 5781 5789
f 5938 5789 5899
f 5899 5789 5782
f 5782 5789 5404
f 6114 6098 6106
f 5779 5412 5772
f 5772 5412 5402
f 5772 5402 5397
f 5397 5402 5399
f 5397 5399 5768
f 5397 5768 5772
f 5768 5399 5769
f 5779 5772 5780
f 5779 5780 5788
f 5780 5772 5778
f 5780 5778 5788
f 5772 5768 5770
f 5772 5770 5778
f 5788 5778 5783
f 5783 5778 5770
f 5779 5788 5795
f 5779 5795 5805
f 5795 5788 5793
f 5793 5788 5783
f 5795 5793 5811
f 5795 5811 5809
f 5811 5793 5814
f 5814 5793 5783
f 5814 5783 5807
f 5807 5783 5784
f 5784 5783 5770
f 5807 5784 5801
f 5784 5770 5774
f 5774 5770 5768
f 5774 5768 5769
f 5784 5774 5790
f 5784 5790 5801
f 5774 5769 5776
f 5774 5776 5790
f 5801 5790 5816
f 5801 5816 5855
f 5816 5790 5799
f 5799 5790 5776
f 5816 5799 5837
f 5837 5799 5849
f 5775 5776 5769
f 5775 5769 5400
f 5799 5776 5791
f 5775 5400 5781
f 5781 5400 5414
f 5776 5775 5786
f 5776 5786 5791
f 5786 5775 5781
f 5799 5791 5804
f 5799 5804 5849
f 5791 5786 5796
f 5791 5796 5804
f 5786 5781 5803
f 5786 5803 5796
f 5849 5804 5841
f 5841 5804 5796
f 5849 5841 5879
f 5796 5803 5808
f 5803 5781 5901
f 5901 5781 5935
f 5796 5808 5823
f 5796 5823 5841
f 5808 5803 5822
f 5808 5822 5823
f 5841 5823 5859
f 5859 5823 5822
f 5841 5859 5881
f 5881 5859 5885
f 5885 5859 5884
f 5884 5859 5822
f 5834 5822 5803
f 5834 5803 5901
f 5884 5822 5852
f 5834 5901 5878
f 5878 5901 5978
f 5878 5978 5892
f 5878 5892 5834
f 5822 5834 5835
f 5835 5834 5892
f 5822 5835 5852
f 5884 5852 5883
f 5835 5892 5870
f 5835 5870 5852
f 5870 5892 6051
f 5870 6051 5889
f 5852 5870 5875
f 5852 5875 5883
f 5875 5870 5889
f 5883 5875 5900
f 5900 5875 5889
f 5533 5573 5536
f 6113 6114 6106
f 6116 6114 6123
f 6123 6114 6113
f 6116 6123 6121
f 6121 6123 6122
f 6122 6123 6132
f 6122 6132 6128
f 6116 6121 6107
f 6116 6107 6085
f 6085 6107 6081
f 6081 6107 6112
f 6112 6107 6121
f 6081 6112 6087
f 6112 6121 6117
f 6112 6117 6087
f 6117 6121 6124
f 6087 6117 6141
f 6141 6117 6143
f 5445 5468 5485
f 5883 5900 5916
f 5916 5900 5913
f 5916 5913 5963
f 5883 5916 5884
f 5916 5963 5955
f 5884 5916 5920
f 5920 5916 5955
f 5884 5920 5885
f 5920 5955 5948
f 5885 5920 5905
f 5920 5948 5925
f 5920 5925 5905
f 5885 5905 5881
f 5925 5948 5928
f 5925 5928 5905
f 5928 5948 5945
f 5881 5905 5879
f 5881 5879 5841
f 5905 5928 5906
f 5905 5906 5879
f 5906 5928 5931
f 5906 5931 5907
f 5906 5907 5879
f 5907 5931 5921
f 5907 5921 5890
f 5890 5921 5902
f 5890 5902 5874
f 5907 5890 5876
f 5876 5890 5874
f 5907 5876 5879
f 5876 5874 5855
f 5879 5876 5837
f 5837 5876 5855
f 5879 5837 5849
f 5837 5855 5816
f 5974 5994 5942
f 5974 5942 5932
f 5974 5932 5944
f 5994 5974 6037
f 5974 5944 5999
f 5974 5999 6037
f 6037 5999 6068
f 6068 5999 6044
f 6044 5999 6017
f 6017 5999 5952
f 6044 6017 6049
f 6049 6017 6036
f 6049 6036 6101
f 6101 6036 6089
f 5759 5752 5758
f 5758 5752 5762
f 5752 5759 5750
f 5750 5759 5765
f 5752 5750 5726
f 5726 5750 5712
f 5726 5712 5708
f 5708 5712 5657
f 5485 5502 5421
f 5421 5502 5414
f 5414 5502 5408
f 6193 6179 6197
f 6179 6193 6182
f 5752 5755 5767
f 5755 5752 5726
f 5755 5726 5708
f 5755 5708 5725
f 5755 5725 5766
f 5766 5725 5760
f 5725 5708 5706
f 5725 5706 5760
f 5706 5708 5657
f 5706 5657 5598
f 5760 5706 5754
f 5706 5598 5593
f 5754 5706 5669
f 5669 5706 5593
f 5754 5669 5721
f 5669 5593 5574
f 5621 5731 5707
f 5621 5707 5575
f 5575 5707 5669
f 5669 5707 5721
f 5721 5707 5756
f 5721 5756 5754
f 6159 6179 6182
f 6159 6182 6174
f 6159 6174 6165
f 6159 6165 6089
f 6089 6165 6178
f 6141 6159 6054
f 6054 6159 6089
f 6159 6141 6152
f 6152 6141 6143
f 6159 6152 6179
f 6179 6152 6166
f 6182 6202 6174
f 5763 5712 5750
f 5760 5754 5764
f 6166 6201 6179
f 6201 6166 6168
f 6152 6157 6166
f 6157 6152 6143
f 6166 6157 6155
f 6155 6157 6143
f 6166 6155 6168
f 6124 6143 6117
f 6155 6143 6144
f 6144 6143 6124
f 6155 6144 6153
f 6155 6153 6168
f 6144 6124 6125
f 6125 6124 6121
f 6153 6144 6146
f 6146 6144 6125
f 6168 6153 6156
f 6156 6153 6146
f 6168 6156 6169
f 6168 6169 6203
f 6169 6156 6154
f 6125 6121 6122
f 6154 6156 6145
f 6145 6156 6146
f 6154 6145 6147
f 6147 6145 6142
f 6145 6146 6135
f 6145 6135 6142
f 6135 6146 6125
f 6142 6135 6126
f 6126 6135 6133
f 6133 6135 6125
f 6133 6125 6122
f 6133 6122 6127
f 6127 6122 6131
f 6127 6131 6138
f 6131 6122 6128
f 6131 6128 6130
f 6131 6130 6129
f 6131 6129 6134
f 6134 6129 6111
f 6111 6129 6100
f 6111 6100 6086
f 5408 5781 5414
f 5781 5408 5789
f 5789 5408 5424
f 5789 5424 5404
f 5635 5659 5662
f 5662 5659 5677
f 5606 5616 5635
f 5606 5635 5631
f 5631 5635 5662
f 5662 5677 5686
f 5606 5631 5569
f 5606 5569 5502
f 5502 5569 5504
f 5662 5686 5671
f 5504 5569 5583
f 5631 5662 5653
f 5653 5662 5671
f 5408 5504 5424
f 5424 5504 5583
f 5512 5404 5424
f 5512 5424 5583
f 5653 5671 5674
f 5674 5671 5686
f 5512 5583 5620
f 5512 5620 5596
f 5596 5620 5629
f 5653 5674 5655
f 5629 5620 5654
f 5629 5654 5656
f 5656 5654 5672
f 5656 5672 5676
f 5654 5620 5651
f 5654 5651 5672
f 5651 5620 5633
f 5633 5620 5583
f 5651 5633 5655
f 5633 5583 5615
f 5615 5583 5569
f 5633 5615 5636
f 5633 5636 5655
f 5615 5569 5617
f 5615 5617 5636
f 5617 5569 5631
f 5636 5617 5639
f 5639 5617 5631
f 5636 5639 5655
f 5639 5631 5653
f 5639 5653 5655
f 5673 5651 5655
f 5651 5673 5672
f 5673 5655 5674
f 5673 5674 5683
f 5673 5683 5672
f 5683 5674 5686
f 5672 5683 5678
f 5678 5683 5686
f 5672 5678 5676
f 5678 5686 5685
f 5676 5678 5681
f 5681 5678 5685
f 5504 5408 5502
o tripo_part_6
v 0.000075 0.131454 -0.204163
v 0.000371 0.139404 -0.208084
v 0.000732 0.133286 -0.205887
v 0.000878 0.157639 -0.169174
v 0.001196 0.156174 -0.154022
v 0.004369 0.154907 -0.141983
v 0.005002 0.149155 -0.077919
v 0.005434 0.135147 -0.207077
v 0.005815 0.158478 -0.191940
v 0.005870 0.158676 -0.187531
v 0.007298 0.157913 -0.195221
v 0.007396 0.151596 -0.106750
v 0.007497 0.111687 -0.025465
v 0.008384 0.157898 -0.174744
v 0.008840 0.130112 -0.202606
v 0.008948 0.124733 -0.173798
v 0.009532 0.153702 -0.202942
v 0.012322 0.115585 0.009610
v 0.013071 0.145584 -0.042091
v 0.013338 0.146576 -0.053978
v 0.015174 0.121468 -0.139328
v 0.015234 0.154678 -0.201675
v 0.017529 0.125488 -0.184341
v 0.017998 0.110352 -0.007521
v 0.018177 0.157150 -0.170456
v 0.019289 0.128922 0.010739
v 0.019630 0.133698 0.008676
v 0.019974 0.118752 -0.106293
v 0.020838 0.114319 -0.057625
v 0.021057 0.121857 -0.145828
v 0.021612 0.120201 0.011455
v 0.022415 0.148758 -0.079681
v 0.022755 0.152695 -0.123596
v 0.023701 0.156128 -0.160965
v 0.023998 0.134933 -0.207306
v 0.024582 0.140244 -0.208191
v 0.024668 0.155411 -0.200089
v 0.024845 0.111053 0.002966
v 0.025143 0.137482 -0.207977
v 0.025448 0.126144 -0.191086
v 0.025900 0.144424 -0.033073
v 0.025986 0.127136 -0.196198
v 0.026361 0.117378 -0.093170
v 0.026407 0.131302 -0.204956
v 0.026592 0.142426 -0.012591
v 0.026613 0.143661 -0.207779
v 0.027668 0.110939 -0.024038
v 0.027748 0.146301 -0.207016
v 0.027905 0.150238 -0.099297
v 0.028507 0.157471 -0.192032
v 0.029022 0.154648 -0.147522
v 0.029503 0.156570 -0.196564
v 0.029531 0.148605 -0.206024
v 0.030857 0.127991 -0.199615
v 0.032494 0.136703 0.005574
v 0.032627 0.157349 -0.180466
v 0.032665 0.128784 -0.201569
v 0.034214 0.139160 0.001310
v 0.034554 0.110046 -0.002213
v 0.034554 0.151505 -0.203934
v 0.034748 0.116081 -0.080849
v 0.034847 0.141083 -0.005375
v 0.035473 0.143143 -0.021603
v 0.038116 0.147690 -0.072929
v 0.039139 0.119644 -0.123779
v 0.039661 0.157333 -0.187637
v 0.040207 0.111839 0.006264
v 0.040279 0.135925 -0.207657
v 0.040802 0.129486 -0.203232
v 0.040924 0.151642 -0.118370
v 0.041409 0.134064 -0.207047
v 0.041763 0.154907 -0.199982
v 0.043900 0.140686 -0.207977
v 0.044186 0.145981 -0.055897
v 0.044765 0.111359 -0.033501
v 0.044960 0.132355 -0.206161
v 0.046562 0.109825 -0.014367
v 0.047050 0.153473 -0.141129
v 0.047970 0.138275 -0.207977
v 0.048054 0.125549 -0.191345
v 0.049549 0.156158 -0.170898
v 0.052525 0.113884 -0.061749
v 0.052753 0.120667 -0.142990
v 0.053181 0.130798 -0.205078
v 0.053951 0.153595 -0.201340
v 0.056499 0.116814 -0.097031
v 0.056839 0.123726 0.011574
v 0.057152 0.128128 -0.201538
v 0.057682 0.118256 -0.114014
v 0.060024 0.123283 -0.174683
v 0.061253 0.144226 -0.207001
v 0.063469 0.148300 -0.088081
v 0.063522 0.110046 0.003014
v 0.063911 0.109268 -0.001850
v 0.064529 0.120750 0.011652
v 0.065102 0.130280 0.009750
v 0.065308 0.115242 -0.080933
v 0.066238 0.129272 -0.203644
v 0.066307 0.121506 -0.157959
v 0.066414 0.117569 0.011131
v 0.066467 0.118881 -0.123695
v 0.067490 0.156265 -0.191986
v 0.067551 0.115974 -0.090927
v 0.068092 0.135559 -0.207565
v 0.068222 0.126740 -0.198837
v 0.068741 0.154205 -0.157669
v 0.068832 0.109024 -0.006815
v 0.069206 0.133270 0.008030
v 0.069328 0.123856 -0.182861
v 0.070137 0.124702 -0.189468
v 0.070740 0.142181 -0.020805
v 0.071007 0.156204 -0.180511
v 0.071182 0.152084 -0.202332
v 0.071411 0.143494 -0.036285
v 0.071442 0.153946 -0.199936
v 0.071663 0.111557 0.006783
v 0.071762 0.133911 -0.207092
v 0.071953 0.150009 -0.110580
v 0.072250 0.155380 -0.196487
v 0.073387 0.113289 -0.060814
v 0.073685 0.148773 -0.204758
v 0.073753 0.139801 -0.003159
v 0.073769 0.127106 0.010677
v 0.074280 0.120316 -0.146057
v 0.074409 0.145889 -0.062622
v 0.074654 0.125671 -0.195587
v 0.074692 0.109146 -0.014317
v 0.074768 0.156311 -0.187546
v 0.074814 0.152039 -0.136292
v 0.075180 0.114662 0.010019
v 0.075447 0.130447 -0.205124
v 0.075661 0.132065 -0.206268
v 0.075844 0.146622 -0.072144
v 0.076729 0.127472 -0.201202
v 0.077339 0.156036 -0.191833
v 0.078842 0.111099 -0.040062
v 0.079536 0.140442 -0.007187
v 0.079880 0.109680 -0.023981
v 0.080124 0.150864 -0.123154
v 0.080246 0.155045 -0.170685
v 0.080383 0.141068 -0.012348
v 0.084282 0.114655 -0.078995
v 0.084641 0.138031 0.001487
v 0.085419 0.128540 -0.203308
v 0.093048 0.124023 -0.189835
v 0.093582 0.134781 0.006132
v 0.094254 0.125900 -0.198730
v 0.094704 0.146652 -0.079880
v 0.095039 0.117386 -0.115768
v 0.095131 0.138397 -0.207520
v 0.095222 0.113235 0.009122
v 0.096092 0.118446 -0.128265
v 0.096207 0.121498 -0.167969
v 0.096931 0.117722 -0.122078
v 0.097847 0.117378 -0.117599
v 0.098145 0.132599 -0.206680
v 0.098709 0.149536 -0.203476
v 0.099579 0.143631 -0.046768
v 0.100098 0.123306 0.011252
v 0.100250 0.153931 -0.197617
v 0.100357 0.141602 -0.024458
v 0.100555 0.117065 -0.114326
v 0.101097 0.148117 -0.099754
v 0.101883 0.128540 0.009754
v 0.102547 0.112061 -0.056427
v 0.102776 0.143860 -0.206421
v 0.102898 0.150635 -0.202377
v 0.103035 0.124718 -0.195099
v 0.103043 0.121719 -0.172760
v 0.103302 0.108986 -0.023487
v 0.103363 0.116295 -0.104874
v 0.104027 0.116768 -0.112419
v 0.104027 0.128906 -0.204224
v 0.104118 0.108299 -0.014285
v 0.104149 0.119049 -0.138611
v 0.104324 0.108231 -0.002126
v 0.104759 0.145645 -0.071167
v 0.104889 0.141159 -0.020699
v 0.104942 0.147263 -0.068291
v 0.105080 0.151062 -0.061760
v 0.105087 0.152496 -0.037724
v 0.105087 0.155350 -0.056385
v 0.105095 0.147781 -0.031502
v 0.105125 0.149933 -0.067940
v 0.105133 0.159027 -0.051380
v 0.105164 0.157455 -0.042908
v 0.105202 0.146042 -0.075890
v 0.105255 0.154404 -0.195114
v 0.105385 0.126587 -0.201141
v 0.105400 0.148239 -0.027225
v 0.105400 0.155136 -0.047897
v 0.105576 0.114197 -0.080009
v 0.105629 0.141708 -0.027447
v 0.105667 0.152695 -0.153168
v 0.105797 0.159927 -0.052555
v 0.105911 0.140503 -0.013917
v 0.105911 0.150726 -0.069458
v 0.105927 0.154343 -0.035290
v 0.106041 0.110214 -0.038868
v 0.106110 0.116608 -0.111839
v 0.106163 0.161591 -0.047157
v 0.106384 0.107994 -0.007381
v 0.106407 0.145920 -0.020914
v 0.106606 0.144577 -0.059330
v 0.106606 0.156204 -0.060825
v 0.106674 0.108902 0.002751
v 0.106720 0.142548 -0.037643
v 0.106941 0.140930 -0.207108
v 0.106956 0.144226 -0.054962
v 0.107117 0.143448 -0.046413
v 0.107353 0.162415 -0.050545
v 0.107361 0.118645 0.011234
v 0.107468 0.155029 -0.187424
v 0.107529 0.148148 -0.076263
v 0.107559 0.150772 -0.071312
v 0.107635 0.151245 -0.137939
v 0.107803 0.158188 -0.039429
v 0.107849 0.154282 -0.171646
v 0.107895 0.145370 -0.018726
v 0.108139 0.151993 -0.029364
v 0.108627 0.146179 -0.079170
v 0.109055 0.156265 -0.062218
v 0.109169 0.122543 -0.182861
v 0.109413 0.163132 -0.047405
v 0.109467 0.116562 -0.111870
v 0.109550 0.162842 -0.050587
v 0.109581 0.139481 -0.006742
v 0.109657 0.120285 -0.157471
v 0.109688 0.159286 -0.040714
v 0.109856 0.131348 -0.206146
v 0.109863 0.146271 -0.205200
v 0.110146 0.139786 -0.009208
v 0.110176 0.145996 -0.019312
v 0.110420 0.154678 -0.192154
v 0.110802 0.154465 -0.065331
v 0.111069 0.147644 -0.076988
v 0.111290 0.133011 0.007092
v 0.111481 0.162735 -0.050106
v 0.111649 0.152496 -0.030243
v 0.111916 0.159897 -0.042473
v 0.112541 0.116570 -0.112587
v 0.112579 0.145309 -0.019154
v 0.112671 0.147751 -0.075508
v 0.112694 0.152496 -0.067413
v 0.112709 0.161957 -0.047131
v 0.112915 0.142151 -0.014398
v 0.112968 0.158020 -0.057182
v 0.113075 0.133621 -0.207047
v 0.113243 0.137878 -0.000116
v 0.113304 0.145798 -0.077736
v 0.113403 0.150375 -0.028587
v 0.113548 0.157074 -0.039608
v 0.113625 0.140045 -0.012205
v 0.113708 0.161011 -0.049320
v 0.113716 0.119110 -0.143936
v 0.114189 0.155807 -0.058079
v 0.114189 0.158890 -0.044796
v 0.114220 0.147110 -0.025021
v 0.114227 0.148422 -0.071404
v 0.114250 0.142914 -0.044521
v 0.114273 0.144226 -0.058956
v 0.114311 0.146332 -0.051331
v 0.114311 0.152771 -0.198730
v 0.114349 0.118462 -0.137115
v 0.114349 0.152145 -0.033848
v 0.114388 0.142059 -0.035599
v 0.114494 0.144531 -0.062176
v 0.114616 0.158051 -0.050331
v 0.114639 0.140366 -0.015478
v 0.114670 0.155197 -0.041531
v 0.114731 0.150681 -0.034985
v 0.114738 0.145325 -0.074501
v 0.114784 0.149979 -0.063927
v 0.114861 0.140961 -0.024078
v 0.114914 0.145721 -0.026777
v 0.114960 0.145081 -0.071594
v 0.116188 0.140457 -0.017120
v 0.116516 0.146271 -0.083946
v 0.117889 0.118317 -0.137985
v 0.119156 0.145187 -0.071785
v 0.119873 0.136078 0.003295
v 0.120697 0.148941 -0.116844
v 0.121399 0.118111 -0.137985
v 0.122017 0.109535 0.005683
v 0.122055 0.111641 -0.138397
v 0.122261 0.154312 -0.180435
v 0.122795 0.118301 -0.139084
v 0.123917 0.125122 -0.198959
v 0.124130 0.115028 0.010349
v 0.124649 0.118011 -0.137222
v 0.124802 0.122955 -0.189651
v 0.125168 0.116325 -0.115715
v 0.125290 0.144012 -0.059982
v 0.126907 0.141434 -0.032619
v 0.126953 0.117867 -0.136063
v 0.127167 0.108734 -0.138443
v 0.127411 0.119957 -0.160751
v 0.127884 0.154327 -0.187576
v 0.128616 0.121239 0.010902
v 0.128723 0.117554 -0.134766
v 0.129410 0.129868 0.008521
v 0.129929 0.117691 -0.135056
v 0.130035 0.116669 -0.122421
v 0.130417 0.108742 -0.137436
v 0.130508 0.117348 -0.132248
v 0.130661 0.116745 -0.124443
v 0.131317 0.124474 0.010365
v 0.131332 0.135193 -0.207199
v 0.131561 0.116982 -0.127991
v 0.133240 0.146851 -0.098175
v 0.133453 0.117119 -0.129471
v 0.133591 0.112854 -0.130295
v 0.133926 0.149460 -0.202026
v 0.134003 0.108498 -0.134949
v 0.134918 0.114876 -0.100227
v 0.135254 0.153198 -0.171066
v 0.135849 0.113060 -0.079597
v 0.136383 0.150635 -0.143463
v 0.136551 0.118416 -0.145767
v 0.137650 0.125641 -0.201218
v 0.138672 0.109154 -0.038841
v 0.138885 0.126740 -0.202942
v 0.139542 0.145554 -0.083862
v 0.139618 0.137802 -0.003286
v 0.140106 0.112404 0.009127
v 0.140640 0.107666 -0.023666
v 0.140686 0.140228 -0.022949
v 0.141052 0.111084 -0.060940
v 0.141708 0.145508 -0.204590
v 0.142578 0.152924 -0.195175
v 0.142624 0.123344 -0.194962
v 0.142883 0.130081 -0.205795
v 0.142929 0.117348 -0.135315
v 0.143112 0.132065 -0.206589
v 0.143692 0.110130 0.007233
v 0.143890 0.106888 -0.002022
v 0.144409 0.138336 -0.006950
v 0.144867 0.128006 -0.204376
v 0.145767 0.151611 -0.198288
v 0.146454 0.106827 -0.014761
v 0.146790 0.138977 -0.012736
v 0.147461 0.153473 -0.189743
v 0.147888 0.136749 -0.207031
v 0.147995 0.140701 -0.206329
v 0.148270 0.143631 -0.063873
v 0.149124 0.120224 -0.172867
v 0.149658 0.109970 -0.052177
v 0.149719 0.124069 -0.198334
v 0.150177 0.107712 0.003407
v 0.150696 0.126450 0.009386
v 0.150787 0.115257 -0.111671
v 0.152573 0.136581 -0.000416
v 0.152573 0.153183 -0.180008
v 0.153152 0.116264 0.010368
v 0.155304 0.106903 0.000971
v 0.155411 0.150970 -0.154007
v 0.155426 0.134628 0.003298
v 0.155777 0.114494 -0.103157
v 0.156006 0.134155 -0.206848
v 0.156265 0.106270 -0.007720
v 0.156387 0.141174 -0.040287
v 0.156693 0.145844 -0.093887
v 0.157089 0.147827 -0.202606
v 0.159927 0.147903 -0.119392
v 0.159988 0.144592 -0.079918
v 0.160156 0.139587 -0.023396
v 0.161224 0.149857 -0.144012
v 0.161880 0.125656 -0.202255
v 0.161972 0.146500 -0.104370
v 0.163223 0.121269 0.010207
v 0.163376 0.122643 -0.195023
v 0.163574 0.109566 0.007089
v 0.164383 0.151855 -0.168060
v 0.165314 0.108009 0.004912
v 0.165344 0.120560 -0.181702
v 0.165741 0.118011 0.010343
v 0.167099 0.137680 -0.007277
v 0.167969 0.142609 -0.059963
v 0.169250 0.124458 -0.200607
v 0.169464 0.149216 -0.200638
v 0.169815 0.129196 -0.205276
v 0.170029 0.118256 -0.157532
v 0.170166 0.113960 -0.102509
v 0.171799 0.126923 -0.203827
v 0.171982 0.130890 -0.205948
v 0.172272 0.139008 -0.206024
v 0.172729 0.112274 0.009036
v 0.175461 0.105827 -0.014525
v 0.175583 0.116646 -0.141190
v 0.176163 0.106468 -0.024055
v 0.176346 0.129364 0.007329
v 0.176788 0.142883 -0.204651
v 0.176834 0.150879 -0.197510
v 0.178131 0.115517 -0.127823
v 0.178543 0.140610 -0.042328
v 0.178711 0.110344 -0.066826
v 0.179398 0.135727 -0.000356
v 0.179443 0.105637 -0.002809
v 0.179916 0.109024 -0.052670
v 0.180573 0.150772 -0.161697
v 0.181152 0.148239 -0.132645
v 0.181381 0.146896 -0.202240
v 0.181854 0.107162 -0.033707
v 0.181900 0.141205 -0.050541
v 0.182068 0.111549 -0.080284
v 0.182449 0.120819 -0.188889
v 0.182831 0.143707 -0.078308
v 0.182968 0.105392 -0.008162
v 0.183365 0.145630 -0.102577
v 0.183487 0.151703 -0.193817
v 0.183548 0.145050 -0.203430
v 0.184250 0.108658 0.006462
v 0.184311 0.115356 0.009854
v 0.184525 0.139664 -0.034214
v 0.184937 0.125305 -0.202454
v 0.185867 0.151077 -0.166718
v 0.186249 0.144638 -0.091751
v 0.186508 0.122849 -0.198227
v 0.187210 0.135208 -0.206100
v 0.187317 0.149170 -0.199615
v 0.187851 0.133469 0.003474
v 0.188095 0.134705 0.001434
v 0.188660 0.118462 0.009978
v 0.189026 0.131866 0.005105
v 0.190704 0.117493 -0.156906
v 0.190903 0.146454 -0.116165
v 0.191467 0.120728 -0.190262
v 0.192062 0.151871 -0.180176
v 0.192169 0.124359 0.009021
v 0.192566 0.138397 -0.021864
v 0.193481 0.118629 -0.170975
v 0.193497 0.123634 -0.200348
v 0.193634 0.137512 -0.012673
v 0.193741 0.132492 -0.205887
v 0.194809 0.121613 -0.195023
v 0.195221 0.113007 0.009302
v 0.195541 0.119812 -0.183762
v 0.196381 0.114548 -0.121437
v 0.197479 0.106468 -0.031281
v 0.197845 0.151840 -0.186981
v 0.198242 0.150970 -0.169907
v 0.198853 0.110352 0.008039
v 0.200836 0.147385 -0.200821
v 0.201523 0.106659 0.004152
v 0.201645 0.148056 -0.139389
v 0.202713 0.151428 -0.190735
v 0.204605 0.121323 0.009438
v 0.204636 0.118324 -0.172104
v 0.206253 0.129807 -0.205185
v 0.206467 0.135056 -0.001260
v 0.206604 0.135635 -0.003374
v 0.206650 0.111786 -0.090866
v 0.207047 0.142838 -0.078178
v 0.207153 0.105515 0.001402
v 0.207153 0.124588 -0.201996
v 0.207367 0.127228 -0.204102
v 0.207977 0.112823 -0.102547
v 0.208298 0.110054 -0.072617
v 0.208450 0.111031 -0.082726
v 0.208450 0.115982 -0.145432
v 0.208954 0.105247 -0.020350
v 0.209290 0.145721 -0.114960
v 0.209824 0.144531 -0.101013
v 0.209930 0.129730 0.005921
v 0.210541 0.136292 -0.007605
v 0.211212 0.119164 -0.182587
v 0.211273 0.139099 -0.038940
v 0.212311 0.133728 0.001364
v 0.212524 0.114372 -0.124947
v 0.213379 0.140533 -0.055096
v 0.213440 0.108917 -0.062462
v 0.213928 0.149918 -0.196136
v 0.214249 0.108009 0.006307
v 0.214676 0.106743 -0.040298
v 0.214828 0.104561 -0.003679
v 0.214890 0.151062 -0.178680
v 0.215073 0.141312 -0.064568
v 0.215546 0.121964 -0.197998
v 0.215668 0.144104 -0.202637
v 0.216690 0.131042 -0.205246
v 0.217468 0.120865 -0.194519
v 0.218704 0.150146 -0.169540
v 0.218887 0.104347 -0.008239
v 0.218903 0.131989 0.003570
v 0.218948 0.137390 -0.020613
v 0.219116 0.136642 -0.012798
v 0.219421 0.113853 0.009202
v 0.220261 0.146393 -0.128448
v 0.221161 0.113625 -0.118675
v 0.221863 0.119781 -0.189697
v 0.222473 0.124817 -0.202408
v 0.222473 0.147903 -0.198822
v 0.222992 0.117447 -0.169098
v 0.223053 0.120232 -0.192368
v 0.223526 0.118958 -0.184204
v 0.223862 0.109604 -0.184402
v 0.223892 0.120651 -0.194519
v 0.223953 0.113503 -0.183960
v 0.223969 0.118843 -0.184662
v 0.224060 0.114998 -0.200714
v 0.224213 0.121437 -0.197159
v 0.225067 0.120766 -0.196030
v 0.225174 0.139847 -0.204208
v 0.225754 0.122536 -0.199554
v 0.226532 0.118553 -0.181641
v 0.226822 0.107018 -0.205566
v 0.227036 0.121170 -0.197525
v 0.227890 0.115692 -0.201462
v 0.228561 0.118347 -0.180237
v 0.228607 0.122910 -0.200287
v 0.228638 0.128265 -0.204407
v 0.228806 0.134995 -0.004020
v 0.228973 0.106651 -0.044514
v 0.229019 0.121490 -0.198349
v 0.230774 0.122597 0.008519
v 0.230957 0.118202 -0.179077
v 0.231094 0.145416 -0.120964
v 0.231155 0.115982 -0.201218
v 0.231262 0.117264 0.009233
v 0.231476 0.150009 -0.192993
v 0.231842 0.134857 -0.204956
v 0.232010 0.121674 -0.198761
v 0.232468 0.120804 0.008916
v 0.232803 0.132034 0.002730
v 0.233154 0.111603 0.008375
v 0.233810 0.149597 -0.169891
v 0.234100 0.150436 -0.186295
v 0.234116 0.118027 -0.178299
v 0.234146 0.126419 0.006948
v 0.234283 0.128006 0.006103
v 0.234497 0.130234 0.004563
v 0.234802 0.109871 -0.079849
v 0.234833 0.133499 -0.000129
v 0.235031 0.105095 -0.028582
v 0.235062 0.146698 -0.138916
v 0.235245 0.117455 -0.199570
v 0.235397 0.124710 -0.202469
v 0.235870 0.116417 -0.179077
v 0.236115 0.121422 -0.198441
v 0.236450 0.116234 -0.199203
v 0.236694 0.116173 -0.158707
v 0.236969 0.111748 -0.102402
v 0.237350 0.140457 -0.064232
v 0.237854 0.106575 0.004969
v 0.238007 0.126343 -0.203491
v 0.238281 0.124519 0.007602
v 0.238663 0.104103 -0.015989
v 0.238846 0.117935 -0.178909
v 0.239105 0.120995 -0.197266
v 0.239349 0.137909 -0.037327
v 0.239380 0.150055 -0.179199
v 0.239532 0.114410 -0.136322
v 0.239578 0.143631 -0.102768
v 0.239746 0.122421 -0.200043
v 0.239777 0.136703 -0.022039
v 0.239960 0.117424 -0.196442
v 0.240616 0.141663 -0.079323
v 0.240906 0.142517 -0.089554
v 0.241562 0.116867 -0.194489
v 0.241577 0.118011 -0.180435
v 0.241821 0.138947 -0.050049
v 0.241959 0.120331 -0.195190
v 0.242203 0.145660 -0.128174
v 0.242569 0.117767 -0.178268
v 0.243011 0.148071 -0.156860
v 0.243088 0.149216 -0.169037
v 0.243500 0.118256 -0.182419
v 0.244049 0.103676 -0.008710
v 0.244064 0.119560 -0.192017
v 0.244339 0.118439 -0.184265
v 0.244507 0.107719 -0.060528
v 0.244690 0.118942 -0.188690
v 0.244858 0.130417 -0.204605
v 0.245468 0.123482 -0.201370
v 0.246506 0.149750 -0.190125
v 0.247513 0.141800 -0.202728
v 0.247635 0.135025 -0.008038
v 0.248138 0.144302 -0.201111
v 0.248718 0.113304 -0.125336
v 0.249008 0.147995 -0.196640
v 0.249496 0.134155 -0.004037
v 0.249603 0.104248 0.000570
v 0.252136 0.135452 -0.012859
v 0.253571 0.129837 0.003942
v 0.254517 0.139084 -0.056374
v 0.254639 0.103470 -0.004718
v 0.254730 0.128174 -0.203949
v 0.255188 0.138428 -0.203629
v 0.255615 0.103706 -0.017164
v 0.255646 0.146667 -0.145355
v 0.255676 0.118507 -0.187485
v 0.255859 0.140503 -0.072243
v 0.255920 0.145706 -0.133530
v 0.256348 0.147598 -0.156204
v 0.256836 0.148773 -0.168777
v 0.256927 0.124832 -0.202530
v 0.256958 0.142487 -0.095604
v 0.257019 0.136246 -0.024151
v 0.257050 0.144226 -0.115959
v 0.257721 0.121490 -0.198868
v 0.257904 0.131165 0.002184
v 0.257996 0.122620 0.007531
v 0.258453 0.110992 -0.101418
v 0.258850 0.119171 -0.191849
v 0.259827 0.149368 -0.178848
v 0.259857 0.109291 -0.080994
v 0.260193 0.116020 -0.164185
v 0.260193 0.126373 0.005898
v 0.260254 0.108551 0.006725
v 0.261566 0.117088 -0.176819
v 0.262115 0.148773 -0.192734
v 0.262543 0.105247 -0.039589
v 0.262726 0.132202 0.000063
v 0.263031 0.149384 -0.185837
v 0.264343 0.145264 -0.199341
v 0.265259 0.105850 -0.047180
v 0.265656 0.146744 -0.150146
v 0.265778 0.103088 -0.009580
v 0.266266 0.138214 -0.050972
v 0.267761 0.114738 0.008248
v 0.268005 0.114471 -0.146423
v 0.269073 0.143875 -0.116249
v 0.269104 0.126114 -0.203018
v 0.270416 0.125290 0.005987
v 0.271423 0.103905 -0.026184
v 0.273499 0.134705 -0.013369
v 0.273956 0.118507 0.007861
v 0.274048 0.145111 -0.133698
v 0.274323 0.127670 0.004472
v 0.274506 0.112740 0.007859
v 0.274628 0.141266 -0.088989
v 0.275024 0.105164 0.003699
v 0.275116 0.148163 -0.168976
v 0.276642 0.133850 -0.203705
v 0.276703 0.133133 -0.004186
v 0.277039 0.129395 -0.203705
v 0.277283 0.122612 -0.200653
v 0.277679 0.112244 -0.123581
v 0.278198 0.110481 -0.102089
v 0.278320 0.129181 0.003072
v 0.279755 0.122917 0.006590
v 0.279938 0.135284 -0.021526
v 0.280334 0.109962 0.007025
v 0.280334 0.130203 0.001791
v 0.280701 0.117645 -0.186829
v 0.282501 0.142609 -0.200562
v 0.282654 0.108559 -0.080330
v 0.283173 0.136169 -0.034660
v 0.284027 0.139175 -0.069443
v 0.285004 0.104073 0.002072
v 0.285126 0.147141 -0.162262
v 0.285583 0.115501 -0.167175
v 0.286499 0.121155 -0.198975
v 0.286957 0.140381 -0.083641
v 0.288544 0.147339 -0.193771
v 0.289368 0.138916 -0.202194
v 0.289642 0.141495 -0.097580
v 0.289886 0.109344 -0.091866
v 0.289948 0.124809 0.005372
v 0.291107 0.104607 -0.040211
v 0.291199 0.135468 -0.028599
v 0.291321 0.119949 -0.196732
v 0.291931 0.131531 -0.001497
v 0.292236 0.145630 -0.147736
v 0.292938 0.116302 -0.178802
v 0.293335 0.136749 -0.045551
v 0.293335 0.148117 -0.188766
v 0.293365 0.133392 -0.008518
v 0.293823 0.143387 -0.120445
v 0.294250 0.126785 0.004112
v 0.295380 0.105728 -0.054955
v 0.295624 0.123085 -0.200897
v 0.296875 0.106987 -0.069275
v 0.296906 0.114418 -0.156815
v 0.298065 0.148041 -0.178757
v 0.298553 0.146317 -0.158859
v 0.299774 0.148102 -0.185287
v 0.299805 0.105698 0.004333
v 0.299957 0.112137 -0.129318
v 0.300201 0.117874 -0.190842
v 0.300415 0.133789 -0.013580
v 0.300720 0.106613 0.004986
v 0.300812 0.129303 -0.202972
v 0.301575 0.144608 -0.140030
v 0.302246 0.102180 -0.007849
v 0.302887 0.129791 0.000801
v 0.303162 0.140488 -0.091225
v 0.303375 0.116554 0.006977
v 0.304443 0.102829 -0.000880
v 0.305084 0.122154 0.005849
v 0.305817 0.102386 -0.016521
v 0.306122 0.114105 0.006900
v 0.306152 0.143524 -0.198471
v 0.306335 0.131973 -0.202881
v 0.307892 0.145523 -0.153595
v 0.307922 0.135162 -0.031464
v 0.308716 0.139297 -0.079933
v 0.310455 0.146927 -0.169632
v 0.310577 0.103958 0.002275
v 0.310608 0.127365 0.002885
v 0.311218 0.120590 -0.198410
v 0.311462 0.128235 0.002040
v 0.312531 0.109955 0.006136
v 0.312958 0.112785 -0.141708
v 0.313141 0.109413 -0.099586
v 0.313202 0.103065 -0.027864
v 0.313782 0.110435 -0.112801
v 0.313843 0.145447 -0.195557
v 0.313995 0.125153 0.004211
v 0.314117 0.132141 -0.006050
v 0.316162 0.104004 -0.039978
v 0.317322 0.105797 -0.063034
v 0.317535 0.141266 -0.107155
v 0.318298 0.107590 -0.081131
v 0.318390 0.130859 -0.002661
v 0.318726 0.136215 -0.049244
v 0.319550 0.125488 -0.201691
v 0.319855 0.132614 -0.009617
v 0.320007 0.129974 -0.000945
v 0.320038 0.147232 -0.178589
v 0.321655 0.119431 0.005901
v 0.321686 0.134827 -0.032665
v 0.321716 0.147324 -0.185074
v 0.322205 0.114532 -0.167969
v 0.322662 0.139542 -0.200409
v 0.323181 0.130447 -0.202362
v 0.323517 0.146988 -0.188934
v 0.323700 0.135376 -0.201859
v 0.323822 0.135437 -0.041046
v 0.323914 0.142471 -0.123207
v 0.324585 0.133881 -0.022408
v 0.325043 0.111008 -0.123329
v 0.326141 0.133026 -0.014674
v 0.326477 0.116203 -0.185532
v 0.326477 0.146317 -0.191818
v 0.326630 0.118553 -0.194778
v 0.326843 0.146210 -0.168060
v 0.326935 0.128510 0.000583
v 0.327271 0.103897 0.002167
v 0.327515 0.140305 -0.100082
v 0.327942 0.143738 -0.141449
v 0.328156 0.137833 -0.071037
v 0.330322 0.144318 -0.195969
v 0.331085 0.138657 -0.081520
v 0.331665 0.106949 0.004525
v 0.333191 0.145248 -0.160660
v 0.333557 0.142120 -0.198135
v 0.334106 0.122086 -0.199677
v 0.334686 0.125443 0.002866
v 0.335144 0.134674 -0.037113
v 0.336182 0.110321 -0.137894
v 0.336182 0.121605 0.004701
v 0.336243 0.102211 -0.000942
v 0.336334 0.112000 -0.140656
v 0.336487 0.111526 -0.135010
v 0.336517 0.111282 -0.140457
v 0.336670 0.109009 -0.103661
v 0.337311 0.112106 -0.142502
v 0.337463 0.112381 -0.146240
v 0.337524 0.111328 -0.132294
v 0.337677 0.130295 -0.003618
v 0.337982 0.110893 -0.127335
v 0.339233 0.112251 -0.145279
v 0.339691 0.111031 -0.129883
v 0.339752 0.116745 -0.190186
v 0.340027 0.106018 -0.072609
v 0.340576 0.110146 0.005165
v 0.340668 0.119972 -0.197647
v 0.341400 0.130203 -0.201675
v 0.341461 0.113350 0.005568
v 0.342255 0.129211 -0.001782
v 0.342438 0.110786 -0.128281
v 0.342560 0.101418 -0.017717
v 0.342621 0.102272 -0.028582
v 0.342804 0.115845 0.005456
v 0.342896 0.112259 -0.147400
v 0.343536 0.146301 -0.178467
v 0.343994 0.113739 -0.166428
v 0.344116 0.104553 0.002679
v 0.344910 0.110626 -0.127441
v 0.345062 0.112572 -0.152084
v 0.345062 0.127441 0.000369
v 0.345154 0.137054 -0.200424
v 0.345306 0.145691 -0.169678
v 0.346344 0.104897 -0.062405
v 0.346497 0.126114 -0.201080
v 0.346680 0.136063 -0.059216
v 0.346710 0.115021 -0.180511
v 0.346863 0.112129 -0.147964
v 0.347229 0.119247 0.004846
v 0.347504 0.144363 -0.156769
v 0.347626 0.103714 -0.047680
v 0.348206 0.133560 -0.029600
v 0.348236 0.110435 -0.127686
v 0.348358 0.144852 -0.193161
v 0.349091 0.106590 -0.081360
v 0.349304 0.101379 -0.003490
v 0.349579 0.112038 -0.147507
v 0.349609 0.140808 -0.116066
v 0.350342 0.110428 -0.128326
v 0.352112 0.110443 -0.128723
v 0.352539 0.142090 -0.196945
v 0.352661 0.110168 -0.129669
v 0.352814 0.111824 -0.145706
v 0.352875 0.100876 -0.011527
v 0.353455 0.110558 -0.130188
v 0.354156 0.130417 -0.006541
v 0.354370 0.142502 -0.138840
v 0.354523 0.131958 -0.015705
v 0.354645 0.111649 -0.143814
v 0.355438 0.145920 -0.184341
v 0.355560 0.123177 0.003080
v 0.355835 0.109505 -0.117531
v 0.356201 0.111359 -0.140900
v 0.356537 0.110962 -0.136292
v 0.356689 0.110565 -0.131424
v 0.356964 0.134094 -0.200684
v 0.358765 0.139313 -0.102783
v 0.360321 0.130966 -0.010499
v 0.360687 0.135132 -0.053726
v 0.362335 0.111549 -0.144852
v 0.362488 0.132446 -0.023361
v 0.362701 0.140121 -0.113571
v 0.362854 0.100693 -0.007350
v 0.362946 0.138702 -0.198746
v 0.363129 0.124863 0.001577
v 0.363251 0.129196 -0.004137
v 0.363281 0.137741 -0.085052
v 0.363892 0.120651 0.003762
v 0.364044 0.144791 -0.190964
v 0.364136 0.105209 0.002657
v 0.364319 0.101349 -0.002561
v 0.365051 0.133957 -0.041630
v 0.366089 0.113083 0.004428
v 0.366577 0.117615 -0.194122
v 0.366791 0.137085 -0.078926
v 0.367279 0.144745 -0.168869
v 0.367340 0.128128 -0.002353
v 0.367432 0.141220 -0.128693
v 0.368164 0.143112 -0.194260
v 0.368347 0.122002 -0.198822
v 0.368408 0.126572 -0.000376
v 0.368866 0.145294 -0.178741
v 0.368927 0.115356 -0.186752
v 0.369904 0.142166 -0.140839
v 0.370239 0.102158 -0.000679
v 0.370789 0.100769 -0.019459
v 0.370850 0.117401 0.004083
v 0.370850 0.135941 -0.067436
v 0.371124 0.101501 -0.029232
v 0.373138 0.145065 -0.185791
v 0.373535 0.129776 -0.007446
v 0.374786 0.123894 0.001556
v 0.374847 0.108955 -0.117714
v 0.375580 0.112152 -0.158585
v 0.375763 0.135071 -0.199585
v 0.377350 0.140427 -0.122643
v 0.378143 0.114166 -0.179977
v 0.378876 0.113060 -0.170212
v 0.378906 0.102005 -0.037197
v 0.380127 0.103424 -0.054356
v 0.380646 0.106712 -0.093796
v 0.381165 0.142929 -0.153687
v 0.381378 0.130127 -0.010652
v 0.381622 0.135147 -0.062080
v 0.382050 0.131088 -0.017902
v 0.382294 0.109337 0.003227
v 0.382721 0.138168 -0.099510
v 0.382874 0.132339 -0.030926
v 0.383606 0.143127 -0.192383
v 0.383667 0.140442 -0.196106
v 0.385010 0.128830 -0.199982
v 0.388153 0.105110 -0.076935
v 0.388214 0.110596 -0.141693
v 0.389069 0.139221 -0.114136
v 0.389313 0.124916 -0.199539
v 0.389893 0.113754 0.003336
v 0.390808 0.136276 -0.080711
v 0.391083 0.100609 -0.004714
v 0.391235 0.143799 -0.169098
v 0.391541 0.121170 0.002028
v 0.391541 0.127930 -0.004569
v 0.391754 0.118515 0.002795
v 0.394806 0.099968 -0.013559
v 0.395721 0.144104 -0.178162
v 0.396393 0.111588 -0.158493
v 0.396576 0.118690 -0.195953
v 0.396851 0.109138 -0.125992
v 0.398346 0.116478 -0.192764
v 0.399292 0.114525 -0.185684
v 0.399475 0.115288 -0.189392
v 0.399963 0.141052 -0.193802
v 0.400055 0.113586 -0.179398
v 0.400421 0.141205 -0.142578
v 0.400543 0.140305 -0.131790
v 0.400635 0.106300 -0.094940
v 0.400787 0.099854 -0.009893
v 0.401489 0.132248 -0.199020
v 0.401520 0.102409 -0.047440
v 0.404053 0.135483 -0.198074
v 0.404907 0.121506 -0.198090
v 0.405029 0.125198 -0.001502
v 0.405365 0.130127 -0.017540
v 0.405762 0.135315 -0.075462
v 0.406555 0.138077 -0.196533
v 0.406769 0.131775 -0.035995
v 0.407745 0.129196 -0.012132
v 0.408813 0.128464 -0.008638
v 0.408905 0.142105 -0.157013
v 0.410217 0.122330 0.000330
v 0.410461 0.136322 -0.089935
v 0.410889 0.143417 -0.183228
v 0.411224 0.133957 -0.062202
v 0.411407 0.105179 0.000735
v 0.412567 0.142166 -0.189957
v 0.412933 0.126755 -0.004426
v 0.413483 0.142990 -0.186569
v 0.413788 0.102722 -0.000859
v 0.413879 0.142624 -0.166016
v 0.414093 0.129791 -0.018299
v 0.414459 0.112663 0.001939
v 0.415985 0.139297 -0.127823
v 0.416290 0.110741 -0.155533
v 0.416351 0.111984 -0.169342
v 0.416656 0.139252 -0.194595
v 0.417358 0.108528 -0.126663
v 0.417480 0.124474 -0.198715
v 0.417542 0.101822 -0.045460
v 0.417633 0.115799 0.001671
v 0.418549 0.103859 -0.071045
v 0.421967 0.118706 0.000936
v 0.422302 0.099472 -0.014874
v 0.422577 0.101662 -0.002255
v 0.422729 0.127380 -0.007089
v 0.422943 0.100471 -0.031399
v 0.425110 0.140533 -0.145905
v 0.425201 0.133743 -0.066490
v 0.425323 0.113464 -0.184189
v 0.426117 0.099724 -0.007223
v 0.426270 0.142776 -0.178116
v 0.426666 0.100655 -0.004025
v 0.427124 0.109024 0.000952
v 0.427704 0.128113 -0.198547
v 0.428192 0.135468 -0.196854
v 0.429016 0.115181 -0.191666
v 0.429108 0.130096 -0.028269
v 0.429657 0.106224 -0.104202
v 0.429962 0.112595 -0.178665
v 0.430176 0.099594 -0.021347
v 0.430542 0.118317 -0.195862
v 0.431000 0.126297 -0.005498
v 0.433075 0.139648 -0.192352
v 0.433167 0.137329 -0.195053
v 0.433380 0.135162 -0.085846
v 0.433685 0.123100 -0.001762
v 0.434265 0.124771 -0.003406
v 0.434357 0.142105 -0.171387
v 0.436310 0.119980 -0.196945
v 0.437622 0.108559 -0.133530
v 0.437988 0.104630 -0.086578
v 0.438599 0.099289 -0.012002
v 0.440033 0.140701 -0.156570
v 0.440521 0.132080 -0.197479
v 0.441071 0.139435 -0.141586
v 0.441498 0.141251 -0.187698
v 0.441956 0.127930 -0.013698
v 0.442139 0.113739 -0.187973
v 0.442200 0.136475 -0.106461
v 0.442505 0.142029 -0.182404
v 0.442932 0.103523 -0.001594
v 0.443329 0.134598 -0.196426
v 0.443390 0.116669 -0.194382
v 0.443817 0.121414 -0.197433
v 0.443878 0.141602 -0.185471
v 0.444031 0.120789 -0.001235
v 0.444214 0.127274 -0.010388
v 0.444275 0.138474 -0.192673
v 0.444672 0.106094 -0.000586
v 0.444824 0.100159 -0.032146
v 0.445129 0.101631 -0.003382
v 0.445160 0.099663 -0.007251
v 0.445343 0.115341 -0.192551
v 0.445435 0.126404 -0.007641
v 0.445892 0.116745 -0.000294
v 0.445984 0.128265 -0.017815
v 0.446411 0.130798 -0.045383
v 0.447021 0.109169 -0.142578
v 0.447632 0.111107 -0.167053
v 0.447632 0.123932 -0.003808
v 0.447998 0.112419 -0.000116
v 0.448090 0.099297 -0.019238
v 0.448334 0.123634 -0.197769
v 0.448761 0.103241 -0.070946
v 0.449280 0.140610 -0.160904
v 0.449860 0.125290 -0.005846
v 0.450256 0.126572 -0.197678
v 0.450317 0.135254 -0.094490
v 0.450500 0.133560 -0.075562
v 0.451538 0.133987 -0.195831
v 0.451599 0.130081 -0.040028
v 0.451813 0.137222 -0.193130
v 0.452332 0.141525 -0.178635
v 0.452454 0.112732 -0.183365
v 0.452454 0.118324 -0.195541
v 0.452545 0.139481 -0.190155
v 0.452576 0.131287 -0.196686
v 0.453094 0.136169 -0.107460
v 0.455078 0.108482 -0.000937
v 0.455841 0.105423 -0.101112
v 0.456177 0.121063 -0.196686
v 0.456207 0.141129 -0.183273
v 0.457275 0.105278 -0.001816
v 0.457764 0.111900 -0.177307
v 0.458191 0.100273 -0.006634
v 0.458923 0.124466 -0.005839
v 0.459351 0.133652 -0.194458
v 0.459473 0.115471 -0.192490
v 0.459656 0.124100 -0.196274
v 0.459747 0.102562 -0.003610
v 0.459808 0.099998 -0.031038
v 0.459869 0.122169 -0.003979
v 0.460205 0.099342 -0.012962
v 0.460632 0.129517 -0.195389
v 0.460724 0.099434 -0.021265
v 0.460968 0.119270 -0.002782
v 0.460999 0.140121 -0.162720
v 0.461151 0.113693 -0.188187
v 0.461151 0.127274 -0.016644
v 0.461151 0.140625 -0.170364
v 0.461182 0.113152 -0.001683
v 0.461212 0.108910 -0.141876
v 0.461273 0.102806 -0.066002
v 0.461792 0.133163 -0.077438
v 0.461914 0.137466 -0.128876
v 0.462372 0.135208 -0.100677
v 0.462372 0.137573 -0.190857
v 0.462708 0.106499 -0.002308
v 0.463074 0.130447 -0.050903
v 0.463837 0.139862 -0.187042
v 0.464630 0.116364 -0.192917
v 0.465271 0.125977 -0.010807
v 0.465729 0.123276 -0.194321
v 0.466125 0.131439 -0.192993
v 0.466614 0.125214 -0.008619
v 0.467133 0.100861 -0.007472
v 0.467957 0.112587 -0.181824
v 0.468292 0.123680 -0.006655
v 0.468323 0.115547 -0.003767
v 0.468506 0.099983 -0.010550
v 0.468506 0.118309 -0.192978
v 0.468536 0.099556 -0.018711
v 0.468689 0.104996 -0.004314
v 0.468750 0.103722 -0.075432
v 0.468750 0.126648 -0.016840
v 0.468903 0.111473 -0.172043
v 0.468964 0.140259 -0.175003
v 0.469177 0.100433 -0.034248
v 0.469177 0.136765 -0.189270
v 0.469391 0.140091 -0.182938
v 0.469421 0.106819 -0.116554
v 0.469543 0.111015 -0.003845
v 0.469696 0.109497 -0.148117
v 0.469818 0.133163 -0.083946
v 0.470093 0.136688 -0.125580
v 0.470184 0.130951 -0.061764
v 0.470276 0.128372 -0.035446
v 0.470551 0.138885 -0.154922
v 0.470581 0.138641 -0.186783
v 0.471069 0.114464 -0.188629
v 0.471161 0.120125 -0.191864
v 0.471283 0.121590 -0.006117
v 0.471283 0.132736 -0.189987
v 0.471527 0.115524 -0.190247
v 0.472534 0.125641 -0.013104
v 0.472870 0.099846 -0.015241
v 0.472961 0.119614 -0.006188
v 0.473053 0.123909 -0.008659
v 0.473114 0.113029 -0.182785
v 0.473633 0.108986 -0.006232
v 0.473663 0.103058 -0.007936
v 0.473907 0.139526 -0.174088
v 0.474182 0.100433 -0.030361
v 0.474182 0.138199 -0.184784
v 0.474274 0.126770 -0.024086
v 0.474365 0.106606 -0.110710
v 0.474640 0.103439 -0.066826
v 0.475189 0.116585 -0.007037
v 0.475311 0.100883 -0.012051
v 0.475311 0.129807 -0.056023
v 0.475342 0.138519 -0.157791
v 0.475555 0.134949 -0.186539
v 0.475586 0.136612 -0.132065
v 0.475616 0.111191 -0.165359
v 0.475708 0.133545 -0.094452
v 0.476074 0.138550 -0.181488
v 0.476410 0.124290 -0.011455
v 0.476624 0.117645 -0.188248
v 0.476685 0.127304 -0.186630
v 0.476898 0.138809 -0.176666
v 0.477173 0.125046 -0.015220
v 0.477875 0.121964 -0.009835
v 0.477997 0.113350 -0.180725
v 0.478088 0.102348 -0.012341
v 0.478149 0.115044 -0.185577
v 0.478180 0.136734 -0.182541
v 0.478210 0.106209 -0.010874
v 0.478241 0.126663 -0.030041
v 0.478241 0.138351 -0.164230
v 0.478516 0.100578 -0.020277
v 0.478668 0.111549 -0.165405
v 0.479156 0.101044 -0.029337
v 0.479248 0.106079 -0.096581
v 0.479279 0.108482 -0.126221
v 0.479523 0.129745 -0.062359
v 0.479675 0.103767 -0.063347
v 0.479675 0.133087 -0.096893
v 0.479858 0.117058 -0.185120
v 0.480011 0.118622 -0.011079
v 0.480225 0.123726 -0.014688
v 0.480347 0.125122 -0.021709
v 0.481201 0.102409 -0.016893
v 0.481201 0.134262 -0.180725
v 0.481201 0.135086 -0.125778
v 0.481232 0.136642 -0.176483
v 0.481293 0.137405 -0.169052
v 0.481476 0.127487 -0.181335
v 0.481598 0.112648 -0.169571
v 0.482056 0.101891 -0.030039
v 0.482117 0.109818 -0.135544
v 0.482117 0.130325 -0.075043
v 0.482330 0.136703 -0.157639
v 0.482361 0.121834 -0.015004
v 0.482452 0.124374 -0.022812
v 0.482483 0.103844 -0.055611
v 0.482635 0.106468 -0.091057
v 0.482788 0.114784 -0.178024
v 0.482788 0.132965 -0.104530
v 0.482880 0.126953 -0.045795
v 0.483002 0.102692 -0.020906
v 0.483154 0.117149 -0.180603
v 0.483185 0.118843 -0.015207
v 0.483368 0.105980 -0.017626
v 0.483734 0.135696 -0.169846
v 0.483765 0.124954 -0.031242
v 0.483795 0.132919 -0.176361
v 0.483887 0.129456 -0.073349
v 0.484100 0.111679 -0.149399
v 0.484253 0.131134 -0.091995
v 0.484497 0.113838 -0.167328
v 0.484833 0.122627 -0.023039
v 0.485016 0.104172 -0.047016
v 0.485168 0.110397 -0.128113
v 0.485352 0.103828 -0.029900
v 0.485443 0.107834 -0.091774
v 0.485535 0.134262 -0.143051
v 0.485596 0.133118 -0.125183
v 0.485626 0.106651 -0.022909
v 0.485657 0.115547 -0.020863
v 0.485718 0.120552 -0.174286
v 0.485718 0.128983 -0.078377
v 0.485748 0.116066 -0.171478
v 0.485779 0.134430 -0.157471
v 0.485962 0.130997 -0.101707
v 0.485992 0.132950 -0.167694
v 0.486023 0.123482 -0.032650
v 0.486145 0.120163 -0.022892
v 0.486206 0.112587 -0.143402
v 0.486298 0.125198 -0.048477
v 0.486633 0.105957 -0.057816
v 0.486755 0.106651 -0.028116
v 0.486877 0.127609 -0.167999
v 0.486908 0.114540 -0.155487
v 0.486938 0.126801 -0.068108
v 0.487091 0.110733 -0.114227
v 0.487244 0.115334 -0.026892
v 0.487305 0.128906 -0.094414
v 0.487335 0.131058 -0.120117
v 0.487366 0.105919 -0.041908
v 0.487396 0.119926 -0.167236
v 0.487427 0.106453 -0.034496
v 0.487488 0.117676 -0.163391
v 0.487549 0.131729 -0.152283
v 0.487579 0.131104 -0.158356
v 0.487671 0.120552 -0.032646
v 0.487671 0.131241 -0.135361
v 0.487854 0.121803 -0.038967
v 0.487915 0.123672 -0.053474
v 0.487946 0.110069 -0.090195
v 0.487976 0.107346 -0.053249
v 0.488037 0.125732 -0.073074
v 0.488098 0.116890 -0.153534
v 0.488190 0.112343 -0.033665
v 0.488190 0.115631 -0.142670
v 0.488434 0.128250 -0.123085
v 0.488495 0.126038 -0.089233
v 0.488617 0.112617 -0.099525
v 0.488647 0.110313 -0.041832
v 0.488647 0.120567 -0.050423
v 0.488678 0.110344 -0.068825
v 0.488739 0.122269 -0.151367
v 0.488800 0.122467 -0.069267
v 0.488800 0.126282 -0.140289
v 0.488831 0.117096 -0.044659
v 0.489044 0.111732 -0.056828
v 0.489075 0.122993 -0.099487
v 0.489105 0.117783 -0.112289
v 0.489197 0.117798 -0.067146
v 0.489227 0.115723 -0.081589
v -0.000207 0.150665 -0.205338
v -0.000484 0.137054 -0.207672
v -0.000607 0.147049 -0.207016
v -0.000700 0.129181 -0.199860
v -0.000875 0.143173 -0.012334
v -0.001256 0.158691 -0.180649
v -0.001307 0.111176 -0.014375
v -0.001489 0.157059 -0.198792
v -0.001506 0.144089 -0.020802
v -0.001546 0.127075 -0.191544
v -0.002654 0.140137 0.001434
v -0.002666 0.113853 -0.045326
v -0.002739 0.153366 -0.121452
v -0.002805 0.141190 -0.208130
v -0.003206 0.141541 -0.003066
v -0.003554 0.142456 -0.007139
v -0.003887 0.126068 0.011750
v -0.004177 0.120705 -0.122429
v -0.004246 0.132156 0.010017
v -0.004437 0.117203 -0.083122
v -0.004661 0.122047 -0.138718
v -0.005356 0.124306 -0.163483
v -0.005631 0.113777 0.007315
v -0.006485 0.151489 -0.100624
v -0.006827 0.111221 -0.002070
v -0.006910 0.112221 -0.025852
v -0.006967 0.128906 0.011290
v -0.007470 0.126389 -0.185165
v -0.007835 0.116371 -0.073288
v -0.008222 0.149490 -0.077141
v -0.008726 0.115402 -0.062187
v -0.008773 0.155579 -0.201614
v -0.009085 0.112000 0.002930
v -0.009197 0.146423 -0.044804
v -0.009261 0.119560 -0.107613
v -0.009885 0.137527 0.006065
v -0.010310 0.124138 0.011950
v -0.010802 0.114388 -0.049118
v -0.011142 0.159180 -0.191818
v -0.011210 0.130661 -0.202347
v -0.011716 0.144653 -0.207748
v -0.011840 0.158676 -0.195358
v -0.011953 0.156952 -0.199829
v -0.012895 0.125443 -0.174515
v -0.013447 0.128891 -0.197662
v -0.014806 0.154297 -0.203201
v -0.015218 0.135422 -0.206894
v -0.018333 0.138260 -0.207794
v -0.018795 0.132477 -0.204514
v -0.020805 0.131653 -0.203354
v -0.021397 0.133972 -0.205750
v -0.022875 0.159836 -0.187332
v -0.023386 0.120354 0.011409
v -0.024231 0.153778 -0.118912
v -0.025970 0.123222 -0.143021
v -0.026949 0.151840 -0.097832
v -0.027191 0.112061 -0.014710
v -0.028040 0.159775 -0.180664
v -0.029915 0.155624 -0.137695
v -0.029974 0.142685 -0.208008
v -0.030104 0.127640 0.011694
v -0.031069 0.136063 -0.206833
v -0.032738 0.122047 -0.127487
v -0.033020 0.128357 -0.192276
v -0.033062 0.159195 -0.171539
v -0.033676 0.113487 -0.030115
v -0.033840 0.124680 -0.157257
v -0.034569 0.131042 -0.201218
v -0.034649 0.150757 -0.082100
v -0.034760 0.119484 -0.097160
v -0.034935 0.156723 -0.147797
v -0.034996 0.152573 -0.204788
v -0.036018 0.112061 -0.007388
v -0.036751 0.120674 -0.110535
v -0.037994 0.124649 0.011927
v -0.038712 0.115715 0.008188
v -0.039124 0.159103 -0.197495
v -0.039776 0.159805 -0.195038
v -0.040035 0.145416 -0.023085
v -0.040577 0.140457 -0.207901
v -0.041759 0.116333 -0.061111
v -0.042061 0.118317 -0.080833
v -0.043053 0.126495 -0.175598
v -0.043270 0.130310 0.011153
v -0.044891 0.115860 -0.054249
v -0.045162 0.133377 -0.204208
v -0.046440 0.134903 0.009336
v -0.047012 0.155228 -0.203125
v -0.047081 0.127777 -0.185471
v -0.047119 0.113564 0.004133
v -0.047829 0.130035 -0.197159
v -0.048664 0.142441 -0.001525
v -0.049011 0.150726 -0.205933
v -0.051071 0.158005 -0.200104
v -0.051434 0.135376 -0.205811
v -0.053040 0.138702 -0.207367
v -0.054718 0.160873 -0.191757
v -0.055481 0.149475 -0.062630
v -0.055649 0.158890 -0.160355
v -0.055744 0.159653 -0.197556
v -0.055870 0.119682 -0.090355
v -0.056824 0.144760 -0.012774
v -0.057362 0.154816 -0.118484
v -0.058014 0.115646 -0.046158
v -0.058300 0.146988 -0.035553
v -0.059082 0.143982 -0.006984
v -0.059235 0.143127 -0.207764
v -0.059399 0.157013 -0.141006
v -0.060452 0.112991 -0.002080
v -0.060555 0.121788 -0.113602
v -0.060951 0.148163 -0.206863
v -0.061024 0.153168 -0.099930
v -0.061066 0.151031 -0.075760
v -0.061077 0.124466 -0.143005
v -0.062431 0.160339 -0.171494
v -0.062496 0.136963 -0.206451
v -0.063553 0.161407 -0.187515
v -0.063835 0.115128 0.006319
v -0.067299 0.161331 -0.181030
v -0.067841 0.157898 -0.200989
v -0.068489 0.113403 -0.014145
v -0.068512 0.117905 -0.066124
v -0.069092 0.128433 0.011609
v -0.070122 0.114250 -0.024490
v -0.070396 0.126114 -0.159180
v -0.070923 0.133270 -0.202698
v -0.071312 0.140640 0.004637
v -0.071747 0.132217 -0.200714
v -0.072342 0.161057 -0.194916
v -0.072647 0.152405 -0.205215
v -0.073738 0.117554 0.008712
v -0.074913 0.122902 0.011235
v -0.074936 0.123878 -0.130707
v -0.075577 0.129898 -0.191620
v -0.079109 0.119835 -0.081474
v -0.079842 0.121979 -0.107155
v -0.080208 0.131042 -0.196442
v -0.081429 0.146484 -0.021439
v -0.081528 0.149765 -0.056461
v -0.081635 0.114433 0.002566
v -0.081635 0.136215 -0.205307
v -0.081703 0.132294 0.010685
v -0.082718 0.161896 -0.192154
v -0.083069 0.144562 -0.207413
v -0.083183 0.157059 -0.202194
v -0.083313 0.116409 -0.044605
v -0.083900 0.113670 -0.007461
v -0.084160 0.160110 -0.198471
v -0.084641 0.154205 -0.101730
v -0.084770 0.145645 -0.012440
v -0.085159 0.152313 -0.080795
v -0.085396 0.156006 -0.119423
v -0.085548 0.140961 -0.207199
v -0.090462 0.138901 0.007144
v -0.090668 0.155380 -0.203644
v -0.090683 0.135284 0.009573
v -0.090729 0.142960 0.001100
v -0.091133 0.161423 -0.171600
v -0.092651 0.157120 -0.128998
v -0.095505 0.125565 -0.142441
v -0.096199 0.124184 -0.124954
v -0.096497 0.116539 0.006392
v -0.096863 0.129807 -0.185562
v -0.097313 0.116356 -0.038689
v -0.097557 0.148102 -0.206726
v -0.097771 0.162567 -0.182144
v -0.097878 0.122902 -0.109520
v -0.098221 0.123543 -0.121613
v -0.098412 0.161896 -0.195221
v -0.098579 0.144440 -0.002940
v -0.098778 0.123650 -0.118294
v -0.098877 0.124130 -0.124229
v -0.098984 0.120895 -0.115494
v -0.099663 0.149033 -0.043575
v -0.099937 0.128586 -0.173630
v -0.100204 0.123207 -0.127563
v -0.100281 0.123421 -0.115471
v -0.101212 0.124695 -0.128357
v -0.101524 0.119316 -0.112762
v -0.103645 0.163040 -0.187897
v -0.104218 0.123215 -0.112762
v -0.104286 0.121246 -0.088097
v -0.104317 0.125061 -0.130524
v -0.104477 0.161255 -0.197586
v -0.104851 0.145523 -0.007180
v -0.104874 0.119370 -0.111633
v -0.104889 0.162781 -0.192169
v -0.105209 0.159302 -0.146515
v -0.105263 0.125488 -0.136383
v -0.105690 0.120750 -0.081459
v -0.106407 0.136612 -0.204758
v -0.106636 0.114571 -0.111320
v -0.107544 0.135132 -0.203094
v -0.107849 0.152084 -0.205353
v -0.107933 0.139160 -0.206192
v -0.107994 0.125336 -0.132156
v -0.108803 0.158173 -0.201736
v -0.109016 0.123383 -0.111595
v -0.109627 0.147354 -0.022074
v -0.109764 0.150665 -0.056423
v -0.110077 0.114716 -0.002294
v -0.111115 0.122337 -0.111626
v -0.111153 0.125427 -0.132660
v -0.111343 0.118195 -0.112137
v -0.111420 0.160202 -0.199585
v -0.111565 0.156006 -0.203384
v -0.111649 0.115181 -0.113083
v -0.112526 0.133759 -0.200317
v -0.112541 0.114960 -0.014546
v -0.112984 0.161331 -0.162811
v -0.113121 0.145660 -0.206955
v -0.113197 0.113800 -0.114822
v -0.113480 0.123573 -0.112106
v -0.114494 0.129761 0.011182
v -0.114677 0.119019 -0.113533
v -0.114777 0.120407 -0.133408
v -0.114861 0.143311 -0.206955
v -0.115028 0.125626 -0.132324
v -0.115211 0.123741 -0.112892
v -0.115532 0.119835 -0.068123
v -0.116089 0.131348 -0.191528
v -0.116173 0.118896 0.008212
v -0.116783 0.123947 -0.113747
v -0.118225 0.120811 -0.114388
v -0.118736 0.124100 -0.114845
v -0.118919 0.114891 -0.007473
v -0.118958 0.114769 -0.114487
v -0.119087 0.125610 -0.130753
v -0.119102 0.119301 -0.133316
v -0.120605 0.132523 -0.196045
v -0.120621 0.124374 -0.116364
v -0.120750 0.120827 -0.115631
v -0.120979 0.123596 -0.107986
v -0.121643 0.116013 -0.024687
v -0.122223 0.125259 -0.128036
v -0.122231 0.122673 -0.117516
v -0.122276 0.121185 0.009631
v -0.122734 0.124680 -0.119377
v -0.123566 0.121002 -0.130051
v -0.123627 0.124939 -0.123276
v -0.123703 0.125519 0.011002
v -0.124283 0.125763 -0.132492
v -0.124779 0.121529 -0.120605
v -0.124878 0.112198 -0.116264
v -0.125275 0.120689 -0.127975
v -0.125748 0.121124 -0.124458
v -0.126129 0.118774 -0.053192
v -0.126541 0.114006 -0.117874
v -0.126663 0.162903 -0.194962
v -0.127182 0.116173 0.002494
v -0.127350 0.146896 -0.012404
v -0.127563 0.161942 -0.197418
v -0.127838 0.149094 -0.034916
v -0.128098 0.128555 -0.161743
v -0.129227 0.153458 -0.077370
v -0.129440 0.130951 -0.185730
v -0.129807 0.151138 -0.053886
v -0.130188 0.113655 -0.122536
v -0.130447 0.110321 -0.119965
v -0.131378 0.160233 -0.199951
v -0.131561 0.145493 -0.003293
v -0.131760 0.121513 -0.080360
v -0.132004 0.126633 -0.140213
v -0.133026 0.123657 -0.104080
v -0.133301 0.122414 -0.090179
v -0.133499 0.163086 -0.172745
v -0.134003 0.158188 -0.201920
v -0.134048 0.141205 -0.206055
v -0.134232 0.137314 -0.203995
v -0.134338 0.125076 -0.120201
v -0.134796 0.161377 -0.156189
v -0.135193 0.155579 -0.098106
v -0.136063 0.117409 -0.034428
v -0.136581 0.160080 -0.144073
v -0.137299 0.155914 -0.203491
v -0.137497 0.164169 -0.187729
v -0.137512 0.163986 -0.181732
v -0.138596 0.118439 0.006433
v -0.139343 0.129974 -0.172836
v -0.140839 0.156906 -0.110344
v -0.141296 0.136414 0.009289
v -0.143890 0.117340 0.003983
v -0.144363 0.153671 -0.204514
v -0.144867 0.161423 -0.198624
v -0.145248 0.149200 -0.205887
v -0.146637 0.148392 -0.021267
v -0.149094 0.135208 -0.200195
v -0.149704 0.162857 -0.196487
v -0.150116 0.145889 -0.206238
v -0.152252 0.119659 -0.051258
v -0.153046 0.149734 -0.033863
v -0.153503 0.120651 0.008172
v -0.154037 0.124725 -0.106560
v -0.154190 0.133026 0.010416
v -0.154343 0.133743 -0.195679
v -0.154602 0.146835 -0.007321
v -0.154617 0.158752 -0.124184
v -0.154816 0.125870 -0.120239
v -0.154907 0.157639 -0.202316
v -0.155548 0.121635 -0.071724
v -0.155670 0.139618 0.007502
v -0.156128 0.122528 -0.080704
v -0.156311 0.124428 0.010210
v -0.157013 0.131805 -0.184952
v -0.157166 0.116356 -0.007813
v -0.157608 0.147705 -0.012739
v -0.157684 0.144150 0.002073
v -0.157745 0.129120 -0.155853
v -0.158112 0.116646 -0.014904
v -0.158569 0.132690 -0.190353
v -0.158691 0.160126 -0.200333
v -0.158829 0.164841 -0.187515
v -0.159012 0.155914 -0.094711
v -0.159180 0.164505 -0.179535
v -0.159271 0.152939 -0.062458
v -0.159561 0.164261 -0.192688
v -0.160187 0.162216 -0.156143
v -0.160690 0.164001 -0.172668
v -0.161224 0.156754 -0.103050
v -0.161316 0.130234 0.010764
v -0.161819 0.145981 -0.002699
v -0.162277 0.161224 -0.145477
v -0.163193 0.140900 -0.205002
v -0.163437 0.163177 -0.196487
v -0.164032 0.130966 -0.174683
v -0.165512 0.139481 -0.204147
v -0.167252 0.137741 -0.202637
v -0.171158 0.154709 -0.203842
v -0.171356 0.119797 0.006334
v -0.171524 0.152008 -0.204788
v -0.171677 0.135590 -0.198853
v -0.172089 0.118034 -0.025604
v -0.172501 0.121490 0.008193
v -0.173996 0.156418 -0.203049
v -0.174271 0.161789 -0.198776
v -0.175308 0.165161 -0.191315
v -0.175934 0.143265 0.004392
v -0.176254 0.162949 -0.197449
v -0.176361 0.132507 -0.183807
v -0.177795 0.141083 0.006711
v -0.178070 0.121307 -0.058590
v -0.178268 0.117409 -0.001892
v -0.178619 0.153488 -0.061646
v -0.179352 0.119698 -0.040031
v -0.179443 0.118225 0.002547
v -0.180237 0.164703 -0.172058
v -0.180954 0.142776 -0.204956
v -0.181839 0.137024 -0.200729
v -0.182465 0.124062 0.009328
v -0.183502 0.151505 -0.041885
v -0.183563 0.126663 -0.116379
v -0.184311 0.130142 -0.154800
v -0.184662 0.146683 -0.205444
v -0.185364 0.155853 -0.083488
v -0.185730 0.123795 -0.080498
v -0.185822 0.164169 -0.195770
v -0.185852 0.128021 -0.131271
v -0.186569 0.125107 -0.095436
v -0.186798 0.157227 -0.098152
v -0.187378 0.162689 -0.150330
v -0.187653 0.160461 -0.128540
v -0.187759 0.158981 -0.201370
v -0.188354 0.147720 -0.007039
v -0.188797 0.127808 0.010289
v -0.189407 0.130615 0.010391
v -0.189438 0.149689 -0.022415
v -0.190399 0.149750 -0.205032
v -0.191422 0.120575 0.006323
v -0.193542 0.118118 -0.016022
v -0.193710 0.136047 -0.197449
v -0.194077 0.119530 0.004495
v -0.194809 0.122246 0.007809
v -0.194916 0.165955 -0.180756
v -0.196594 0.131470 -0.164780
v -0.198578 0.156555 -0.086906
v -0.198944 0.154907 -0.069458
v -0.198959 0.140244 -0.203064
v -0.199203 0.155380 -0.074348
v -0.199280 0.155365 -0.071602
v -0.199371 0.155594 -0.076553
v -0.199478 0.157837 -0.074249
v -0.199509 0.162918 -0.062920
v -0.199524 0.154724 -0.067650
v -0.199554 0.156677 -0.025230
v -0.199600 0.151749 -0.017218
v -0.199631 0.159225 -0.030027
v -0.199646 0.149261 -0.015816
v -0.199677 0.118011 -0.008430
v -0.199753 0.123123 -0.068527
v -0.199829 0.148712 -0.011210
v -0.199829 0.163422 -0.197464
v -0.199860 0.149902 -0.021379
v -0.199860 0.156052 -0.032524
v -0.199875 0.165039 -0.038803
v -0.199890 0.156158 -0.058987
v -0.199921 0.153488 -0.054657
v -0.199951 0.150604 -0.027481
v -0.199966 0.161072 -0.029993
v -0.200012 0.152618 -0.041851
v -0.200089 0.167877 -0.054031
v -0.200134 0.151352 -0.035454
v -0.200134 0.166656 -0.059021
v -0.200226 0.161804 -0.069366
v -0.200256 0.151550 -0.013779
v -0.200272 0.135559 -0.194870
v -0.200272 0.168991 -0.043041
v -0.200287 0.163300 -0.044884
v -0.200424 0.168625 -0.048157
v -0.200470 0.148346 -0.008759
v -0.200668 0.161423 -0.199463
v -0.200714 0.170334 -0.051884
v -0.201004 0.150131 -0.010284
v -0.201065 0.158188 -0.077629
v -0.201080 0.156158 -0.080963
v -0.201126 0.171646 -0.046085
v -0.201187 0.169830 -0.055351
v -0.201263 0.165726 -0.063766
v -0.201843 0.161560 -0.071831
v -0.202072 0.172668 -0.049412
v -0.202103 0.148117 -0.006899
v -0.202835 0.150085 -0.008837
v -0.202927 0.170547 -0.055710
v -0.203018 0.138687 -0.201355
v -0.203430 0.166504 -0.186646
v -0.203506 0.157623 -0.079750
v -0.203842 0.165771 -0.193039
v -0.203857 0.165985 -0.064461
v -0.203918 0.145401 0.002008
v -0.204086 0.173965 -0.049000
v -0.204315 0.166290 -0.190369
v -0.204346 0.144089 0.004103
v -0.206161 0.137604 0.008883
v -0.206345 0.127060 -0.111687
v -0.206558 0.174133 -0.050041
v -0.206635 0.153091 -0.203964
v -0.206635 0.157639 -0.202209
v -0.207153 0.147339 -0.003211
v -0.207291 0.162827 -0.144516
v -0.207535 0.152283 -0.042328
v -0.207626 0.166107 -0.064339
v -0.207657 0.156326 -0.081459
v -0.207840 0.174332 -0.048199
v -0.207916 0.153961 -0.057846
v -0.208038 0.157867 -0.078995
v -0.208069 0.121895 0.006844
v -0.208252 0.155807 -0.203094
v -0.208267 0.119713 -0.028576
v -0.208282 0.151337 -0.033192
v -0.208527 0.133881 -0.183365
v -0.208664 0.150253 -0.009371
v -0.208801 0.153229 -0.014443
v -0.208862 0.173645 -0.050465
v -0.209091 0.170181 -0.056450
v -0.209167 0.148331 -0.007141
v -0.209167 0.154953 -0.067047
v -0.209290 0.156891 -0.020626
v -0.209549 0.161911 -0.070564
v -0.209564 0.150253 -0.021950
v -0.209747 0.164780 -0.043835
v -0.209839 0.121414 -0.046516
v -0.209839 0.141678 0.006515
v -0.209839 0.167191 -0.060764
v -0.209991 0.150986 -0.012516
v -0.210022 0.124702 -0.081192
v -0.210114 0.156219 -0.079422
v -0.210114 0.172607 -0.048790
v -0.210190 0.160614 -0.028290
v -0.210220 0.164490 -0.064461
v -0.210266 0.137665 -0.199356
v -0.210327 0.169678 -0.047882
v -0.210403 0.134888 -0.189728
v -0.210434 0.167709 -0.054939
v -0.210449 0.158859 -0.030060
v -0.210480 0.149017 -0.011305
v -0.210541 0.153320 -0.019918
v -0.210556 0.162720 -0.032600
v -0.210556 0.167221 -0.040501
v -0.210571 0.151978 -0.016005
v -0.210571 0.158478 -0.025988
v -0.210571 0.164108 -0.037148
v -0.210587 0.162033 -0.064514
v -0.210602 0.155716 -0.074226
v -0.210632 0.156525 -0.024815
v -0.210861 0.157990 -0.072784
v -0.210922 0.148331 -0.006795
v -0.211685 0.154465 -0.061283
v -0.211960 0.146667 -0.000442
v -0.212372 0.128403 -0.124954
v -0.212540 0.144226 -0.204193
v -0.212692 0.129547 -0.137283
v -0.214874 0.127441 0.009583
v -0.217255 0.124809 0.008506
v -0.217926 0.131439 -0.155746
v -0.218262 0.161285 -0.126541
v -0.218842 0.120850 0.004573
v -0.219101 0.139267 -0.200912
v -0.220856 0.166397 -0.174347
v -0.221436 0.157074 -0.084908
v -0.221527 0.119270 -0.016640
v -0.221741 0.119789 0.001857
v -0.223358 0.118965 -0.009159
v -0.223969 0.160446 -0.200333
v -0.224243 0.137100 -0.196594
v -0.224579 0.133026 0.009686
v -0.224792 0.133698 -0.175430
v -0.226364 0.126343 -0.182983
v -0.227051 0.147873 -0.204239
v -0.227081 0.122536 0.006354
v -0.227173 0.165604 -0.194794
v -0.228012 0.134933 -0.185257
v -0.228027 0.131393 -0.182053
v -0.228119 0.135361 -0.188385
v -0.228287 0.134186 -0.183243
v -0.228546 0.167160 -0.180450
v -0.228790 0.134491 -0.182068
v -0.229156 0.119362 -0.002825
v -0.229630 0.135925 -0.191513
v -0.229675 0.126862 -0.180038
v -0.231430 0.133484 -0.178253
v -0.231659 0.134125 -0.177704
v -0.232224 0.140625 0.007404
v -0.232574 0.137939 0.008641
v -0.232880 0.136597 -0.193954
v -0.232986 0.133820 -0.176910
v -0.233246 0.126770 -0.096077
v -0.233963 0.134033 -0.175888
v -0.234116 0.128891 -0.120506
v -0.234482 0.138306 -0.198318
v -0.234787 0.120720 -0.027845
v -0.235092 0.125580 -0.080154
v -0.235367 0.122902 -0.050640
v -0.235428 0.131897 -0.175934
v -0.235550 0.133881 -0.175629
v -0.236130 0.124077 -0.062653
v -0.236130 0.163986 -0.197449
v -0.236237 0.134048 -0.174576
v -0.236511 0.124565 0.007637
v -0.236786 0.136887 -0.194916
v -0.237198 0.150970 -0.020126
v -0.237305 0.131241 -0.145508
v -0.237854 0.150116 -0.013232
v -0.238022 0.133957 -0.174866
v -0.238022 0.149017 -0.006245
v -0.238220 0.152054 -0.030945
v -0.238541 0.126678 0.008649
v -0.239059 0.153519 -0.044247
v -0.239105 0.153854 -0.203201
v -0.239441 0.137009 -0.194870
v -0.239456 0.142120 -0.202194
v -0.239502 0.167709 -0.186707
v -0.239975 0.159485 -0.102707
v -0.240128 0.166977 -0.192093
v -0.240341 0.150757 -0.203735
v -0.240356 0.133591 -0.174683
v -0.240814 0.155899 -0.066216
v -0.241272 0.164764 -0.151901
v -0.241516 0.137772 -0.196335
v -0.242111 0.157440 -0.201813
v -0.242172 0.134186 -0.174103
v -0.242813 0.137070 -0.194092
v -0.243652 0.144119 -0.202988
v -0.244507 0.160934 -0.114410
v -0.244614 0.166412 -0.166489
v -0.245056 0.136948 -0.193115
v -0.245285 0.120842 0.001924
v -0.245377 0.122398 -0.041794
v -0.245514 0.125961 -0.081383
v -0.246429 0.122246 0.004752
v -0.246918 0.134537 -0.176239
v -0.248352 0.157028 -0.075714
v -0.248581 0.160431 -0.200150
v -0.248581 0.167679 -0.189758
v -0.248611 0.134811 -0.177353
v -0.248627 0.125839 0.007866
v -0.249756 0.146332 0.002201
v -0.250061 0.135193 -0.180023
v -0.250397 0.135986 -0.187042
v -0.250519 0.134216 -0.170868
v -0.250824 0.120026 -0.009241
v -0.250824 0.123802 0.006285
v -0.250854 0.135406 -0.181702
v -0.250916 0.120384 -0.016146
v -0.252136 0.129608 0.008908
v -0.252136 0.146347 -0.203186
v -0.252289 0.137329 -0.193344
v -0.252380 0.128738 -0.111168
v -0.253204 0.140884 -0.200363
v -0.254730 0.167526 -0.174637
v -0.256409 0.129425 -0.117012
v -0.256714 0.139389 -0.197968
v -0.257629 0.162415 -0.124367
v -0.258209 0.165314 -0.152191
v -0.258453 0.120651 -0.001358
v -0.258698 0.150345 -0.203278
v -0.258850 0.137146 0.008588
v -0.259247 0.122971 -0.042934
v -0.259735 0.166656 -0.193863
v -0.260040 0.151764 -0.021849
v -0.260254 0.121925 0.003072
v -0.260437 0.143417 -0.201904
v -0.260651 0.135574 -0.180344
v -0.260651 0.153656 -0.040504
v -0.261078 0.164764 -0.196686
v -0.261353 0.168350 -0.186234
v -0.261597 0.162415 -0.198685
v -0.261719 0.138306 -0.194962
v -0.261871 0.133621 -0.160309
v -0.261932 0.159958 -0.100555
v -0.262177 0.168259 -0.180893
v -0.262329 0.155914 -0.061253
v -0.262390 0.134262 0.008920
v -0.262451 0.158005 -0.081085
v -0.262512 0.150848 -0.013637
v -0.262695 0.144409 0.004785
v -0.262787 0.148209 -0.001250
v -0.263123 0.127716 -0.095329
v -0.263275 0.149887 -0.007735
v -0.263763 0.131714 -0.139709
v -0.264404 0.125610 -0.070900
v -0.264740 0.149002 -0.003786
v -0.264862 0.122055 -0.030876
v -0.265137 0.161499 -0.113419
v -0.265869 0.120651 -0.004490
v -0.266205 0.166428 -0.160339
v -0.266449 0.127274 0.007859
v -0.267120 0.126648 -0.081291
v -0.267639 0.123505 0.004956
v -0.267944 0.141541 -0.200058
v -0.268341 0.124352 -0.054924
v -0.268555 0.141052 0.007033
v -0.269012 0.138565 0.008051
v -0.269196 0.125290 0.006615
v -0.269897 0.137756 -0.191605
v -0.270752 0.147217 -0.202621
v -0.273651 0.159271 -0.200348
v -0.274384 0.153748 -0.202316
v -0.275787 0.137070 -0.187149
v -0.277649 0.168030 -0.191544
v -0.279388 0.121925 0.000872
v -0.282196 0.139374 -0.194885
v -0.283661 0.124771 0.005405
v -0.284515 0.144058 -0.200928
v -0.285431 0.130264 0.008069
v -0.286987 0.141495 -0.198380
v -0.287262 0.131134 -0.123123
v -0.288147 0.157028 -0.064003
v -0.288788 0.162048 -0.110481
v -0.289185 0.123260 0.003079
v -0.289215 0.164917 -0.136856
v -0.290588 0.160934 -0.099258
v -0.290894 0.164917 -0.196487
v -0.291168 0.121498 -0.010027
v -0.291504 0.169067 -0.188492
v -0.291656 0.126373 -0.068565
v -0.291901 0.133484 -0.145844
v -0.292542 0.121941 -0.017412
v -0.292664 0.169373 -0.185593
v -0.292847 0.151382 -0.202072
v -0.292969 0.154861 -0.042007
v -0.293579 0.130081 -0.107788
v -0.293732 0.135681 -0.169022
v -0.293945 0.134598 -0.156555
v -0.294098 0.122925 -0.028475
v -0.294128 0.126892 0.006546
v -0.294800 0.128571 -0.091141
v -0.294891 0.124374 -0.043884
v -0.294922 0.151123 -0.008419
v -0.295013 0.147919 0.001227
v -0.296326 0.167328 -0.193542
v -0.296875 0.136856 -0.179138
v -0.298615 0.122154 -0.001685
v -0.300049 0.169128 -0.174057
v -0.300079 0.136765 0.007936
v -0.301086 0.157059 -0.060501
v -0.301880 0.167465 -0.157883
v -0.302582 0.126083 0.005616
v -0.303925 0.140106 -0.193970
v -0.304474 0.145294 -0.200531
v -0.304749 0.139221 -0.190872
v -0.305450 0.169785 -0.181366
v -0.306610 0.166458 -0.146286
v -0.307678 0.150299 -0.003635
v -0.308411 0.124870 0.004111
v -0.308441 0.143921 0.005274
v -0.309052 0.128601 0.006796
v -0.309052 0.153305 -0.021269
v -0.309326 0.130997 -0.113083
v -0.309906 0.163925 -0.197235
v -0.311218 0.156158 -0.200760
v -0.311310 0.122238 -0.005687
v -0.311340 0.138382 -0.185532
v -0.311768 0.132629 0.007762
v -0.312225 0.143570 -0.198898
v -0.312286 0.123016 -0.000039
v -0.313660 0.124001 0.002369
v -0.314270 0.125992 -0.056343
v -0.315674 0.141861 -0.196564
v -0.317017 0.161758 -0.098801
v -0.317047 0.170135 -0.185425
v -0.317963 0.134979 0.007654
v -0.318848 0.132843 -0.129181
v -0.318939 0.169846 -0.174927
v -0.319031 0.163513 -0.114784
v -0.319824 0.130539 -0.104263
v -0.320160 0.150589 -0.201050
v -0.320251 0.155487 -0.040241
v -0.320343 0.122864 -0.017822
v -0.320404 0.147461 0.002596
v -0.320435 0.152588 -0.012913
v -0.320770 0.128433 -0.080780
v -0.325043 0.125549 0.003730
v -0.325256 0.166794 -0.144562
v -0.325470 0.134750 -0.146713
v -0.325775 0.167633 -0.153000
v -0.326569 0.138031 -0.178772
v -0.327179 0.133408 0.007353
v -0.327332 0.169754 -0.189285
v -0.328186 0.159912 -0.079178
v -0.328979 0.130264 0.006655
v -0.329865 0.166214 -0.194977
v -0.330078 0.124779 -0.036545
v -0.330444 0.137024 -0.169006
v -0.331207 0.136124 -0.159103
v -0.331970 0.141403 -0.193848
v -0.332123 0.166000 -0.134918
v -0.332550 0.140747 0.006387
v -0.332703 0.128204 0.005497
v -0.333710 0.134155 -0.137955
v -0.333893 0.122971 -0.010534
v -0.334290 0.123405 -0.002437
v -0.334351 0.140259 -0.189545
v -0.336884 0.161682 -0.198212
v -0.336975 0.133865 -0.134552
v -0.337158 0.134140 -0.137497
v -0.337311 0.123726 -0.139587
v -0.337494 0.131393 -0.132187
v -0.338196 0.134491 -0.140244
v -0.338287 0.133560 -0.130295
v -0.338318 0.131424 -0.130325
v -0.338837 0.131546 0.006660
v -0.339539 0.134705 -0.142105
v -0.339661 0.132935 -0.123009
v -0.340332 0.133301 -0.127655
v -0.341187 0.124039 -0.024273
v -0.341400 0.134903 -0.143799
v -0.341858 0.133270 -0.126511
v -0.342407 0.127060 -0.058243
v -0.342621 0.145477 -0.198547
v -0.342926 0.124557 0.000570
v -0.343872 0.170883 -0.181320
v -0.343903 0.152328 -0.007648
v -0.343994 0.161514 -0.088814
v -0.344177 0.133270 -0.125458
v -0.344269 0.135406 -0.147156
v -0.344299 0.130005 -0.089294
v -0.344696 0.149094 0.001023
v -0.345703 0.138840 -0.178604
v -0.346069 0.168915 -0.191971
v -0.346313 0.123619 -0.126465
v -0.346497 0.151184 -0.003161
v -0.346954 0.142731 -0.195190
v -0.347015 0.163559 -0.106873
v -0.347046 0.133316 -0.124771
v -0.347168 0.159180 -0.067322
v -0.347565 0.141022 -0.190292
v -0.348694 0.137634 -0.167679
v -0.348724 0.132797 -0.125229
v -0.349182 0.123573 -0.006671
v -0.349487 0.170990 -0.184753
v -0.350006 0.146103 0.003807
v -0.351379 0.133530 -0.125977
v -0.351471 0.116447 -0.128601
v -0.351593 0.136154 0.006746
v -0.353027 0.131287 -0.127258
v -0.353058 0.148422 -0.199615
v -0.353058 0.168518 -0.153061
v -0.353424 0.132690 -0.116196
v -0.353546 0.127121 0.003628
v -0.354248 0.130005 0.005531
v -0.354370 0.169907 -0.165543
v -0.354523 0.135696 -0.146255
v -0.354706 0.142044 -0.192734
v -0.354980 0.133926 -0.128906
v -0.355042 0.155487 -0.031563
v -0.355164 0.120354 -0.131058
v -0.355927 0.133743 -0.126129
v -0.356140 0.129517 -0.079056
v -0.356293 0.126556 -0.132065
v -0.356354 0.134308 -0.131500
v -0.356415 0.154312 -0.019733
v -0.356781 0.135010 -0.137924
v -0.357025 0.124718 -0.027033
v -0.357086 0.134689 -0.134354
v -0.357269 0.126068 -0.042488
v -0.357422 0.140366 -0.185043
v -0.357788 0.156876 -0.043976
v -0.360352 0.161331 -0.198029
v -0.360840 0.139038 0.006303
v -0.361633 0.171097 -0.175400
v -0.362793 0.124237 -0.017794
v -0.362793 0.124344 -0.003435
v -0.363068 0.165863 -0.195129
v -0.363342 0.142273 0.005483
v -0.363495 0.131836 -0.103584
v -0.363586 0.161240 -0.080528
v -0.364349 0.126358 0.002022
v -0.364532 0.133270 0.006039
v -0.364929 0.155746 -0.199539
v -0.365356 0.158783 -0.198807
v -0.365784 0.163895 -0.104477
v -0.365997 0.152176 -0.199692
v -0.366241 0.151123 -0.001867
v -0.366302 0.136063 -0.145645
v -0.367828 0.134155 -0.126205
v -0.371307 0.127045 -0.047699
v -0.372864 0.166718 -0.129211
v -0.373535 0.125153 -0.001419
v -0.375549 0.128693 -0.062538
v -0.376099 0.168716 -0.192383
v -0.377289 0.170883 -0.188354
v -0.379822 0.147827 -0.198120
v -0.380127 0.131104 0.004721
v -0.382050 0.130371 -0.078339
v -0.382690 0.140503 -0.178650
v -0.382843 0.137375 0.005708
v -0.383514 0.144119 -0.193802
v -0.383698 0.161255 -0.074982
v -0.383820 0.146423 0.003305
v -0.383942 0.150726 -0.000654
v -0.384583 0.172058 -0.181808
v -0.384735 0.124786 -0.011576
v -0.384857 0.154327 -0.012870
v -0.385559 0.171875 -0.174652
v -0.385620 0.156937 -0.036438
v -0.387238 0.128632 0.002930
v -0.387909 0.138870 -0.163391
v -0.388367 0.166534 -0.122116
v -0.388397 0.141724 -0.185379
v -0.388428 0.142471 -0.188858
v -0.388611 0.134338 -0.120018
v -0.389191 0.125809 -0.027067
v -0.389526 0.131912 -0.093811
v -0.390320 0.162231 -0.196808
v -0.390411 0.125168 -0.005515
v -0.390533 0.136124 -0.136810
v -0.391479 0.126678 0.000082
v -0.391663 0.153870 -0.008615
v -0.392334 0.149124 0.001187
v -0.392731 0.146912 -0.196808
v -0.392853 0.143936 0.004306
v -0.393433 0.137451 -0.148575
v -0.396484 0.151520 -0.198441
v -0.397217 0.171967 -0.186264
v -0.397247 0.132980 -0.102654
v -0.397583 0.141586 0.004856
v -0.398010 0.129623 -0.063416
v -0.398010 0.134796 0.004966
v -0.400330 0.152588 -0.003612
v -0.402130 0.149841 -0.197830
v -0.402954 0.125687 -0.017908
v -0.404175 0.132278 0.004108
v -0.404175 0.156006 -0.022230
v -0.406647 0.169327 -0.142609
v -0.407410 0.161102 -0.067451
v -0.407501 0.169052 -0.191879
v -0.408142 0.151321 -0.001289
v -0.408295 0.134430 -0.113144
v -0.408783 0.167480 -0.125183
v -0.410461 0.144623 0.003588
v -0.411041 0.166321 -0.113785
v -0.412018 0.137802 0.004592
v -0.412415 0.171906 -0.165573
v -0.412445 0.126877 -0.028921
v -0.412659 0.164703 -0.098869
v -0.412933 0.127777 -0.000065
v -0.413330 0.172379 -0.186203
v -0.413452 0.140701 0.004373
v -0.414520 0.165405 -0.194473
v -0.414764 0.144516 -0.191269
v -0.415100 0.173096 -0.179214
v -0.415222 0.126434 -0.003859
v -0.415283 0.148254 0.001467
v -0.415527 0.131973 -0.083366
v -0.415680 0.134659 0.004169
v -0.416046 0.155167 -0.197769
v -0.416565 0.126068 -0.007627
v -0.417023 0.157639 -0.197418
v -0.417206 0.173126 -0.182556
v -0.417603 0.155426 -0.014544
v -0.417664 0.130417 0.002446
v -0.418365 0.132904 0.003615
v -0.418457 0.157516 -0.033379
v -0.418549 0.148453 -0.196411
v -0.418701 0.141846 -0.178421
v -0.419006 0.153503 -0.005235
v -0.419037 0.142914 -0.184540
v -0.420258 0.133362 -0.096779
v -0.420807 0.139893 -0.160751
v -0.420898 0.161545 -0.196182
v -0.420959 0.129898 -0.056980
v -0.421051 0.171051 -0.189270
v -0.421661 0.152496 -0.197571
v -0.422699 0.137436 -0.137741
v -0.423340 0.126358 -0.012073
v -0.423828 0.144119 -0.188553
v -0.424255 0.136414 -0.127090
v -0.425079 0.154724 -0.008986
v -0.425262 0.142990 0.003434
v -0.425354 0.126617 -0.018015
v -0.425446 0.146637 -0.194138
v -0.426941 0.141281 -0.170883
v -0.427338 0.139725 0.003834
v -0.427826 0.127457 -0.027237
v -0.428009 0.163361 -0.083115
v -0.428101 0.173065 -0.173279
v -0.428192 0.151138 -0.001240
v -0.428192 0.161606 -0.067680
v -0.428986 0.152679 -0.003213
v -0.429382 0.168579 -0.191849
v -0.430481 0.145676 0.002331
v -0.430603 0.147644 0.001359
v -0.430634 0.135727 0.003601
v -0.430664 0.129990 0.001143
v -0.433624 0.138580 -0.143646
v -0.435242 0.150497 -0.196411
v -0.435303 0.127625 -0.003190
v -0.435669 0.172760 -0.186081
v -0.436005 0.127014 -0.007129
v -0.436401 0.131653 -0.070724
v -0.436859 0.131866 0.002151
v -0.436920 0.162125 -0.195023
v -0.437103 0.155258 -0.196716
v -0.437347 0.143250 0.002658
v -0.437378 0.135254 -0.108398
v -0.437408 0.129944 -0.049854
v -0.438507 0.170868 -0.150299
v -0.438538 0.168823 -0.130829
v -0.439026 0.170212 -0.189804
v -0.439270 0.158844 -0.195862
v -0.439362 0.128677 -0.001189
v -0.439484 0.138306 0.003138
v -0.439575 0.166565 -0.192780
v -0.439911 0.152710 -0.196548
v -0.440918 0.134003 0.002544
v -0.441132 0.131271 0.001443
v -0.442017 0.156143 -0.015856
v -0.442169 0.151093 -0.001627
v -0.442200 0.172150 -0.160965
v -0.443298 0.152771 -0.003575
v -0.443787 0.147095 0.000836
v -0.444580 0.154846 -0.008267
v -0.444977 0.154099 -0.006032
v -0.445251 0.129807 -0.000299
v -0.445740 0.149002 -0.194580
v -0.446930 0.143372 -0.179047
v -0.447723 0.142532 0.001652
v -0.448669 0.160385 -0.053795
v -0.448792 0.145798 -0.189056
v -0.448853 0.142059 -0.168411
v -0.449036 0.166702 -0.108978
v -0.449127 0.154785 -0.195374
v -0.449432 0.172226 -0.186356
v -0.449524 0.132645 0.001073
v -0.449554 0.136261 0.001800
v -0.449829 0.128693 -0.003294
v -0.449921 0.137268 -0.123291
v -0.450134 0.165512 -0.192139
v -0.450348 0.151627 -0.195160
v -0.450531 0.173813 -0.177032
v -0.451202 0.127869 -0.012568
v -0.452545 0.133270 -0.080742
v -0.452606 0.149933 -0.001555
v -0.452942 0.147263 -0.191299
v -0.453888 0.160629 -0.193192
v -0.454285 0.146011 -0.000197
v -0.454681 0.129440 -0.034157
v -0.455414 0.152893 -0.004451
v -0.455719 0.173752 -0.181122
v -0.455963 0.140030 -0.145462
v -0.455994 0.170181 -0.187927
v -0.456146 0.138214 -0.129120
v -0.456146 0.141663 0.000172
v -0.456207 0.145126 -0.184921
v -0.456573 0.165405 -0.095978
v -0.456604 0.129791 -0.003019
v -0.456757 0.128632 -0.006227
v -0.457031 0.131226 -0.001416
v -0.457611 0.138382 -0.000135
v -0.458008 0.133926 -0.000533
v -0.458282 0.155411 -0.193207
v -0.458405 0.128479 -0.009014
v -0.458649 0.150467 -0.002758
v -0.458893 0.161346 -0.060669
v -0.458954 0.156113 -0.013700
v -0.459259 0.167526 -0.114601
v -0.459869 0.149185 -0.191544
v -0.459961 0.147507 -0.001735
v -0.460175 0.151505 -0.192749
v -0.460205 0.154648 -0.007787
v -0.461090 0.135452 -0.099159
v -0.461456 0.144043 -0.177185
v -0.461945 0.131927 -0.061478
v -0.462463 0.172958 -0.183075
v -0.462799 0.146530 -0.187012
v -0.463623 0.150482 -0.003911
v -0.463959 0.136429 -0.107903
v -0.464050 0.132736 -0.003254
v -0.464203 0.141632 -0.002415
v -0.464478 0.161362 -0.189545
v -0.464722 0.130814 -0.045841
v -0.464752 0.167358 -0.187408
v -0.464813 0.136459 -0.002820
v -0.465240 0.128937 -0.018637
v -0.465851 0.130997 -0.005489
v -0.466034 0.147095 -0.003631
v -0.466644 0.153503 -0.006821
v -0.467255 0.172409 -0.156815
v -0.467346 0.168564 -0.123398
v -0.467590 0.129959 -0.008234
v -0.467834 0.174103 -0.177414
v -0.467865 0.154587 -0.008607
v -0.468201 0.141815 -0.154297
v -0.468262 0.162170 -0.067909
v -0.468292 0.129654 -0.027563
v -0.468384 0.166260 -0.103622
v -0.468384 0.173889 -0.171280
v -0.468719 0.155502 -0.011351
v -0.468872 0.129303 -0.012217
v -0.468994 0.158554 -0.034595
v -0.469055 0.151764 -0.006208
v -0.469177 0.134583 -0.005247
v -0.469452 0.141434 -0.004818
v -0.469849 0.150620 -0.188095
v -0.470001 0.147980 -0.186249
v -0.470093 0.129242 -0.015599
v -0.470184 0.154526 -0.188202
v -0.470215 0.139069 -0.128403
v -0.470337 0.135056 -0.088661
v -0.470551 0.137177 -0.111153
v -0.470581 0.131607 -0.050896
v -0.470886 0.172058 -0.182190
v -0.470947 0.156311 -0.015497
v -0.471558 0.173447 -0.179596
v -0.472198 0.144669 -0.174530
v -0.472504 0.161636 -0.185440
v -0.473358 0.146225 -0.007064
v -0.473511 0.165955 -0.103027
v -0.473846 0.171738 -0.151443
v -0.473999 0.133148 -0.008604
v -0.473999 0.150543 -0.007982
v -0.474182 0.146149 -0.180817
v -0.474365 0.161957 -0.068512
v -0.474518 0.153275 -0.009284
v -0.474701 0.154388 -0.010467
v -0.474762 0.170685 -0.181198
v -0.474884 0.137802 -0.008013
v -0.475006 0.130142 -0.013237
v -0.475128 0.131348 -0.010723
v -0.475159 0.156723 -0.020567
v -0.475403 0.138138 -0.115440
v -0.475403 0.155258 -0.012461
v -0.475433 0.131134 -0.038677
v -0.475708 0.141464 -0.144089
v -0.475739 0.134720 -0.079140
v -0.475769 0.173660 -0.172913
v -0.475800 0.129959 -0.020939
v -0.477142 0.173141 -0.176956
v -0.477661 0.170181 -0.140518
v -0.477814 0.155411 -0.014727
v -0.477936 0.147980 -0.181534
v -0.477936 0.165787 -0.104851
v -0.478210 0.150009 -0.182602
v -0.478210 0.157852 -0.034058
v -0.478271 0.173172 -0.168518
v -0.478394 0.156235 -0.020201
v -0.478668 0.133789 -0.011477
v -0.478729 0.161179 -0.065575
v -0.478790 0.137848 -0.010811
v -0.478851 0.151077 -0.010880
v -0.479156 0.144485 -0.164734
v -0.479248 0.169067 -0.178848
v -0.479279 0.132492 -0.048615
v -0.479462 0.130966 -0.028479
v -0.479645 0.137054 -0.097977
v -0.479645 0.152969 -0.181625
v -0.479797 0.131790 -0.013765
v -0.479919 0.139969 -0.125153
v -0.479950 0.146667 -0.177704
v -0.480225 0.154068 -0.013661
v -0.480438 0.171753 -0.176224
v -0.480713 0.130737 -0.018803
v -0.480713 0.131195 -0.016157
v -0.480957 0.155869 -0.021549
v -0.481049 0.170929 -0.151749
v -0.481110 0.166519 -0.115181
v -0.481323 0.162735 -0.084152
v -0.481384 0.158371 -0.044750
v -0.481628 0.148361 -0.012929
v -0.482147 0.132050 -0.033630
v -0.482208 0.137543 -0.095566
v -0.482483 0.154434 -0.017368
v -0.482483 0.171967 -0.170578
v -0.482788 0.169510 -0.175385
v -0.482849 0.155838 -0.026581
v -0.483032 0.148560 -0.177460
v -0.483093 0.171188 -0.160568
v -0.483154 0.152313 -0.015192
v -0.483337 0.157593 -0.043858
v -0.483337 0.168213 -0.134781
v -0.483368 0.135315 -0.065361
v -0.483429 0.144012 -0.150833
v -0.483429 0.164871 -0.107735
v -0.483459 0.141006 -0.125015
v -0.483490 0.135345 -0.015333
v -0.483582 0.162048 -0.084885
v -0.483673 0.132889 -0.017233
v -0.483673 0.151337 -0.177994
v -0.483704 0.159119 -0.059452
v -0.483887 0.132111 -0.019991
v -0.484100 0.133499 -0.041962
v -0.484131 0.149323 -0.015676
v -0.484192 0.146225 -0.166214
v -0.484406 0.147720 -0.173615
v -0.484436 0.154495 -0.023611
v -0.484589 0.155258 -0.029453
v -0.484619 0.132629 -0.027203
v -0.484650 0.138489 -0.093628
v -0.484680 0.169464 -0.171524
v -0.484924 0.169830 -0.156876
v -0.484985 0.153732 -0.022099
v -0.485077 0.152802 -0.019888
v -0.485138 0.135925 -0.017773
v -0.485138 0.150009 -0.017473
v -0.485413 0.151291 -0.175491
v -0.485596 0.135056 -0.049286
v -0.485657 0.161804 -0.093842
v -0.485687 0.164459 -0.115166
v -0.485718 0.166901 -0.170883
v -0.485809 0.156586 -0.049149
v -0.485809 0.166687 -0.134552
v -0.485901 0.159683 -0.076775
v -0.485962 0.141495 -0.116043
v -0.486115 0.157776 -0.061852
v -0.486237 0.154694 -0.037125
v -0.486450 0.148193 -0.167908
v -0.486481 0.144852 -0.140778
v -0.486481 0.149597 -0.020977
v -0.486542 0.168060 -0.155777
v -0.486572 0.134491 -0.027771
v -0.486603 0.135468 -0.022087
v -0.486633 0.138062 -0.072380
v -0.486664 0.146729 -0.156937
v -0.486664 0.151474 -0.024151
v -0.486786 0.152908 -0.029644
v -0.486816 0.167831 -0.162979
v -0.486847 0.135986 -0.046619
v -0.486847 0.138779 -0.021399
v -0.486969 0.152023 -0.171600
v -0.486969 0.162079 -0.107605
v -0.487030 0.158981 -0.082253
v -0.487061 0.164566 -0.128311
v -0.487213 0.154587 -0.047428
v -0.487366 0.136078 -0.026709
v -0.487488 0.141724 -0.098495
v -0.487549 0.156204 -0.067245
v -0.487579 0.147385 -0.026012
v -0.487640 0.140549 -0.025335
v -0.487671 0.136841 -0.039124
v -0.487671 0.161667 -0.165359
v -0.487732 0.150818 -0.032944
v -0.487732 0.161102 -0.112282
v -0.487885 0.152405 -0.043159
v -0.487885 0.158035 -0.089455
v -0.487915 0.150330 -0.165436
v -0.487946 0.164780 -0.151108
v -0.487976 0.138885 -0.056133
v -0.487976 0.147736 -0.149292
v -0.488129 0.154007 -0.064568
v -0.488220 0.139511 -0.031242
v -0.488220 0.145950 -0.123863
v -0.488373 0.161804 -0.136581
v -0.488434 0.139999 -0.038742
v -0.488495 0.146149 -0.037910
v -0.488495 0.159760 -0.157913
v -0.488525 0.143478 -0.080734
v -0.488525 0.152328 -0.066994
v -0.488586 0.157684 -0.112175
v -0.488708 0.148026 -0.049530
v -0.488708 0.151718 -0.154770
v -0.488739 0.144623 -0.049774
v -0.488739 0.152878 -0.084656
v -0.488831 0.146713 -0.082222
v -0.488892 0.157532 -0.143799
v -0.489014 0.152618 -0.111168
s 1
f 6298 6290 6234
f 6290 6298 6362
f 6290 6362 6326
f 6362 6298 6415
f 6362 6415 6502
f 6415 6298 6303
f 6415 6303 6354
f 6354 6303 6333
f 6415 6354 6492
f 6326 6362 6367
f 6367 6362 6510
f 6326 6367 6299
f 6299 6367 6311
f 6311 6367 6440
f 6440 6367 6504
f 6311 6440 6349
f 6311 6349 6258
f 6349 6440 6484
f 6290 6229 7428
f 7428 6229 7438
f 6229 6290 6326
f 7438 6229 7430
f 6229 6326 6299
f 7430 6229 6230
f 6230 6229 6299
f 6230 6299 6311
f 7430 6230 7447
f 6230 6311 6258
f 6230 6258 7447
f 7447 6258 7422
f 7422 6258 6261
f 6261 6258 6346
f 6261 6346 6325
f 6290 7428 6234
f 6234 7428 7448
f 6234 7448 7464
f 7464 7448 7486
f 7464 7486 7543
f 7464 7543 7487
f 7486 7448 7472
f 7472 7448 7428
f 7472 7428 7438
f 7486 7472 7534
f 7486 7534 7543
f 7472 7438 7495
f 7472 7495 7534
f 7495 7438 7430
f 7543 7534 7625
f 7543 7625 7652
f 7652 7625 7731
f 7625 7534 7553
f 7553 7534 7495
f 7625 7553 7705
f 7705 7553 7692
f 7495 7430 7498
f 7495 7498 7553
f 7498 7430 7447
f 7692 7553 7567
f 7567 7553 7498
f 7692 7567 7565
f 7565 7567 7498
f 7565 7498 7447
f 7692 7565 7712
f 7565 7447 7538
f 7712 7565 7718
f 7718 7565 7538
f 6502 6510 6362
f 6510 6502 6573
f 6573 6502 6579
f 6579 6502 6557
f 6557 6502 6415
f 6557 6415 6492
f 6579 6557 6616
f 6557 6492 6590
f 6557 6590 6616
f 6573 6579 6626
f 6626 6579 6616
f 6590 6492 6528
f 6528 6492 6354
f 6528 6354 6538
f 6528 6538 6590
f 6538 6354 6487
f 6538 6487 6577
f 6590 6538 6575
f 6575 6538 6577
f 6575 6577 6615
f 6615 6577 6647
f 6590 6575 6645
f 6645 6575 6615
f 6615 6647 6676
f 6615 6676 6645
f 6676 6647 6747
f 6676 6747 6728
f 6676 6728 6645
f 6590 6645 6639
f 6639 6645 6728
f 6590 6639 6616
f 6639 6728 6690
f 6639 6690 6616
f 6690 6728 6722
f 6690 6722 6616
f 6616 6722 6626
f 6626 6722 6650
f 6650 6722 6726
f 6626 6650 6573
f 6650 6726 6718
f 6573 6650 6632
f 6632 6650 6718
f 6632 6718 6749
f 6573 6632 6510
f 6632 6749 6732
f 6510 6632 6553
f 6510 6553 6367
f 6367 6553 6504
f 6553 6632 6594
f 6553 6594 6504
f 6594 6632 6732
f 6594 6732 6733
f 6504 6594 6440
f 6594 6733 6667
f 6667 6733 6734
f 6440 6594 6560
f 6440 6560 6484
f 6594 6667 6627
f 6594 6627 6560
f 6667 6734 6687
f 6667 6687 6627
f 6687 6734 6727
f 6727 6734 6787
f 6627 6687 6624
f 6627 6624 6560
f 6687 6727 6671
f 6687 6671 6624
f 6671 6727 6736
f 6671 6736 6653
f 6624 6671 6625
f 6625 6671 6653
f 6624 6625 6560
f 6625 6653 6600
f 6625 6600 6560
f 6560 6600 6555
f 6560 6555 6484
f 6484 6555 6452
f 6303 6298 6234
f 6303 6234 6221
f 6303 6221 6333
f 6221 6234 7464
f 7652 7731 7714
f 7625 7705 7731
f 7731 7705 7843
f 7843 7705 7692
f 7843 7692 7712
f 7731 7843 7776
f 7731 7776 7775
f 7731 7775 7714
f 7775 7776 7915
f 7915 7776 7843
f 7714 7775 7760
f 7915 7843 7933
f 7933 7843 7932
f 7932 7843 7872
f 7775 7915 7902
f 7902 7915 7994
f 7775 7902 7760
f 7760 7902 7903
f 7903 7902 7956
f 7903 7956 7948
f 7903 7948 7919
f 7751 7872 7843
f 7751 7843 7712
f 7751 7712 7718
f 7872 7751 7842
f 7872 7842 8025
f 7842 7751 7748
f 7748 7751 7718
f 7748 7718 7842
f 7842 7718 7839
f 7842 7839 7986
f 7986 7839 7898
f 7898 7839 7718
f 7898 7718 7732
f 7732 7718 7672
f 7732 7672 7707
f 7898 7732 7848
f 7732 7707 7774
f 7732 7774 7848
f 7848 7774 7831
f 7848 7831 7865
f 7865 7831 7832
f 7865 7832 7861
f 7831 7774 7820
f 7831 7820 7832
f 7820 7774 7801
f 7832 7820 7823
f 7823 7820 7801
f 7648 7543 7652
f 7648 7652 7714
f 7543 7648 7542
f 7543 7542 7487
f 7542 7648 7633
f 7633 7648 7703
f 7633 7703 7689
f 7542 7633 7573
f 7573 7633 7689
f 7573 7689 7661
f 7661 7689 7693
f 7542 7573 7529
f 7542 7529 7487
f 7573 7661 7551
f 7573 7551 7529
f 7551 7661 7612
f 7551 7612 7520
f 7551 7520 7436
f 7551 7436 7444
f 7529 7551 7501
f 7501 7551 7444
f 7529 7501 7487
f 7501 7444 7434
f 7501 7434 7487
f 7487 7434 6221
f 7487 6221 7464
f 6333 6221 6319
f 6333 6319 6354
f 6354 6319 6487
f 6319 6221 7434
f 6487 6319 6409
f 6319 7434 6270
f 6409 6319 6296
f 6296 6319 6270
f 6409 6296 6379
f 6270 7434 6241
f 6270 6241 6296
f 6241 7434 7444
f 6241 7444 6262
f 6241 6262 6296
f 6262 7444 7436
f 6379 6296 6297
f 6297 6296 6262
f 6262 7436 6227
f 6379 6297 6310
f 6310 6297 6262
f 6310 6262 6227
f 6379 6310 6405
s 0
f 6310 6227 6280
s 1
f 6405 6310 6330
f 6330 6310 6280
f 6280 6227 7418
f 6405 6330 6377
s 0
f 6280 7418 6250
f 6250 7418 6216
f 6280 6250 6341
f 6280 6341 6330
f 6377 6330 6373
f 6373 6330 6341
s 1
f 6377 6373 6529
f 6373 6341 6402
f 6373 6402 6524
f 6402 6341 6339
f 7703 7648 7714
f 7703 7714 7744
f 7744 7714 7760
f 7703 7744 7740
f 7703 7740 7689
f 7689 7740 7693
f 7744 7760 7783
f 7783 7760 7903
f 7740 7744 7779
f 7779 7744 7783
f 7693 7740 7782
f 7782 7740 7779
f 7783 7903 7856
f 7783 7856 7779
f 7856 7903 7919
f 7779 7856 7906
f 7906 7856 7919
f 7779 7906 7782
f 7906 7919 7979
f 7756 7693 7782
f 7693 7756 7661
f 7661 7756 7753
f 7756 7782 7911
f 7756 7911 7753
f 7911 7782 7906
f 7753 7911 7927
f 7911 7906 7976
f 7911 7976 7927
f 7915 8022 7994
f 7956 7902 7994
f 8022 7915 8006
f 8006 7915 7933
f 7994 8022 8054
f 7956 7994 8036
f 8036 7994 8054
f 7956 8036 7985
f 7956 7985 7948
f 7985 8036 8043
f 7985 8043 7948
f 8036 8054 8075
f 8036 8075 8043
f 7948 8043 7991
f 7948 7991 7919
f 7919 7991 7979
f 7991 8043 8038
f 7991 8038 7979
f 8043 8075 8052
f 8043 8052 8038
f 7976 7906 7979
f 7976 7979 8010
f 8010 7979 8038
f 7976 8010 8050
f 8010 8038 8059
f 8010 8059 8050
f 8059 8038 8052
f 8050 8059 8105
f 8105 8059 8106
f 8105 8106 8160
f 8059 8052 8094
f 8059 8094 8106
f 8160 8106 8122
f 8122 8106 8094
f 8160 8122 8189
f 8094 8052 8087
f 8094 8087 8122
f 8087 8052 8075
f 8189 8122 8138
f 8138 8122 8087
f 8087 8075 8096
f 8087 8096 8138
f 8096 8075 8054
f 8138 8096 8130
f 8130 8096 8054
f 8138 8130 8190
f 8130 8054 8103
f 8130 8103 8151
f 8103 8054 8022
f 8151 8103 8127
f 8103 8022 8084
f 8127 8103 8111
f 8111 8103 8084
f 8127 8111 8184
f 8184 8111 8137
f 8137 8111 8084
f 8084 8022 8006
f 8137 8084 8095
f 8084 8006 8042
f 8084 8042 8095
f 8042 8006 7933
f 8137 8095 8181
f 8181 8095 8119
f 8181 8119 8167
f 8119 8095 8025
f 8042 7933 8041
f 8042 8041 8095
f 8095 8041 8025
f 8041 7933 7932
f 8041 7932 8025
f 8025 7932 7872
f 6722 6830 6726
f 6726 6830 6805
f 6726 6805 6718
f 6718 6805 6749
f 6749 6805 6827
f 6805 6830 6844
f 6805 6844 6827
f 6830 6722 6823
f 6823 6722 6728
f 6830 6823 6891
f 6823 6728 6833
f 6891 6823 6895
f 6895 6823 6833
f 6830 6891 6924
f 6924 6891 6895
f 6893 6844 6830
f 6893 6830 6924
f 6833 6728 6846
f 6833 6846 6895
f 6844 6893 6862
f 6844 6862 6827
f 6893 6924 6955
f 6862 6893 6912
f 6912 6893 6955
f 6827 6862 6873
f 6873 6862 6912
f 6827 6873 6832
f 6827 6832 6811
f 6827 6811 6749
f 6749 6811 6732
f 6732 6811 6733
f 6733 6811 6787
f 6787 6811 6832
f 6733 6787 6734
f 6843 6832 6873
f 6832 6843 6787
f 6903 6873 6912
f 6873 6903 6843
f 6903 6912 6952
f 6952 6912 6955
f 6843 6903 6905
f 6905 6903 6952
f 6787 6843 6804
f 6787 6804 6727
f 6727 6804 6736
f 6804 6843 6847
f 6847 6843 6905
f 6736 6804 6816
f 6816 6804 6847
f 6736 6816 6838
f 6838 6816 6866
f 6866 6816 6847
f 6838 6866 6913
f 6847 6905 6889
f 6847 6889 6866
f 6913 6866 6918
f 6866 6889 6922
f 6866 6922 6918
f 6889 6905 6941
f 6889 6941 6922
f 6941 6905 6985
f 6918 6922 6964
f 6918 6964 6913
f 6922 6941 6974
f 6922 6974 6964
f 6974 6941 6985
f 6985 6905 6952
f 6964 6974 7030
s 0
f 6913 6964 7010
s 1
f 7010 6964 7030
f 6913 7010 6921
f 7010 7030 7055
f 6921 7010 7022
f 7022 7010 7055
f 6921 7022 7012
f 7012 7022 7069
f 7069 7022 7067
f 7067 7022 7055
f 7055 7030 7085
f 7085 7030 7041
f 7041 7030 6974
f 7041 6974 6985
f 7085 7041 7045
f 7045 7041 6985
f 7045 6985 7029
f 7029 6985 6952
f 7045 7029 7056
f 7045 7056 7105
f 7029 6952 7015
f 7029 7015 7056
f 7015 6952 6955
f 7056 7015 7032
f 7032 7015 6955
f 7056 7032 7084
f 7084 7032 7086
f 7032 6955 6993
f 6993 6955 6924
f 7086 7032 7051
f 7051 7032 6993
f 7086 7051 7080
f 6993 6924 6978
s 0
f 6993 6978 7051
s 1
f 6978 6924 6895
f 7080 7051 7037
f 7037 7051 6978
f 7080 7037 7070
f 6978 6895 6973
f 6978 6973 7037
f 7070 7037 6970
f 6970 7037 6973
f 7070 6970 7034
f 6973 6895 6906
f 6973 6906 6970
f 6906 6895 6846
f 6970 6906 6948
f 6970 6948 7034
f 6948 6906 6846
f 7121 7034 7049
f 7049 7034 6982
f 6982 7034 6948
f 7049 6982 6942
f 6948 6846 6885
f 6942 6982 6881
f 6881 6982 6948
f 6881 6948 6885
f 6942 6881 6902
f 6902 6881 6835
f 6835 6881 6747
f 6885 6846 6812
f 6885 6812 6881
f 6881 6812 6747
f 6812 6846 6728
f 6812 6728 6747
f 8184 8137 8209
f 8184 8209 8236
f 8209 8137 8214
f 8209 8214 8236
f 8214 8137 8181
f 8236 8214 8266
f 8266 8214 8261
f 8236 8266 8282
f 8236 8282 8268
f 8261 8214 8239
f 8239 8214 8181
f 8266 8261 8280
f 8280 8261 8239
f 8282 8266 8288
f 8288 8266 8280
f 8282 8288 8323
f 8323 8288 8319
f 8319 8288 8280
f 8282 8323 8333
f 8319 8280 8331
f 8331 8280 8332
f 8332 8280 8293
f 8293 8280 8239
f 8282 8333 8295
f 8282 8295 8268
f 8295 8333 8302
f 8268 8295 8272
f 8272 8295 8302
f 8272 8302 8301
f 8301 8302 8341
f 8293 8239 8259
f 8293 8259 8327
f 8259 8239 8181
f 8327 8259 8277
f 8327 8277 8329
f 8259 8181 8240
f 8259 8240 8277
f 8240 8181 8167
f 8329 8277 8269
f 8269 8277 8240
f 8240 8167 8223
f 8240 8223 8269
f 8223 8167 8171
f 8223 8171 8269
f 8329 8269 8306
f 8306 8269 8318
f 8318 8269 8258
f 8258 8269 8171
f 8258 8171 8162
f 8151 8127 8218
f 8218 8127 8184
f 8218 8184 8236
f 8218 8236 8268
f 8151 8218 8190
f 8151 8190 8130
f 8218 8268 8233
f 8218 8233 8190
f 8233 8268 8272
f 8190 8233 8189
f 8190 8189 8138
f 8233 8272 8246
f 8233 8246 8189
f 8246 8272 8301
f 8189 8246 8217
f 8189 8217 8160
f 8246 8301 8286
f 8286 8301 8334
f 8217 8246 8257
f 8257 8246 8286
f 8160 8217 8228
f 8228 8217 8257
f 8160 8228 8212
f 8160 8212 8141
f 8141 8212 8179
f 8212 8228 8255
f 8212 8255 8179
f 8255 8228 8257
f 8292 8257 8286
f 8257 8292 8255
f 8292 8286 8337
f 8255 8292 8297
f 8297 8292 8339
f 8179 8255 8242
f 8242 8255 8297
s 0
f 8179 8242 8140
f 8140 8242 8211
f 8242 8297 8315
f 8211 8242 8271
f 8271 8242 8315
f 8271 8315 8320
s 1
f 6484 6258 6349
f 6258 6484 6346
f 6346 6484 6452
f 6346 6452 6325
f 6325 6452 6527
f 6325 6527 6430
f 8025 7842 7986
f 8025 7986 8079
f 8025 8079 8119
f 8119 8079 8171
f 8119 8171 8167
f 8171 8079 8093
f 8093 8079 7986
f 8171 8093 8162
f 8162 8093 8078
f 8093 7986 8026
f 8026 7986 7898
f 8026 7898 7954
f 8093 8026 8031
f 8093 8031 8078
f 8031 8026 7954
f 8078 8031 8028
f 8028 8031 7954
f 6647 6577 6657
f 6647 6657 6747
f 6747 6657 6785
f 6657 6577 6552
f 6552 6577 6487
f 6552 6487 6409
f 6785 6657 6678
f 6785 6678 6789
f 6657 6552 6558
f 6558 6552 6409
f 6789 6678 6771
f 6657 6558 6601
f 6657 6601 6678
f 6558 6409 6539
f 6558 6539 6601
f 6539 6409 6379
f 6539 6379 6405
f 6771 6678 6686
f 6771 6686 6750
f 6678 6601 6611
f 6678 6611 6686
f 6601 6539 6563
f 6563 6539 6405
f 6601 6563 6611
f 6686 6611 6591
f 6686 6591 6750
s 0
f 6591 6611 6563
f 6750 6591 6664
f 6750 6664 6737
f 6664 6591 6593
f 6563 6405 6543
s 1
f 6563 6543 6591
s 0
f 6591 6543 6593
s 1
f 6543 6405 6377
f 6593 6543 6529
f 6529 6543 6377
f 7538 7568 7718
f 7718 7568 7672
f 7568 7538 7422
f 7422 7538 7447
f 7568 7422 7503
f 7503 7422 7426
s 0
f 7503 7426 7427
s 1
f 7568 7503 7581
f 7568 7581 7672
s 0
f 7503 7427 7517
f 7503 7517 7581
s 1
f 7672 7581 7596
f 7596 7581 7517
f 7672 7596 7707
f 7707 7596 7662
f 7596 7517 7561
f 7596 7561 7662
s 0
f 7513 7517 7427
f 7517 7513 7561
f 7513 7427 7416
s 1
f 7662 7561 7610
f 7662 7610 7697
f 7561 7513 7549
f 7561 7549 7610
f 7513 7416 7490
f 7513 7490 7549
f 7490 7416 7420
f 7610 7549 7585
f 7610 7585 7664
f 7664 7585 7611
f 7585 7549 7550
f 7585 7550 7611
f 7549 7490 7516
f 7549 7516 7550
f 7490 7420 7445
f 7490 7445 7516
f 7445 7420 6222
f 7516 7445 7509
f 7516 7509 7550
f 7509 7445 7480
f 7550 7509 7524
f 7550 7524 7562
f 7550 7562 7611
f 7611 7562 7666
f 8323 8319 8344
f 8344 8319 8331
f 8323 8344 8352
f 8323 8352 8333
f 8344 8331 8361
f 8361 8331 8332
f 8352 8344 8367
f 8367 8344 8361
f 8361 8332 8358
f 8358 8332 8293
f 8358 8293 8327
f 8358 8327 8360
f 8360 8327 8329
f 8358 8360 8388
f 8360 8329 8363
f 8360 8363 8388
f 8363 8329 8306
f 8363 8306 8362
f 8362 8306 8318
f 8362 8318 8405
f 8363 8362 8410
f 8410 8362 8405
f 8363 8410 8388
f 8410 8405 8438
f 8438 8405 8453
f 8438 8453 8472
f 8410 8438 8432
f 8432 8438 8472
f 8388 8410 8427
f 8427 8410 8432
f 8432 8472 8465
f 8432 8465 8427
f 8465 8472 8500
f 8500 8472 8480
f 8500 8480 8512
f 8465 8500 8464
f 8465 8464 8427
f 8464 8500 8490
f 8490 8500 8518
f 8427 8464 8441
f 8441 8464 8461
f 8461 8464 8490
f 8427 8441 8416
f 8441 8461 8426
f 8441 8426 8416
f 8427 8416 8403
f 8427 8403 8388
f 8403 8416 8408
f 8408 8416 8426
f 8388 8403 8383
f 8383 8403 8408
f 8388 8383 8358
f 8358 8383 8361
f 8361 8383 8386
f 8386 8383 8408
f 8361 8386 8367
f 8386 8408 8393
f 8386 8393 8367
f 8393 8408 8426
f 8367 8393 8375
f 8367 8375 8352
f 8393 8426 8419
f 8393 8419 8399
f 8393 8399 8375
f 8419 8426 8443
f 8352 8375 8355
f 8352 8355 8333
f 8399 8419 8423
f 8423 8419 8443
f 8375 8399 8400
f 8400 8399 8423
f 8355 8375 8374
f 8374 8375 8400
f 8333 8355 8341
f 8333 8341 8302
f 8355 8374 8356
f 8355 8356 8341
f 8356 8374 8364
f 8341 8356 8334
f 8341 8334 8301
f 8334 8356 8364
f 8398 8374 8400
f 8374 8398 8364
f 8398 8400 8418
f 8418 8400 8423
f 8334 8364 8351
f 8334 8351 8286
f 8286 8351 8337
f 8351 8364 8376
f 8351 8376 8337
f 8396 8364 8398
f 8364 8396 8376
f 8337 8376 8339
f 8337 8339 8292
f 8376 8396 8397
f 8376 8397 8339
f 8396 8398 8425
f 8425 8398 8418
f 8397 8396 8430
f 8430 8396 8425
f 8339 8397 8402
f 8397 8430 8439
f 8397 8439 8402
f 8439 8430 8468
f 8402 8439 8446
f 8446 8439 8468
f 8339 8402 8381
f 8381 8402 8446
f 8339 8381 8315
f 8339 8315 8297
s 0
f 8315 8381 8320
f 8320 8381 8424
s 1
f 8424 8381 8446
f 8320 8424 8435
f 8424 8446 8477
f 8424 8477 8435
f 8477 8446 8502
f 8502 8446 8468
f 8435 8477 8473
f 8435 8473 8451
f 8451 8473 8475
f 8451 8475 8449
f 8475 8473 8493
f 8475 8493 8495
f 8473 8477 8494
f 8473 8494 8493
f 8494 8477 8502
f 8495 8493 8521
f 8521 8493 8531
f 8493 8494 8510
f 8493 8510 8531
f 8510 8494 8502
f 8531 8510 8537
f 8537 8510 8502
f 8537 8502 8530
f 8530 8502 8503
f 8503 8502 8468
f 8530 8503 8527
f 8527 8503 8497
f 8497 8503 8468
f 8527 8497 8525
f 8497 8468 8469
f 8469 8468 8430
f 8469 8430 8425
f 8497 8469 8487
f 8497 8487 8525
f 8469 8425 8460
f 8469 8460 8487
f 8460 8425 8418
f 8460 8418 8442
f 8442 8418 8423
f 8442 8423 8443
f 8460 8442 8467
f 8460 8467 8487
f 8467 8442 8443
f 8487 8467 8489
f 8487 8489 8525
f 8467 8443 8457
f 8457 8443 8426
f 8457 8426 8461
f 8457 8461 8490
f 8457 8490 8467
f 8467 8490 8489
f 8525 8489 8509
f 8509 8489 8490
f 8525 8509 8532
f 8509 8490 8518
f 8509 8518 8532
f 7070 7124 7080
f 7080 7124 7132
f 7080 7132 7086
f 7124 7070 7145
f 7132 7124 7193
f 7193 7124 7145
f 7086 7132 7134
f 7086 7134 7084
f 7132 7193 7187
f 7132 7187 7134
f 7145 7070 7117
f 7117 7070 7034
f 7117 7034 7121
f 7084 7134 7113
f 7084 7113 7056
f 7056 7113 7105
f 7113 7134 7178
f 7178 7134 7187
f 7105 7113 7158
f 7158 7113 7178
f 7105 7158 7159
f 7159 7158 7192
f 7192 7158 7178
f 7192 7178 7224
f 7192 7224 7218
f 7218 7224 7250
f 7224 7178 7228
f 7228 7178 7187
f 7250 7224 7274
f 7274 7224 7228
f 7250 7274 7280
f 7228 7187 7233
f 7233 7187 7193
f 7274 7228 7251
f 7251 7228 7233
f 7280 7274 7304
f 7280 7304 7299
f 7274 7251 7279
f 7274 7279 7304
f 7299 7304 7322
f 7279 7251 7264
f 7264 7251 7233
f 7304 7279 7290
f 7290 7279 7264
f 7322 7304 7335
f 7322 7335 7353
f 7304 7290 7321
f 7304 7321 7335
f 7290 7264 7282
f 7290 7282 7321
f 7335 7321 7344
f 7335 7344 7369
f 7321 7282 7309
f 7321 7309 7344
f 7309 7282 7283
f 7344 7309 7345
f 7344 7345 7361
f 7309 7283 7306
f 7309 7306 7345
f 7345 7306 7324
f 7345 7324 7342
f 7283 7282 7255
f 7255 7282 7264
f 7283 7255 7248
f 7248 7255 7222
f 7255 7264 7240
f 7255 7240 7222
f 7240 7264 7233
f 7248 7222 7217
f 7240 7233 7211
f 7211 7233 7193
f 7211 7193 7145
f 7240 7211 7215
f 7240 7215 7222
f 7211 7145 7181
f 7211 7181 7215
f 7181 7145 7117
f 7215 7181 7173
f 7173 7181 7117
f 7215 7173 7222
f 7173 7117 7121
f 7183 7217 7222
f 7183 7222 7173
f 7217 7183 7184
f 7173 7121 7136
f 7173 7136 7183
f 7136 7121 7049
f 7184 7183 7144
f 7144 7183 7136
f 7144 7136 7049
f 7184 7144 7142
f 7144 7049 7082
f 7144 7082 7142
f 6853 6902 6835
f 6853 6835 6785
f 6785 6835 6747
f 6902 6853 6892
f 6892 6853 6785
f 6902 6892 6956
f 6902 6956 6942
f 6942 6956 7049
f 7049 6956 7035
f 7049 7035 7082
f 7035 6956 7000
f 7035 7000 7082
f 7000 6956 6892
f 7082 7000 7027
f 7027 7000 6892
f 6888 6892 6785
f 6892 6888 7027
f 6888 6785 6789
f 7027 6888 7008
s 0
f 7027 7008 7087
f 7087 7008 7050
s 1
f 7008 6888 6976
f 7008 6976 7050
f 6888 6789 6821
f 6821 6789 6771
f 6976 6888 6894
f 6894 6888 6821
s 0
f 7050 6976 6977
f 6977 6976 6894
f 7050 6977 7053
s 1
f 6821 6771 6792
f 6821 6792 6894
f 6792 6771 6750
s 0
f 6792 6750 6737
s 1
f 7053 6977 7063
s 0
f 6894 6792 6828
f 6828 6792 6737
f 6909 6977 6894
f 6909 6894 6828
s 1
f 7063 6977 6995
f 7063 6995 7064
s 0
f 6977 6909 6914
f 6977 6914 6995
s 1
f 7064 6995 6988
f 6988 6995 6914
f 6815 6828 6737
f 6815 6737 6716
s 0
f 6863 6909 6828
f 6909 6863 6914
s 1
f 6863 6828 6815
f 6815 6716 6774
f 6914 6863 6874
f 6874 6863 6815
f 6874 6815 6819
f 6819 6815 6774
f 6914 6874 6915
f 6914 6915 6988
f 6874 6819 6876
f 6876 6819 6774
f 6874 6876 6915
f 6988 6915 6969
f 6988 6969 7076
f 6915 6876 6917
f 6915 6917 6969
f 7076 6969 6999
f 6999 6969 6917
f 6960 7016 6999
f 6960 6999 6908
f 6908 6999 6917
f 6908 6917 6861
f 6850 6917 6876
f 6917 6850 6861
f 6850 6876 6774
f 6861 6850 6809
f 6809 6850 6774
f 6861 6809 6842
f 6809 6774 6735
f 6809 6735 6842
f 6527 6452 6555
f 6527 6555 6600
s 0
f 6527 6600 6654
s 1
f 6654 6600 6653
f 6654 6653 6736
f 6654 6736 6715
f 6715 6736 6784
f 6654 6715 6668
f 6668 6715 6780
f 6527 6654 6580
f 6580 6654 6668
f 6527 6580 6540
f 6527 6540 6430
f 6430 6540 6456
f 6456 6540 6544
f 6544 6540 6580
f 6456 6544 6480
f 6580 6668 6636
f 6580 6636 6544
f 6689 6668 6780
f 6668 6689 6636
f 6689 6780 6786
f 6689 6786 6758
f 6689 6758 6688
f 6689 6688 6636
f 6688 6758 6753
f 6688 6753 6670
f 6636 6688 6633
f 6636 6633 6544
f 6633 6688 6670
f 6670 6753 6764
f 6633 6670 6617
f 6670 6764 6673
f 6673 6764 6746
f 6617 6670 6598
f 6598 6670 6673
f 6633 6617 6569
f 6569 6617 6598
f 6633 6569 6544
f 6673 6746 6680
f 6680 6746 6760
f 6598 6673 6607
f 6607 6673 6680
f 6680 6760 6656
f 6680 6656 6607
f 6656 6760 6761
f 6656 6761 6666
f 6656 6666 6620
f 6598 6607 6564
f 6598 6564 6569
f 6607 6656 6581
f 6607 6581 6564
f 6656 6620 6610
f 6656 6610 6581
f 6610 6620 6568
f 6610 6568 6581
f 6568 6620 6565
f 6530 6569 6564
f 6569 6530 6544
f 6544 6530 6480
f 6480 6530 6497
f 6497 6530 6564
f 6497 6564 6581
f 6548 6581 6568
f 6581 6548 6497
f 6497 6548 6496
f 6497 6496 6463
f 6548 6568 6526
f 6548 6526 6496
f 6526 6568 6565
f 6496 6526 6483
f 6483 6526 6481
f 6481 6526 6565
f 6481 6565 6513
f 7753 7661 7612
f 7976 8050 8004
f 7976 8004 7927
f 8004 8050 8082
f 8082 8050 8105
f 7927 8004 8034
f 8034 8004 8082
f 7927 8034 7990
f 8082 8105 8141
f 8141 8105 8160
f 8082 8141 8101
s 0
f 8082 8101 8034
s 1
f 8101 8141 8179
s 0
f 8101 8179 8140
f 8034 8101 8063
f 8063 8101 8140
f 8034 8063 7990
f 7990 8063 7993
f 7990 7993 7912
s 1
f 8063 8140 8067
s 0
f 8063 8067 7993
f 8067 8140 8118
f 8118 8140 8211
f 8118 8211 8155
s 1
f 8067 8118 8074
f 8074 8118 8155
f 7993 8067 8032
f 8032 8067 8074
f 7993 8032 7940
f 8074 8155 8132
f 8132 8155 8203
f 8132 8203 8205
f 8074 8132 8077
f 8074 8077 8032
f 8132 8205 8107
f 8132 8107 8077
f 8107 8205 8158
f 8077 8107 8065
f 8065 8107 8158
f 8032 8077 8040
f 8040 8077 8065
f 7977 7940 8032
f 7940 7977 7942
f 7942 7977 7945
f 7977 8032 8007
f 7977 8007 7945
f 8007 8032 8040
f 7945 8007 8030
f 8030 8007 8040
f 8030 8040 8065
f 7945 8030 7978
f 7978 8030 8037
f 8037 8030 8065
f 7978 8037 7936
f 7936 8037 8027
f 8027 8037 8065
f 7936 8027 7997
f 7997 8027 8000
f 8027 8065 8076
f 8027 8076 8071
f 8076 8065 8121
f 8076 8121 8115
f 8121 8065 8158
f 8115 8121 8166
f 8121 8158 8198
f 8121 8198 8166
f 8198 8158 8229
f 8166 8198 8234
f 7422 6261 7426
f 7426 6261 6265
f 7426 6265 7427
f 6265 6261 6325
f 7427 6265 7416
f 6265 6325 6340
f 6340 6325 6430
f 7416 6265 6248
f 7416 6248 7420
f 6265 6340 6344
f 6265 6344 6248
f 6340 6430 6399
f 6340 6399 6344
f 7420 6248 6266
f 6266 6248 6344
f 7420 6266 6244
f 7420 6244 6222
f 6266 6344 6314
f 6244 6266 6317
f 6317 6266 6314
f 6314 6344 6364
f 6364 6344 6399
f 6314 6364 6317
f 6222 6244 6277
f 6277 6244 6317
f 6223 7445 6222
f 6223 6222 6277
f 6317 6364 6410
f 6410 6364 6396
f 6396 6364 6381
f 6381 6364 6399
f 6396 6381 6386
f 6396 6386 6410
f 6386 6381 6393
f 6393 6381 6399
f 6386 6393 6384
f 6386 6384 6410
f 6384 6393 6401
f 6393 6399 6406
f 6393 6406 6401
f 6406 6399 6422
f 6406 6422 6423
f 6406 6423 6401
f 6422 6399 6435
f 6435 6399 6430
f 6435 6430 6456
f 6422 6435 6436
f 6422 6436 6423
f 6435 6456 6449
f 6435 6449 6436
f 6449 6456 6472
f 6472 6456 6480
f 6436 6449 6445
f 6445 6449 6472
f 6423 6436 6442
f 6442 6436 6445
f 6472 6480 6477
f 6477 6480 6497
f 6445 6472 6461
f 6477 6497 6469
f 6472 6477 6478
f 6472 6478 6461
f 6478 6477 6469
f 6469 6497 6463
f 6478 6469 6474
f 6445 6461 6454
f 6445 6454 6442
f 6461 6478 6468
f 6468 6478 6474
f 6461 6468 6454
f 6474 6469 6473
f 6474 6473 6468
f 6473 6469 6463
f 6454 6468 6455
f 6454 6455 6442
f 6455 6468 6473
f 6442 6455 6443
f 6442 6443 6432
f 6442 6432 6423
f 6443 6455 6448
f 6423 6432 6420
f 6423 6420 6401
f 6432 6443 6427
f 6432 6427 6420
f 6427 6443 6448
f 6401 6420 6404
f 6404 6420 6427
f 6460 6448 6455
f 6460 6455 6473
f 6427 6448 6441
f 6448 6460 6457
f 6448 6457 6441
f 6457 6460 6471
f 6471 6460 6473
f 6471 6473 6465
f 6465 6473 6463
f 6465 6463 6464
f 6464 6463 6496
f 6464 6496 6470
f 6464 6470 6465
f 6470 6496 6483
f 6471 6465 6476
f 6476 6465 6470
f 6471 6476 6459
f 6471 6459 6457
f 6476 6470 6479
f 6479 6470 6483
f 6459 6476 6462
f 6462 6476 6479
f 6457 6459 6450
f 6457 6450 6441
f 6479 6483 6475
f 6479 6475 6462
f 6475 6483 6453
f 6459 6462 6447
f 6459 6447 6450
f 6462 6475 6446
f 6462 6446 6447
f 6446 6475 6453
f 6450 6447 6438
f 6450 6438 6441
f 6447 6446 6439
f 6439 6446 6453
f 6447 6439 6438
f 6481 6453 6483
f 6439 6453 6424
f 6424 6453 6481
f 6438 6439 6417
f 6417 6439 6424
f 6438 6417 6418
f 6424 6481 6351
f 6513 6366 6481
f 6481 6366 6351
f 6351 6366 6321
f 6438 6418 6425
f 6438 6425 6441
f 6441 6425 6429
f 6441 6429 6427
f 6427 6429 6414
f 6414 6429 6425
f 6427 6414 6404
f 6425 6418 6408
f 6425 6408 6414
f 6408 6418 6400
f 6400 6418 6417
f 6414 6408 6398
f 6414 6398 6404
f 6408 6400 6387
f 6408 6387 6398
f 6400 6417 6390
f 6400 6390 6387
f 6390 6417 6424
f 6390 6424 6351
f 6390 6351 6380
f 6390 6380 6387
f 6388 6404 6398
f 6385 6398 6387
f 6398 6385 6388
f 6404 6388 6389
f 6404 6389 6401
f 6401 6389 6384
f 6389 6388 6394
f 6389 6394 6384
f 6394 6388 6385
f 6384 6394 6410
f 6410 6394 6413
f 6410 6413 6361
f 6413 6394 6412
f 6412 6394 6385
f 6413 6412 6361
f 6410 6361 6317
f 6412 6385 6383
f 6383 6385 6387
f 6383 6387 6382
f 6412 6383 6407
f 6407 6383 6382
f 6412 6407 6361
f 6382 6387 6380
f 6382 6380 6407
f 6407 6380 6361
f 6328 6317 6361
f 6328 6361 6380
f 6317 6328 6277
f 6328 6380 6336
f 6328 6336 6277
f 6336 6380 6351
f 6336 6351 6321
f 6336 6321 6295
f 6336 6295 6277
f 6277 6295 6267
f 6277 6267 6223
f 6267 6295 6252
f 6223 6267 6235
f 6235 6267 6252
f 6223 6235 6210
f 6210 6235 6252
f 6223 6210 7441
f 6210 6252 6215
f 6210 6215 7435
f 7105 7085 7045
f 7085 7105 7119
f 7119 7105 7154
f 7154 7105 7159
f 7085 7119 7137
f 7137 7119 7154
f 7154 7159 7198
f 7198 7159 7192
f 7198 7192 7218
f 7154 7198 7186
f 7154 7186 7137
f 7198 7218 7247
f 7198 7247 7186
f 7247 7218 7250
f 7247 7250 7280
f 7186 7247 7179
f 7186 7179 7137
f 7179 7247 7244
f 7179 7244 7231
f 7137 7179 7111
f 7137 7111 7085
f 7085 7111 7055
f 7055 7111 7067
f 7111 7179 7110
f 7111 7110 7067
f 7179 7231 7169
f 7179 7169 7110
f 7169 7231 7188
f 7188 7231 7241
f 7188 7241 7203
f 7169 7188 7123
f 7169 7123 7110
f 7188 7203 7149
f 7188 7149 7123
f 7149 7203 7189
f 7149 7189 7109
f 7149 7109 7123
f 7109 7189 7140
f 7110 7123 7106
f 7110 7106 7067
f 7106 7123 7109
f 7067 7106 7069
f 7069 7106 7109
f 7069 7109 7072
f 7109 7140 7116
f 7109 7116 7072
f 7116 7140 7107
f 7072 7116 7068
f 7068 7116 7107
f 7072 7068 7036
f 7068 7107 7081
f 7081 7107 7114
f 7068 7081 7052
f 7068 7052 7023
f 7052 7081 7039
f 7039 7081 7071
f 7039 7071 7031
f 6838 6784 6736
f 6784 6838 6780
f 6784 6780 6715
f 6780 6838 6871
f 6871 6838 6913
f 6871 6913 6921
f 6780 6871 6829
f 6780 6829 6786
f 6871 6921 6884
f 6871 6884 6829
f 6884 6921 6936
f 6936 6921 7012
f 6786 6829 6801
f 6786 6801 6758
f 6829 6884 6845
f 6829 6845 6801
f 6758 6801 6753
f 6845 6884 6934
f 6934 6884 6936
f 6936 7012 7025
f 6936 7025 6934
f 7025 7012 7069
f 7025 7069 7072
f 7025 7072 6996
f 7025 6996 6934
f 6996 7072 7036
f 6864 6845 6934
f 6845 6864 6851
f 6845 6851 6801
f 6864 6934 6899
s 0
f 6864 6899 6851
s 1
f 6934 6996 6925
f 6934 6925 6899
f 6953 6996 7036
f 6996 6953 6925
f 6953 7036 7023
f 7023 7036 7068
f 6925 6953 6932
f 6925 6932 6899
f 6932 6953 7023
f 6899 6932 6919
f 6919 6932 7023
f 6869 6851 6899
f 6869 6899 6919
f 6851 6869 6822
f 6851 6822 6801
f 6822 6869 6852
f 6852 6869 6919
f 6801 6822 6788
f 6788 6822 6852
f 6801 6788 6753
f 6753 6788 6764
f 6764 6788 6746
f 6746 6788 6795
f 6795 6788 6852
f 6746 6795 6760
f 6760 6795 6761
f 6761 6795 6800
f 6800 6795 6834
f 6834 6795 6857
f 6857 6795 6852
f 6834 6857 6860
f 6860 6857 6890
f 6860 6890 6943
f 6857 6852 6900
f 6857 6900 6890
f 6900 6852 6919
f 6943 6890 6947
f 6947 6890 6900
f 6943 6947 7031
f 6943 7031 7021
f 7031 6947 7039
f 6947 6900 6945
f 6945 6900 6919
f 6947 6945 7039
f 6945 6919 6990
f 6945 6990 7039
f 6990 6919 7023
f 7039 6990 7052
f 7052 6990 7023
f 7436 7520 7484
s 0
f 7436 7484 6227
f 6227 7484 7418
s 1
f 7484 7520 7558
f 7558 7520 7612
f 7558 7612 7637
f 7637 7612 7716
f 7558 7637 7620
s 0
f 7620 7637 7720
f 7620 7720 7645
s 1
f 7558 7620 7532
s 0
f 7558 7532 7484
f 7532 7620 7645
f 7484 7532 7468
s 1
f 7484 7468 7418
s 0
f 7532 7645 7535
f 7532 7535 7468
f 7418 7468 7437
f 7418 7437 6216
s 1
f 6216 7437 7423
s 0
f 7437 7468 7477
f 7477 7468 7535
s 1
f 7423 7437 7449
f 7449 7437 7477
f 7423 7449 7442
f 7442 7449 7492
f 7477 7535 7515
f 7449 7477 7496
f 7449 7496 7492
f 7496 7477 7515
f 7492 7496 7533
f 7492 7533 7493
f 7496 7515 7557
f 7496 7557 7533
f 7557 7515 7535
f 7493 7533 7546
f 7546 7533 7557
f 7557 7535 7575
f 7575 7535 7645
f 7575 7645 7684
f 7575 7684 7658
f 7575 7658 7557
f 7557 7658 7631
f 7557 7631 7546
f 7546 7631 7601
f 7601 7631 7673
f 7546 7601 7593
f 7593 7601 7676
f 7612 7753 7716
f 7716 7753 7799
f 7799 7753 7927
s 0
f 7716 7799 7720
f 7716 7720 7637
s 1
f 7799 7927 7912
f 7912 7927 7990
s 0
f 7720 7799 7780
f 7780 7799 7912
s 1
f 7645 7720 7684
s 0
f 7780 7912 7910
f 7910 7912 7993
s 1
f 7910 7993 7940
f 7780 7910 7858
f 7858 7910 7940
f 7743 7720 7780
f 7720 7743 7684
f 7743 7780 7858
f 7858 7940 7871
f 7871 7940 7942
f 7743 7858 7755
f 7755 7858 7871
f 7684 7743 7701
f 7701 7743 7755
f 7684 7701 7658
f 7871 7942 7800
f 7755 7871 7752
f 7755 7752 7701
f 7752 7871 7800
f 7800 7942 7945
f 7701 7752 7711
f 7701 7711 7658
f 7752 7800 7766
f 7752 7766 7711
f 7800 7945 7875
f 7800 7875 7766
f 7875 7945 7941
f 7941 7945 7978
f 7941 7978 7936
f 7941 7936 7875
f 7673 7658 7711
f 7658 7673 7631
f 7673 7711 7713
f 7713 7711 7766
f 7673 7713 7676
f 7673 7676 7601
f 7713 7766 7704
f 7713 7704 7676
f 7676 7704 7675
f 7676 7675 7644
f 7676 7644 7593
f 7704 7766 7769
f 7769 7766 7875
f 7704 7769 7762
f 7704 7762 7709
f 7769 7875 7844
f 7769 7844 7762
f 7844 7875 7936
f 7762 7844 7768
f 7768 7844 7899
f 7899 7844 7936
f 7768 7899 7901
f 7899 7936 7938
f 7899 7938 7901
f 7938 7936 7997
f 7901 7938 7951
f 7951 7938 7997
f 7848 7954 7898
f 7954 7848 7896
f 7954 7896 7952
f 7896 7848 7865
f 7952 7896 7885
f 7885 7896 7865
f 7952 7885 7950
f 7885 7865 7861
f 7885 7861 7874
f 7874 7861 7862
f 7885 7874 7889
f 7889 7874 7867
f 7950 7885 7869
f 7869 7885 7889
f 7889 7867 7890
f 7890 7867 7878
f 7889 7890 7886
f 7889 7886 7869
f 7886 7890 7894
f 7886 7894 7869
f 7894 7890 7884
f 7894 7884 7869
f 7884 7890 7887
f 7884 7887 7891
f 7859 7950 7869
f 7859 7869 7884
f 7950 7859 7955
f 7884 7891 7870
f 7884 7870 7859
f 7870 7891 7888
f 7955 7859 7850
f 7850 7859 7870
f 7955 7850 7957
f 7870 7888 7881
f 7870 7881 7850
f 7881 7888 7877
f 7881 7877 7883
f 7881 7883 7854
f 7881 7854 7850
f 7854 7883 7892
f 7897 7957 7850
f 7897 7850 7854
f 7957 7897 7966
f 7966 7897 7893
f 7897 7854 7866
f 7866 7854 7892
f 7897 7866 7893
f 7866 7892 7895
f 7866 7895 7893
f 7893 7895 7876
f 7100 7082 7027
s 0
f 7100 7027 7087
s 1
f 7082 7100 7142
s 0
f 7100 7087 7135
s 1
f 7142 7100 7164
f 7164 7100 7135
f 7142 7164 7184
f 7164 7135 7194
f 7184 7164 7225
f 7225 7164 7194
s 0
f 7194 7135 7152
s 1
f 7184 7225 7217
f 7194 7152 7182
s 0
f 7182 7152 7138
f 7182 7138 7131
f 7182 7131 7196
f 7196 7131 7133
f 7182 7196 7223
s 1
f 7194 7182 7227
s 0
f 7227 7182 7223
s 1
f 7194 7227 7225
s 0
f 7227 7223 7254
s 1
f 7227 7254 7225
s 0
f 7254 7223 7260
s 1
f 7254 7260 7285
f 7254 7285 7278
f 7254 7278 7225
f 7278 7285 7312
f 7225 7278 7252
f 7225 7252 7217
f 7217 7252 7248
f 7252 7278 7291
f 7252 7291 7248
f 7291 7278 7312
f 7248 7291 7283
f 7283 7291 7306
f 7306 7291 7312
f 7306 7312 7324
f 7324 7312 7342
f 7954 8024 8028
f 8028 8024 8078
f 8024 7954 7952
f 8078 8024 8120
f 8078 8120 8162
f 8024 7952 8009
f 8009 7952 7950
f 8009 7950 7955
f 8120 8024 8097
f 8097 8024 8009
f 8120 8097 8201
f 8009 7955 8013
f 8009 8013 8097
f 8013 7955 7957
f 8201 8097 8117
f 8201 8117 8195
f 8097 8013 8070
f 8097 8070 8117
f 8195 8117 8207
f 8070 8013 8021
f 8021 8013 7957
f 8021 7957 7966
f 8070 8021 8057
f 8070 8057 8117
f 8021 7966 7981
f 8021 7981 8057
f 8085 8207 8117
f 8085 8117 8057
f 8057 7981 8023
f 8023 7981 8019
f 8019 7981 7962
f 8019 7962 7973
f 8023 8019 8061
f 8023 8061 8057
f 8057 8061 8085
f 8129 8207 8085
f 8129 8085 8061
f 8129 8061 8109
f 8207 8129 8175
f 8129 8109 8163
f 8129 8163 8175
f 8175 8163 8216
f 8243 8258 8162
f 8243 8162 8120
f 8243 8120 8201
f 8258 8243 8300
f 8258 8300 8318
f 8300 8243 8273
f 8273 8243 8201
f 8273 8201 8195
f 8273 8195 8245
f 8273 8245 8303
f 8245 8195 8207
f 8303 8245 8275
f 8245 8207 8175
f 8275 8245 8238
f 8238 8245 8175
f 8275 8238 8285
f 8238 8175 8216
f 8238 8216 8221
f 7280 7277 7247
f 7247 7277 7244
f 7277 7280 7299
f 7244 7277 7257
f 7244 7257 7231
f 7231 7257 7269
f 7269 7257 7287
f 7287 7257 7277
f 7277 7299 7303
f 7277 7303 7287
f 7287 7303 7310
f 7303 7299 7322
f 7310 7303 7323
f 7323 7303 7322
f 7323 7322 7336
s 0
f 7717 7774 7707
f 7717 7707 7662
s 1
f 7774 7717 7801
f 7717 7662 7697
f 7801 7717 7798
f 7801 7798 7815
f 7815 7798 7796
f 7798 7717 7777
f 7777 7717 7697
f 7796 7798 7803
f 7803 7798 7777
f 7796 7803 7808
f 7808 7803 7777
f 7796 7808 7795
f 7777 7697 7702
f 7702 7697 7664
f 7664 7697 7610
f 7777 7702 7761
f 7702 7664 7668
f 7702 7668 7761
f 7668 7664 7611
f 7668 7611 7666
f 7812 7808 7777
f 7812 7777 7761
f 7808 7812 7804
f 7808 7804 7795
f 7812 7761 7810
f 7812 7810 7804
f 7795 7804 7797
f 7795 7797 7809
f 7797 7804 7805
f 7805 7804 7818
f 7818 7804 7810
f 7818 7810 7807
f 7754 7810 7761
f 7810 7754 7807
f 7818 7807 7819
f 7754 7761 7726
f 7726 7761 7668
f 7726 7668 7666
f 7726 7666 7724
f 7726 7724 7754
f 7562 7683 7666
f 7666 7683 7724
f 7724 7683 7691
f 7724 7691 7730
f 7724 7730 7770
f 7770 7730 7708
f 7754 7724 7765
f 7765 7724 7770
f 7754 7765 7789
f 7787 7807 7754
f 7787 7754 7789
f 7807 7787 7794
f 7787 7789 7790
f 7787 7790 7794
f 7807 7794 7806
f 7806 7794 7790
f 7807 7806 7819
f 7791 7789 7765
f 7790 7789 7792
f 7792 7789 7791
f 7791 7765 7786
f 7786 7765 7770
f 7806 7790 7793
f 7793 7790 7792
f 7811 7819 7806
f 7811 7806 7793
f 7819 7811 7822
f 7819 7822 7817
f 7811 7793 7813
f 7811 7813 7822
f 7793 7792 7814
f 7793 7814 7813
f 7814 7792 7824
f 7824 7792 7791
f 7824 7791 7825
f 7825 7791 7786
f 7824 7825 7836
f 7814 7824 7829
f 7829 7824 7836
f 7828 7813 7814
f 7828 7814 7829
f 7813 7828 7827
f 7813 7827 7822
f 7822 7827 7830
f 7822 7830 7826
f 7826 7830 7840
f 7840 7830 7827
f 7828 7829 7838
f 7838 7829 7836
f 7833 7827 7828
f 7827 7833 7840
f 7833 7828 7838
f 7840 7833 7845
f 7845 7833 7838
f 7840 7845 7853
f 7838 7836 7851
f 7838 7851 7845
f 7853 7845 7863
f 7853 7863 7877
f 7863 7845 7864
f 7863 7864 7877
f 7864 7845 7851
f 7877 7864 7883
f 7864 7851 7873
f 7864 7873 7883
f 7883 7873 7879
f 7883 7879 7892
f 7892 7879 7895
f 7879 7873 7868
f 7879 7868 7895
f 7868 7873 7851
f 7895 7868 7876
f 7868 7851 7855
f 7868 7855 7876
f 7855 7851 7836
f 7855 7836 7852
f 7855 7852 7876
f 7852 7836 7825
f 7852 7825 7786
f 7876 7852 7909
f 7909 7852 7786
f 7876 7909 7893
f 7909 7786 7770
f 7893 7909 7981
f 7893 7981 7966
f 7981 7909 7962
f 7962 7909 7770
f 7962 7770 7905
f 7905 7770 7772
f 7962 7905 7973
f 7973 7905 7967
f 8300 8357 8318
f 8357 8300 8273
f 8318 8357 8405
f 8357 8273 8303
f 8405 8357 8404
f 8357 8303 8368
f 8357 8368 8404
f 8368 8303 8328
f 8328 8303 8275
f 8328 8275 8325
f 8328 8325 8368
f 8325 8275 8285
f 8368 8325 8395
f 8368 8395 8404
f 8404 8395 8434
f 8440 8405 8404
f 8440 8404 8434
f 8405 8440 8453
f 8440 8434 8463
f 8463 8434 8458
f 8453 8440 8470
f 8470 8440 8463
f 8453 8470 8480
f 8453 8480 8472
f 8480 8470 8486
f 8470 8463 8484
f 8470 8484 8486
s 0
f 8484 8463 8488
s 1
f 8488 8463 8482
f 8486 8484 8504
f 8486 8504 8480
f 8484 8488 8508
f 8484 8508 8504
f 8508 8488 8507
f 8480 8504 8512
f 8508 8507 8529
f 8529 8507 8526
f 8529 8526 8552
f 8529 8552 8554
f 8554 8552 8571
f 8508 8529 8519
f 8519 8529 8554
f 8515 8504 8508
f 8515 8508 8519
f 8504 8515 8512
f 8554 8571 8576
f 8576 8571 8584
f 8519 8554 8550
f 8554 8576 8573
f 8554 8573 8550
f 8576 8584 8589
f 8576 8589 8573
f 8589 8584 8602
f 8536 8515 8519
f 8536 8519 8550
f 8515 8536 8535
f 8515 8535 8512
f 8536 8550 8555
f 8555 8550 8573
f 8535 8536 8541
f 8541 8536 8555
f 8535 8541 8512
f 8555 8573 8565
f 8555 8565 8541
f 8512 8541 8542
f 8542 8541 8565
f 8518 8500 8512
f 8518 8512 8542
f 8565 8573 8583
f 8583 8573 8589
f 8583 8589 8597
f 8597 8589 8602
f 8597 8602 8599
f 8597 8599 8583
f 8599 8602 8603
f 8565 8583 8581
f 8581 8583 8599
f 8565 8581 8564
f 8565 8564 8542
f 8599 8603 8601
f 8601 8603 8596
f 8581 8599 8594
f 8594 8599 8601
f 8564 8581 8577
f 8577 8581 8594
f 8542 8564 8558
f 8558 8564 8577
f 8542 8558 8544
f 8542 8544 8518
f 8518 8544 8532
f 8544 8558 8568
f 8568 8558 8577
f 8532 8544 8543
f 8543 8544 8568
f 8532 8543 8525
f 8525 8543 8527
f 8527 8543 8561
f 8561 8543 8568
f 8527 8561 8530
f 8568 8577 8578
f 8568 8578 8561
f 8578 8577 8590
f 8590 8577 8594
f 8561 8578 8574
f 8574 8578 8590
f 8530 8561 8560
f 8560 8561 8574
f 8530 8560 8537
f 8590 8594 8593
f 8593 8594 8601
f 8593 8601 8596
f 8574 8590 8579
f 8579 8590 8593
f 8574 8579 8560
f 8593 8596 8587
f 8593 8587 8579
f 8587 8596 8575
f 8587 8575 8562
f 8579 8587 8567
f 8567 8587 8562
f 8579 8567 8560
f 8560 8567 8546
f 8546 8567 8562
f 8560 8546 8537
f 8537 8546 8531
f 8531 8546 8521
f 8521 8546 8562
f 8521 8562 8538
f 7135 7087 7152
s 0
f 7152 7087 7050
f 7152 7050 7138
f 7138 7050 7053
s 1
f 7138 7053 7063
f 7138 7063 7102
s 0
f 7138 7102 7131
f 7131 7102 7133
s 1
f 7102 7063 7064
s 0
f 7133 7102 7099
f 7102 7064 7076
f 7102 7076 7099
s 1
f 7076 7064 6988
f 7099 7076 7065
f 7065 7076 6999
f 7353 7336 7322
f 7336 7353 7347
f 7336 7347 7323
f 7323 7347 7341
f 7323 7341 7310
f 7347 7353 7368
f 7310 7341 7317
f 7347 7368 7371
f 7347 7371 7341
f 7368 7353 7387
f 7369 7353 7335
f 7353 7369 7387
f 7361 7369 7344
f 7369 7361 7378
f 7369 7378 7387
f 7378 7361 7360
f 7360 7361 7345
f 7360 7345 7342
f 7378 7360 7373
f 7360 7342 7356
f 7360 7356 7373
f 7387 7378 7395
f 7395 7378 7373
f 7387 7395 7406
f 7395 7373 7383
f 7383 7373 7356
f 7395 7383 7400
f 7395 7400 7406
f 7383 7356 7381
f 7383 7381 7400
f 7331 7356 7342
f 7331 7342 7312
f 7381 7356 7354
f 7354 7356 7331
f 7331 7312 7314
f 7314 7312 7285
f 7331 7314 7318
f 7318 7314 7285
f 7354 7331 7337
f 7337 7331 7318
f 7381 7354 7372
f 7354 7337 7357
f 7354 7357 7372
f 7337 7318 7338
f 7337 7338 7357
f 7381 7372 7392
f 7381 7392 7400
f 7392 7372 7391
f 7391 7372 7357
f 7400 7392 7407
f 7357 7338 7332
f 7357 7332 7355
f 7357 7355 7377
f 7357 7377 7391
f 7332 7338 7315
f 7315 7338 7318
f 7391 7377 7399
f 7399 7377 7396
f 7399 7396 7409
f 7391 7399 7402
f 7391 7402 7392
f 7392 7402 7407
f 7402 7399 7411
f 7411 7399 7409
f 7402 7411 7407
f 7411 7409 7408
f 7408 7409 7405
f 7407 7411 7410
f 7411 7408 7404
f 7411 7404 7410
f 7407 7410 7406
f 7407 7406 7400
f 7406 7410 7401
f 7401 7410 7404
f 7406 7401 7389
f 7406 7389 7387
f 7387 7389 7368
f 7368 7389 7371
f 7389 7401 7390
f 7390 7401 7404
f 7389 7390 7371
f 7398 7404 7408
f 7398 7408 7397
f 7398 7397 7380
f 7404 7398 7393
f 7404 7393 7390
f 7398 7380 7379
f 7398 7379 7393
f 7390 7393 7376
f 7376 7393 7379
f 7390 7376 7371
f 7379 7380 7366
f 7366 7380 7359
f 7376 7379 7363
f 7376 7363 7371
f 7363 7379 7366
f 7366 7359 7340
f 7371 7363 7349
f 7371 7349 7341
f 7363 7366 7351
f 7363 7351 7349
f 7351 7366 7340
f 7341 7349 7333
f 7333 7349 7351
f 7333 7351 7340
f 7341 7333 7317
f 7333 7340 7319
f 7333 7319 7317
f 7319 7340 7326
f 7319 7326 7297
f 7319 7297 7317
f 7317 7297 7292
f 7292 7297 7268
s 0
f 8155 8211 8203
f 8203 8211 8252
s 1
f 8203 8252 8205
f 8205 8252 8226
f 8205 8226 8158
f 8158 8226 8229
f 8324 8320 8435
f 8320 8324 8284
f 8284 8324 8346
f 8284 8346 8311
f 8324 8435 8387
f 8324 8387 8346
f 8387 8435 8421
f 8421 8435 8451
f 8387 8421 8413
f 8413 8421 8451
f 8387 8413 8346
f 8413 8451 8449
f 8413 8449 8411
f 8413 8411 8382
f 8346 8413 8340
f 8340 8413 8382
f 8346 8340 8311
f 8340 8382 8308
f 8340 8308 8294
f 8340 8294 8311
f 8311 8294 8267
s 0
f 8211 8271 8252
s 1
f 8252 8271 8284
f 8284 8271 8320
f 8252 8284 8226
f 8226 8284 8311
f 8226 8311 8267
f 8226 8267 8229
f 8229 8267 8234
f 8229 8234 8198
f 8234 8267 8253
f 8253 8267 8294
f 8234 8253 8215
f 6664 6593 6642
f 6664 6642 6737
f 6737 6642 6677
f 6737 6677 6716
f 6642 6593 6606
f 6642 6606 6677
f 6606 6593 6524
f 6524 6593 6529
f 6524 6529 6373
f 6606 6524 6602
f 6606 6602 6677
f 6402 6550 6524
f 6524 6550 6602
f 6602 6550 6599
f 6599 6550 6531
f 6677 6602 6674
f 6677 6674 6716
f 6716 6674 6774
f 6774 6674 6735
f 6674 6602 6661
f 6674 6661 6735
f 6661 6602 6599
f 6735 6661 6662
f 6662 6661 6599
f 6735 6662 6745
f 6745 6662 6655
f 6655 6662 6608
f 6608 6662 6599
f 6655 6608 6660
f 6608 6599 6520
f 6520 6599 6531
f 6608 6520 6561
f 6520 6531 6395
f 6561 6520 6518
f 6518 6520 6395
f 7269 7241 7231
f 7189 7203 7241
f 7241 7269 7268
f 7268 7269 7292
f 7292 7269 7287
f 7292 7287 7310
f 7292 7310 7317
f 7189 7241 7236
f 7236 7241 7268
f 7189 7236 7201
f 7189 7201 7140
f 7236 7268 7266
f 7266 7268 7297
f 7266 7297 7267
f 7266 7267 7238
f 7266 7238 7236
f 7236 7238 7200
f 7236 7200 7201
f 7200 7238 7210
f 7200 7210 7171
f 7201 7200 7157
f 7157 7200 7171
f 7201 7157 7140
f 7157 7171 7114
f 7140 7157 7107
f 7107 7157 7114
f 6339 6341 6278
f 6278 6341 6250
f 6339 6278 6285
f 6278 6250 6232
f 6278 6232 6285
f 6216 7423 6250
f 6250 7423 6232
f 6232 7423 7442
f 6232 7442 7440
f 6232 7440 6264
f 6232 6264 6285
f 6264 7440 7431
f 6323 6339 6285
f 6264 7431 6246
f 6246 7431 6231
f 6231 7431 7446
f 6246 6231 6289
f 6246 6289 6264
f 6264 6289 6300
f 6264 6300 6285
f 6300 6289 6306
f 6285 6300 6345
s 0
f 6345 6300 6306
s 1
f 6285 6345 6323
f 6345 6306 6395
f 6395 6306 6374
f 6395 6374 6518
f 6345 6395 6368
f 6345 6368 6323
f 6368 6395 6531
f 6323 6368 6339
f 6339 6368 6402
f 6402 6368 6550
f 7260 7256 7285
f 7285 7256 7289
f 7285 7289 7318
f 7318 7289 7315
f 7315 7289 7288
f 7315 7288 7316
f 7288 7289 7256
f 7288 7256 7263
s 0
f 7263 7256 7212
f 7235 7256 7260
f 7256 7235 7212
f 7235 7260 7223
f 7212 7235 7196
f 7196 7235 7223
s 1
f 6550 6368 6531
f 6223 7441 7445
f 7445 7441 7480
f 7480 7441 7435
f 7435 7441 6210
f 7480 7435 7467
f 7424 7435 6215
f 7435 7424 7465
f 7435 7465 7467
f 7465 7424 7470
f 7470 7424 6209
f 7467 7465 7514
f 7514 7465 7470
f 7524 7480 7467
f 7480 7524 7509
f 7470 6209 7482
f 7482 6209 6208
f 7514 7470 7519
f 7519 7470 7482
f 7482 6208 6207
f 7524 7467 7523
f 7523 7467 7514
f 7524 7523 7560
f 7524 7560 7562
f 7523 7514 7563
f 7523 7563 7560
f 7562 7560 7683
f 7683 7560 7563
f 7563 7514 7519
f 7683 7563 7691
f 7691 7563 7570
f 7570 7563 7519
f 7691 7570 7599
f 7599 7570 7519
f 7510 7519 7482
f 7519 7510 7599
f 7510 7482 7476
f 7476 7482 6207
f 7599 7510 7526
f 7526 7510 7476
f 7476 6207 7469
f 7469 6207 7417
f 7526 7476 7530
f 7530 7476 7469
f 7599 7526 7569
f 7569 7526 7530
f 7599 7569 7621
f 7599 7621 7685
f 7621 7569 7677
f 7677 7569 7577
f 7577 7569 7530
f 7530 7469 7528
f 7530 7528 7577
f 7463 7469 7417
f 7469 7463 7528
f 7463 7417 6213
f 7463 6213 7450
f 7577 7528 7591
f 7577 7591 7687
f 7687 7591 7598
f 7591 7528 7554
f 7591 7554 7598
f 7508 7528 7463
f 7528 7508 7554
f 7508 7463 7450
f 7598 7554 7580
f 7598 7580 7660
f 7660 7580 7595
f 7580 7554 7540
f 7540 7554 7508
f 7595 7580 7559
f 7559 7580 7540
f 7616 7663 7595
f 7616 7595 7559
f 7540 7508 7489
f 7489 7508 7450
f 7540 7489 7511
f 7540 7511 7559
f 7489 7450 7453
f 7453 7450 6212
f 7511 7489 7488
f 7488 7489 7453
f 7488 7453 7419
f 7419 7453 6214
f 7488 7419 7454
f 7454 7419 7443
f 7511 7488 7505
f 7505 7488 7454
f 7505 7454 7443
f 7511 7505 7559
f 7505 7443 7457
f 7457 7443 6220
f 7559 7505 7531
f 7457 6220 7412
f 7559 7531 7556
f 7559 7556 7616
f 7531 7505 7499
f 7499 7505 7457
f 7531 7499 7556
f 7616 7556 7608
f 7499 7457 7483
f 7483 7457 7412
f 7556 7499 7541
f 7541 7499 7483
f 7483 7412 7504
f 7483 7504 7541
f 7504 7412 7522
f 7504 7522 7541
f 7522 7412 7414
f 7541 7522 7605
f 7605 7522 7576
f 7566 7556 7541
f 7566 7541 7605
f 7556 7566 7608
f 7566 7605 7617
f 7566 7617 7608
f 7442 7492 7440
f 7440 7492 7431
f 7431 7492 7493
f 7431 7493 7481
f 7431 7481 7446
f 7481 7493 7512
f 7512 7493 7546
f 7512 7546 7593
f 7512 7593 7547
f 7446 7481 7485
f 7485 7481 7512
f 7446 7485 7429
f 7512 7547 7521
f 7512 7521 7485
f 7521 7547 7544
f 7429 7485 7474
f 7474 7485 7521
f 7429 7474 7432
f 7521 7544 7525
f 7521 7525 7474
f 7525 7544 7571
f 7432 7474 7466
f 7466 7474 7525
f 7432 7466 7433
f 7525 7571 7536
f 7536 7571 7665
f 7466 7525 7478
f 7478 7525 7536
f 7466 7478 7433
f 7536 7665 7586
f 7433 7478 7455
f 7433 7455 6219
f 7478 7536 7494
f 7478 7494 7455
f 7494 7536 7586
f 7455 7494 7439
f 7494 7586 7500
f 7494 7500 7439
f 7500 7586 7574
f 7574 7586 7690
s 0
f 7439 7500 7475
f 7439 7475 7421
f 7421 7475 7456
f 7475 7500 7545
s 1
f 7545 7500 7574
f 7545 7574 7632
s 0
f 7632 7574 7667
s 1
f 7475 7545 7502
s 0
f 7475 7502 7456
s 1
f 7545 7632 7548
f 7545 7548 7502
f 7548 7632 7641
f 7548 7641 7619
f 7548 7619 7539
f 7548 7539 7502
f 7539 7619 7604
f 7479 7456 7502
f 7479 7502 7539
f 7456 7479 7415
f 6218 7415 7451
f 7451 7415 7479
f 7539 7604 7537
f 7539 7537 7479
f 7680 7602 7604
f 7451 7479 7461
f 7451 7461 6204
f 7479 7537 7497
f 7479 7497 7461
f 7537 7604 7552
f 7552 7604 7602
f 7537 7552 7497
f 6204 7461 7460
f 7460 7461 7497
f 6204 7460 6206
f 7552 7602 7606
f 7606 7602 7679
f 7606 7679 7564
f 7606 7564 7552
f 7564 7679 7628
f 7564 7628 7622
f 6206 7460 7462
f 7462 7460 7497
f 7506 7497 7552
f 7497 7506 7462
f 7506 7552 7527
f 7527 7552 7564
f 7462 7506 7473
f 7473 7506 7527
f 7458 6206 7462
f 7458 7462 7473
f 6206 7458 6211
f 6211 7458 7413
f 7413 7458 7459
f 7459 7458 7473
f 7413 7459 6205
f 6205 7459 7425
f 7507 7473 7527
f 7473 7507 7459
f 7507 7527 7564
f 7459 7507 7491
f 7459 7491 7425
f 7491 7507 7564
f 7425 7491 7471
f 7425 7471 7452
f 7491 7564 7518
f 7491 7518 7471
f 7452 7471 7522
f 7522 7471 7518
f 7452 7522 7414
f 7518 7564 7555
f 7518 7555 7522
f 7555 7564 7622
f 7522 7555 7576
f 7576 7555 7622
s 0
f 7196 7133 7163
f 7196 7163 7212
f 7212 7163 7150
f 7150 7163 7133
f 7150 7133 7099
s 1
f 8482 8507 8488
f 8458 8482 8463
f 8482 8458 8479
f 8479 8458 8459
f 8507 8482 8506
f 8506 8482 8479
f 8479 8459 8485
f 8507 8506 8523
f 8507 8523 8526
f 8506 8479 8505
f 8505 8479 8485
f 8523 8506 8520
f 8520 8506 8505
f 8526 8523 8547
f 8526 8547 8552
f 8552 8547 8571
f 8547 8523 8548
f 8548 8523 8520
f 8571 8547 8570
f 8570 8547 8548
f 8571 8570 8584
f 8570 8548 8572
f 8584 8570 8582
f 8582 8570 8572
f 8584 8582 8598
f 8584 8598 8602
f 8598 8582 8592
f 8592 8582 8572
f 8602 8598 8605
f 8602 8605 8603
f 8598 8592 8604
f 8598 8604 8605
f 8592 8572 8586
f 8592 8586 8604
f 8603 8605 8591
f 8603 8591 8596
f 8605 8604 8600
f 8605 8600 8591
f 8596 8591 8575
f 8604 8586 8595
f 8604 8595 8600
f 8595 8586 8566
f 8600 8595 8580
f 8580 8595 8566
f 8591 8600 8588
f 8575 8591 8557
f 8557 8591 8588
f 8588 8600 8585
f 8585 8600 8580
f 8588 8585 8563
f 8588 8563 8557
f 8575 8557 8553
f 8575 8553 8538
f 8575 8538 8562
f 8553 8557 8524
f 8553 8524 8538
f 8557 8563 8522
f 8557 8522 8524
f 8538 8524 8511
f 8538 8511 8521
f 8521 8511 8495
f 8511 8524 8498
f 8511 8498 8495
f 8498 8524 8522
f 8495 8498 8471
f 8495 8471 8475
f 8498 8522 8491
f 8475 8471 8450
f 8475 8450 8449
f 8471 8498 8474
f 8474 8498 8491
f 8450 8471 8448
f 8448 8471 8474
f 8449 8450 8417
f 8449 8417 8411
f 8450 8448 8392
f 8450 8392 8417
f 8411 8417 8317
f 8417 8392 8377
f 8417 8377 8317
f 8392 8448 8390
s 0
f 8433 8448 8474
f 8448 8433 8390
s 1
f 8392 8390 8335
f 8392 8335 8377
s 0
f 8390 8433 8370
s 1
f 8390 8370 8335
f 8433 8474 8455
f 8455 8474 8491
f 8377 8335 8314
f 8377 8314 8317
f 8433 8455 8412
s 0
f 8433 8412 8370
s 1
f 8455 8491 8499
f 8412 8455 8462
f 8462 8455 8499
f 8499 8491 8533
f 8533 8491 8522
f 8533 8522 8563
f 8533 8563 8556
f 8556 8563 8585
f 8499 8533 8534
f 8534 8533 8556
f 8556 8585 8569
f 8556 8569 8534
f 8569 8585 8580
f 8569 8580 8549
f 8534 8569 8545
f 8545 8569 8549
f 8549 8580 8566
f 8534 8545 8516
f 8534 8516 8499
f 8545 8549 8514
f 8499 8516 8481
f 8516 8545 8528
f 8528 8545 8514
f 8516 8528 8483
f 8516 8483 8481
f 8499 8481 8462
f 8514 8549 8539
f 8539 8549 8566
f 8528 8514 8492
f 8483 8528 8496
f 8496 8528 8492
f 8492 8514 8501
f 8501 8514 8539
f 8539 8566 8513
f 8539 8513 8501
f 8483 8496 8447
f 8496 8492 8456
f 8496 8456 8447
f 8492 8501 8466
f 8492 8466 8456
f 8466 8501 8478
f 8478 8501 8513
f 8456 8466 8422
f 8466 8478 8452
f 8466 8452 8422
f 8452 8478 8454
f 8454 8478 8476
f 8476 8478 8513
f 8452 8454 8414
f 8454 8476 8431
f 8454 8431 8414
f 8452 8414 8391
f 8452 8391 8422
f 8414 8431 8389
f 8420 8456 8422
f 8456 8420 8447
f 8420 8422 8385
f 8447 8420 8401
f 8401 8420 8385
f 8385 8422 8378
f 8378 8422 8391
f 8373 8391 8414
f 8373 8414 8389
f 8378 8391 8353
f 8391 8373 8349
f 8391 8349 8353
f 8373 8389 8338
f 8373 8338 8349
f 8338 8389 8299
f 8350 8385 8378
f 8349 8338 8312
f 8342 8378 8353
f 8378 8342 8350
f 8330 8353 8349
f 8330 8349 8312
f 8342 8353 8310
f 8342 8310 8350
f 8353 8330 8289
f 8353 8289 8310
f 8310 8289 8254
f 8289 8330 8276
f 8276 8330 8312
f 8289 8276 8213
f 8276 8312 8231
f 8231 8312 8287
f 8287 8312 8338
f 8231 8287 8264
f 8287 8338 8299
f 8287 8299 8264
f 8264 8299 8241
f 8241 8299 8291
f 8241 8291 8244
f 8244 8291 8326
f 8291 8299 8380
f 8291 8380 8326
f 8380 8299 8389
f 8380 8389 8431
f 8326 8380 8437
f 8437 8380 8431
f 8437 8431 8476
f 8437 8476 8485
f 8437 8485 8459
f 8485 8476 8513
f 8485 8513 8517
f 8485 8517 8505
f 8505 8517 8520
f 8517 8513 8540
f 8517 8540 8520
f 8540 8513 8566
f 8520 8540 8551
f 8520 8551 8548
f 8548 8551 8572
f 8551 8540 8559
f 8551 8559 8572
f 8559 8540 8566
f 8572 8559 8586
f 8586 8559 8566
f 8436 8458 8434
f 8436 8434 8395
f 8458 8436 8429
f 8458 8429 8459
f 8436 8395 8406
f 8436 8406 8429
f 8459 8429 8428
f 8428 8429 8406
f 8459 8428 8437
f 8437 8428 8359
f 8437 8359 8326
f 8359 8428 8347
f 8326 8359 8283
f 8283 8359 8347
f 8326 8283 8244
f 8347 8428 8348
f 8348 8428 8406
f 8347 8348 8283
f 8283 8348 8274
f 8283 8274 8191
f 8348 8406 8371
f 8371 8406 8395
f 8274 8348 8279
f 8279 8348 8371
f 8274 8279 8227
f 8371 8395 8285
f 8285 8395 8325
f 8371 8285 8281
f 8371 8281 8279
f 8281 8285 8238
f 8227 8279 8248
f 8248 8279 8281
f 8281 8238 8221
f 8227 8248 8221
f 8221 8248 8281
f 8221 8216 8163
f 8221 8163 8173
f 8221 8173 8227
f 8173 8163 8114
f 8227 8173 8136
f 8136 8173 8114
f 8114 8163 8109
f 8227 8136 8187
f 8227 8187 8274
f 8274 8187 8191
f 8191 8187 8125
f 8125 8187 8136
f 8191 8125 8113
f 8113 8125 8086
f 8125 8136 8123
f 8086 8125 8092
f 8092 8125 8123
f 8123 8136 8060
f 8123 8060 8092
f 8060 8136 8114
f 8092 8060 8086
f 8058 8114 8109
f 8114 8058 8060
f 8058 8109 8061
f 8086 8060 8035
f 8086 8035 7999
f 7999 8035 7974
f 7974 8035 8003
f 8003 8035 8060
f 7974 8003 7967
f 8003 8060 8002
f 8003 8002 7967
f 8002 8060 8058
f 7967 8002 7973
f 8002 8058 8033
f 8002 8033 7973
f 8033 8058 8061
f 7973 8033 8019
f 8019 8033 8061
f 8234 8215 8166
f 8166 8215 8115
f 8115 8215 8188
f 8188 8215 8225
f 8115 8188 8153
f 8115 8153 8098
f 8098 8153 8112
f 8115 8098 8076
f 8098 8112 8056
f 8076 8098 8071
f 8071 8098 8056
f 6842 6735 6806
f 6806 6735 6745
f 6806 6745 6782
f 6842 6806 6841
f 6841 6806 6782
s 0
f 6842 6841 6910
f 6842 6910 6861
f 6861 6910 6908
s 1
f 6908 6910 6960
s 0
f 6910 6841 6882
s 1
f 6960 6910 6935
s 0
f 6935 6910 6882
s 1
f 6960 6935 7016
s 0
f 6997 7003 7016
f 6997 7016 6983
f 6983 7016 6935
f 6882 6841 6907
f 6882 6907 6935
s 1
f 6983 6935 6965
f 6965 6935 6907
f 6983 6965 6975
f 6975 6965 6967
f 6967 6965 6963
f 6963 6965 6958
f 6958 6965 6907
s 0
f 6824 6907 6841
f 6824 6841 6782
f 6824 6782 6755
f 6824 6755 6744
f 6824 6744 6810
s 1
f 6810 6744 6813
f 6810 6813 6855
s 0
f 6810 6855 6824
s 1
f 6855 6813 6868
s 0
f 6824 6855 6877
f 6824 6877 6907
s 1
f 6855 6868 6927
f 6855 6927 6877
f 6927 6868 6991
f 6927 6991 6981
f 6927 6981 6877
f 6877 6981 6907
f 6907 6981 6962
f 6962 6981 6984
f 6962 6984 6979
f 6962 6979 6966
f 6962 6966 6961
f 6907 6962 6957
f 6957 6962 6961
f 6907 6957 6958
f 6957 6961 6959
f 6958 6957 6954
f 6954 6957 6959
f 6756 6761 6800
f 6756 6800 6802
f 6756 6802 6766
f 6766 6802 6796
f 6802 6800 6825
f 6802 6825 6796
f 6825 6800 6872
f 6825 6872 6796
f 6860 6800 6834
f 6800 6860 6872
f 6793 6738 6796
f 6872 6860 6933
f 6933 6860 6916
f 6916 6860 6943
f 6916 6943 6933
f 7021 7002 6943
f 6943 7002 6933
f 6933 7002 7011
f 6933 7011 6944
f 6944 7011 6994
f 6887 6872 6933
f 6887 6933 6944
f 6944 6994 6898
f 6944 6898 6887
f 6898 6994 6949
f 6872 6887 6831
f 6872 6831 6796
f 6831 6887 6867
f 6867 6887 6898
f 6796 6831 6820
f 6820 6831 6867
f 6796 6820 6793
f 6867 6898 6879
f 6867 6879 6820
f 6940 6898 6949
f 6940 6949 6987
f 6940 6987 6980
f 6898 6940 6901
f 6898 6901 6879
f 6940 6980 6923
f 6940 6923 6901
f 6923 6980 6926
f 6879 6901 6854
f 6879 6854 6820
f 6901 6923 6878
f 6878 6923 6926
f 6854 6901 6836
f 6854 6836 6820
f 6836 6901 6878
f 6820 6836 6798
f 6836 6878 6808
f 6836 6808 6798
s 0
f 6798 6808 6754
f 6798 6754 6769
s 1
f 6820 6798 6797
f 6797 6798 6769
f 6820 6797 6793
f 6797 6769 6768
f 6797 6768 6793
s 0
f 6880 6808 6878
f 6880 6878 6926
f 6808 6880 6817
f 6808 6817 6730
s 1
f 6730 6817 6778
f 6817 6880 6870
f 6817 6870 6778
f 6880 6926 6930
f 6880 6930 6870
f 6930 6926 7014
f 6778 6870 6858
f 6858 6870 6930
f 6778 6858 6814
f 6858 6930 6938
f 6814 6858 6783
f 6814 6783 6723
f 6858 6938 6911
f 6911 6938 6998
f 6911 6998 6946
f 6858 6911 6896
f 6896 6911 6946
f 6858 6896 6783
f 6896 6946 6950
f 6783 6896 6818
f 6783 6818 6781
f 6745 6655 6660
f 6745 6660 6692
f 6745 6692 6782
s 0
f 6782 6692 6755
f 6755 6692 6672
s 1
f 6672 6692 6660
s 0
f 6755 6672 6663
f 6755 6663 6744
s 1
f 6672 6660 6641
s 0
f 6672 6641 6663
s 1
f 6641 6660 6597
s 0
f 6641 6597 6663
s 1
f 6597 6660 6586
f 6586 6660 6608
f 6586 6608 6561
s 0
f 6586 6561 6597
f 6663 6597 6592
s 1
f 6663 6592 6628
s 0
f 6597 6561 6554
f 6597 6554 6592
f 6554 6561 6518
f 6554 6518 6506
f 6506 6518 6495
s 1
f 6628 6592 6585
f 6628 6585 6634
s 0
f 6592 6554 6536
s 1
f 6592 6536 6585
f 6634 6585 6549
s 0
f 6536 6554 6514
s 1
f 6549 6585 6500
f 6549 6500 6372
f 6500 6585 6522
f 6522 6585 6536
f 6500 6522 6458
f 6458 6522 6490
f 6522 6536 6505
f 6505 6536 6514
f 6522 6505 6490
f 6509 6512 6514
f 6514 6512 6508
f 6514 6508 6505
f 6508 6512 6515
f 6505 6508 6503
f 6503 6508 6517
f 6503 6517 6507
f 6505 6503 6498
f 6498 6503 6507
f 6505 6498 6490
f 6498 6507 6493
f 6498 6493 6490
f 6493 6507 6499
f 6490 6493 6486
f 6486 6493 6499
f 6490 6486 6482
f 6486 6499 6488
f 8294 8265 8253
f 7114 7078 7081
f 8294 8308 8265
f 8215 8253 8265
f 8215 8265 8225
f 8225 8265 8251
f 8225 8251 8256
f 8265 8308 8278
f 8265 8278 8251
f 8278 8308 8345
f 8345 8308 8382
f 8345 8382 8411
f 8345 8411 8317
f 8345 8317 8278
f 8278 8317 8251
f 8251 8317 8314
f 8251 8314 8256
f 8256 8314 8262
f 8256 8262 8224
f 8262 8314 8309
f 8309 8314 8335
f 8262 8309 8247
f 8247 8309 8235
f 8309 8335 8370
f 8235 8309 8305
f 8309 8370 8322
f 8309 8322 8305
s 0
f 8305 8322 8370
f 8235 8305 8249
s 1
f 8305 8370 8366
f 8366 8370 8412
f 8249 8305 8307
f 8307 8305 8366
f 8249 8307 8250
f 8366 8412 8394
f 8366 8394 8307
f 8394 8412 8462
f 8250 8307 8316
f 8316 8307 8394
f 8250 8316 8290
f 8250 8290 8237
f 8316 8394 8369
f 8316 8369 8290
f 8237 8290 8321
f 8321 8290 8369
f 8237 8321 8260
f 8369 8394 8415
f 8415 8394 8462
f 8321 8369 8384
f 8384 8369 8415
f 8260 8321 8304
f 8260 8304 8232
f 8232 8304 8270
f 8304 8321 8365
f 8365 8321 8384
f 8270 8304 8336
f 8336 8304 8365
f 8270 8336 8313
f 8270 8313 8263
f 8263 8313 8296
f 8365 8384 8407
f 8407 8384 8415
f 8336 8365 8379
f 8407 8415 8445
f 8445 8415 8462
f 8445 8462 8481
f 8445 8481 8444
f 8445 8444 8407
f 8444 8481 8483
f 8444 8483 8447
f 8407 8444 8409
f 8407 8409 8365
f 8409 8444 8447
f 8365 8409 8379
f 8409 8447 8401
f 8409 8401 8379
f 8379 8401 8372
f 8372 8401 8385
f 8372 8385 8350
f 8379 8372 8354
f 8379 8354 8336
f 8336 8354 8313
f 8354 8372 8343
f 8354 8343 8313
f 8343 8372 8350
f 8313 8343 8296
f 8343 8350 8298
f 8343 8298 8296
f 8296 8298 8219
f 8298 8350 8310
f 8298 8310 8220
f 7078 7071 7081
f 7031 7071 7021
f 7021 7071 7026
f 7026 7071 7078
f 7021 7026 7002
f 7002 7026 7060
f 7060 7026 7078
f 7060 7078 7098
f 7098 7078 7114
f 7098 7114 7125
f 7065 6999 7057
f 7065 7057 7099
f 7057 6999 7016
s 0
f 7099 7057 7091
f 7099 7091 7129
f 7129 7091 7077
f 7077 7091 7057
f 7129 7077 7126
f 7057 7016 7019
f 7057 7019 7077
s 1
f 7019 7016 7004
f 7004 7016 7003
f 7004 7003 7006
f 7004 7006 7009
f 7004 7009 7019
s 0
f 7089 7126 7077
s 1
f 7126 7089 7127
s 0
f 7024 7077 7019
f 7024 7019 7018
f 7024 7018 7017
f 7024 7017 7013
s 1
f 7024 7013 7007
f 7024 7007 6984
s 0
f 7077 7024 7058
f 7058 7024 6984
f 7077 7058 7089
s 1
f 7058 6984 6981
f 7089 7058 7062
f 7062 7058 6981
f 7089 7062 7127
f 7062 6981 6991
f 7127 7062 7096
f 7062 6991 7061
f 7062 7061 7096
f 7061 6991 7047
f 7047 6991 6937
f 7096 7061 7093
f 7093 7061 7047
f 7096 7093 7141
f 7141 7093 7094
f 7094 7093 7047
f 7047 6937 6968
f 7047 6968 7094
f 7094 6968 7092
f 6572 6513 6565
f 6513 6572 6485
f 6572 6565 6620
f 6485 6572 6567
f 6572 6620 6612
f 6612 6620 6666
f 6572 6612 6629
f 6572 6629 6567
f 6485 6567 6521
f 6629 6612 6665
f 6665 6612 6666
f 6567 6629 6604
f 6567 6604 6570
f 6567 6570 6521
f 6604 6629 6648
f 6521 6570 6559
f 6570 6604 6603
f 6570 6603 6559
f 6603 6604 6648
f 6521 6559 6576
f 6576 6559 6603
f 6519 6397 6521
f 6519 6521 6576
f 6691 6648 6629
f 6691 6629 6665
f 6576 6603 6619
f 6691 6665 6720
f 6720 6665 6666
f 6720 6666 6756
f 6756 6666 6761
s 0
f 6720 6756 6766
s 1
f 6691 6720 6738
f 6738 6720 6766
f 6691 6738 6648
f 6738 6766 6796
f 6648 6738 6685
f 6648 6685 6603
f 6644 6619 6603
f 6644 6603 6685
f 6619 6644 6631
f 6631 6644 6685
f 6619 6631 6576
f 6793 6768 6738
f 6738 6768 6729
f 6738 6729 6685
f 6729 6768 6769
f 6729 6769 6754
f 6729 6754 6685
f 6685 6754 6679
f 6685 6679 6631
s 0
f 6679 6754 6730
s 1
f 6730 6754 6808
f 6631 6679 6643
s 0
f 6643 6679 6730
f 6556 6576 6631
f 6576 6556 6519
f 6519 6556 6489
s 1
f 6556 6631 6545
s 0
f 6556 6545 6489
s 1
f 6545 6631 6643
f 6489 6545 6501
f 6501 6545 6437
f 6437 6545 6533
f 6533 6545 6613
f 6545 6643 6649
f 6545 6649 6613
f 6649 6643 6730
f 6613 6649 6723
f 6649 6730 6778
f 6649 6778 6723
f 6723 6778 6814
f 7578 7593 7644
f 7593 7578 7547
f 7547 7578 7544
f 7544 7578 7582
f 7582 7578 7588
f 7582 7588 7584
f 7584 7588 7590
f 7590 7588 7592
f 7592 7588 7578
f 7590 7592 7597
f 7597 7592 7609
f 7609 7592 7578
f 7609 7578 7644
f 7603 7609 7613
f 7603 7613 7615
f 7613 7609 7624
f 7613 7624 7615
f 7624 7609 7644
f 7615 7624 7630
f 7630 7624 7644
f 7615 7630 7626
f 7615 7626 7618
f 7618 7626 7623
f 7626 7630 7634
f 7634 7630 7644
f 7626 7634 7635
f 7626 7635 7638
f 7635 7634 7636
f 7636 7634 7644
f 7635 7636 7643
f 7635 7643 7655
f 7636 7644 7642
f 7636 7642 7643
f 7675 7681 7644
f 7643 7642 7647
f 7643 7647 7659
f 7642 7644 7649
f 7649 7644 7681
f 7642 7649 7647
f 7649 7681 7651
f 7647 7649 7654
f 7647 7654 7670
f 7654 7649 7651
f 7651 7681 7653
f 7654 7651 7657
f 7654 7657 7669
f 7657 7651 7656
f 7651 7653 7646
f 7651 7646 7656
f 7646 7653 7639
f 7656 7646 7650
f 7650 7646 7639
f 6295 6321 6252
f 6252 6321 6273
f 6252 6273 6215
f 6273 6321 6342
f 6342 6321 6366
f 6342 6366 6485
f 6485 6366 6513
f 6342 6485 6419
f 6419 6485 6521
f 6273 6342 6332
f 6332 6342 6419
f 6419 6521 6397
f 6332 6419 6309
f 6309 6419 6397
f 6273 6332 6281
f 6281 6332 6309
f 6236 6215 6273
f 6236 6273 6281
f 6215 6236 7424
f 7424 6236 6209
f 6209 6236 6254
f 6254 6236 6281
f 6209 6254 6208
f 6254 6281 6237
f 6254 6237 6208
f 6237 6281 6309
f 6208 6237 6228
f 6208 6228 6207
f 6237 6309 6284
f 6237 6284 6228
f 6207 6228 6217
f 6207 6217 7417
f 6217 6228 6259
f 6217 6259 7417
f 6259 6228 6284
f 7417 6259 6213
f 6343 6284 6309
f 6343 6309 6397
f 6259 6284 6315
f 6315 6284 6343
f 6343 6397 6421
f 6343 6421 6315
f 6421 6397 6519
s 0
f 6421 6519 6489
f 6421 6489 6315
s 1
f 6269 6213 6259
f 6269 6259 6315
s 0
f 6315 6489 6416
f 6416 6489 6501
s 1
f 6416 6501 6437
f 6315 6416 6331
f 6315 6331 6269
f 6416 6437 6338
f 6416 6338 6331
f 6338 6437 6391
f 6391 6437 6533
f 6331 6338 6305
f 6331 6305 6269
f 6391 6533 6466
f 6305 6338 6322
f 6322 6338 6391
f 6269 6305 6253
f 6269 6253 6213
f 6213 6253 6212
f 6213 6212 7450
f 6212 6253 6214
f 6212 6214 7453
f 6253 6305 6255
f 6253 6255 6214
f 6255 6305 6322
f 6214 6255 7419
f 6363 6322 6391
f 6363 6391 6466
f 7419 6255 6240
f 6322 6363 6318
f 6318 6363 6466
f 6255 6322 6275
f 6255 6275 6240
f 6275 6322 6318
f 7419 6240 6225
f 6225 6240 6275
f 7419 6225 7443
f 7443 6225 6220
f 6220 6225 6263
f 6220 6263 7412
f 6225 6275 6288
f 6288 6275 6318
f 6225 6288 6263
f 7412 6263 6256
f 6288 6318 6316
f 6288 6316 6263
f 6316 6318 6466
f 6256 6263 6324
f 6324 6263 6316
f 6316 6466 6370
f 6370 6466 6516
f 6370 6516 6360
f 6370 6360 6316
f 6316 6360 6324
f 6324 6360 6434
f 6434 6360 6532
f 6324 6434 6369
f 6324 6369 6294
f 6369 6434 6547
f 6294 6369 6411
f 6411 6369 6547
s 0
f 6374 6306 6352
f 6518 6374 6444
f 6444 6374 6428
f 6428 6374 6403
f 6403 6374 6375
f 6375 6374 6365
f 6365 6374 6352
f 6365 6352 6358
s 1
f 6358 6352 6357
f 6357 6352 6355
f 6292 6352 6306
f 6292 6306 6289
f 6292 6289 6231
f 6352 6292 6304
s 0
f 6352 6304 6355
s 1
f 6292 6231 6268
f 6292 6268 6304
f 6268 6231 7429
f 7429 6231 7446
s 0
f 6268 7429 6224
s 1
f 6224 7429 7432
s 0
f 6304 6268 6286
f 6286 6268 6224
f 6327 6355 6304
f 6327 6304 6286
f 6355 6327 6378
f 6378 6327 6431
s 1
f 6431 6327 6302
f 6302 6327 6286
f 6286 6224 6233
f 6286 6233 6302
f 6233 6224 7432
f 6302 6233 6219
f 6233 7432 7433
f 6233 7433 6219
f 8027 8071 8000
f 8000 8071 8056
f 7951 7997 8000
f 8000 8056 8029
f 8000 8029 7951
f 8029 8056 8066
f 7951 8029 8018
f 8018 8029 8066
f 7951 8018 7989
f 8066 8056 8112
f 8018 8066 8073
f 7989 8018 8072
f 8072 8018 8073
f 8072 8073 8134
f 7989 8072 8012
f 8134 8073 8124
f 8124 8073 8066
f 8124 8066 8112
f 7989 8012 7987
f 7987 8012 7992
f 7992 8012 7988
f 8012 8072 8081
f 7988 8012 8048
f 8048 8012 8081
f 8048 8081 8102
f 8152 8156 8124
f 8152 8124 8139
f 8139 8124 8112
f 8152 8139 8148
f 8148 8139 8145
f 8148 8145 8146
f 8145 8139 8144
f 8139 8112 8149
f 8139 8149 8144
f 8144 8149 8147
f 8147 8149 8150
f 8149 8112 8153
f 8150 8149 8154
f 8154 8149 8153
f 8154 8153 8157
f 8157 8153 8164
s 0
f 7099 7129 7150
f 7150 7129 7162
f 7162 7129 7126
f 7150 7162 7212
s 1
f 7162 7126 7191
s 0
f 7212 7162 7190
s 1
f 7190 7162 7191
s 0
f 7212 7190 7234
s 1
f 7234 7190 7191
f 7191 7126 7127
s 0
f 7212 7234 7263
s 1
f 7191 7127 7151
f 7151 7127 7096
f 7151 7096 7141
f 7191 7151 7216
f 7191 7216 7234
f 7151 7141 7206
f 7151 7206 7216
f 7206 7141 7170
f 7170 7141 7094
f 7170 7094 7092
f 7170 7092 7148
s 0
f 7265 7263 7234
s 1
f 7170 7148 7185
f 7185 7148 7090
f 7185 7090 7175
f 7185 7175 7220
f 7170 7185 7230
f 7230 7185 7220
f 7170 7230 7206
f 7230 7220 7272
f 7206 7230 7249
f 7206 7249 7216
f 7230 7272 7281
f 7230 7281 7249
f 7216 7249 7258
f 7258 7249 7281
f 7216 7258 7234
f 7234 7258 7265
f 7265 7258 7296
f 7296 7258 7281
f 7265 7296 7263
f 7263 7296 7288
f 7288 7296 7316
f 7305 7281 7272
f 7281 7305 7296
f 7305 7272 7307
f 7296 7305 7313
f 7296 7313 7316
f 7313 7305 7330
f 7313 7330 7332
f 7313 7332 7316
f 7316 7332 7315
f 7681 7675 7704
f 7681 7704 7709
f 7681 7709 7674
f 7681 7674 7653
f 7708 7730 7691
f 7708 7691 7599
f 7708 7733 7770
f 7733 7708 7685
f 7685 7708 7599
f 7171 7125 7114
f 7125 7171 7167
f 7167 7171 7210
f 7125 7167 7139
f 7125 7139 7098
f 7733 7772 7770
f 7772 7733 7771
f 7772 7771 7849
f 7772 7849 7905
f 7849 7771 7908
f 7905 7849 7967
f 7967 7849 7908
f 7967 7908 7974
f 7974 7908 7999
f 7405 7397 7408
f 7397 7405 7385
f 7397 7385 7388
f 7397 7388 7380
f 7385 7405 7386
f 7388 7385 7365
f 7365 7385 7386
f 7380 7388 7358
f 7358 7388 7365
f 7380 7358 7359
f 7359 7358 7326
f 7359 7326 7340
f 7326 7358 7334
f 7334 7358 7365
f 7326 7334 7311
f 7311 7334 7328
f 7311 7328 7302
f 7334 7365 7346
f 7334 7346 7328
f 7302 7328 7327
f 7327 7328 7346
f 7302 7327 7298
f 7346 7365 7367
f 7367 7365 7386
f 7327 7346 7348
f 7348 7346 7367
f 7298 7327 7308
f 7298 7308 7286
f 7308 7327 7325
f 7325 7327 7348
f 7286 7308 7294
f 7294 7308 7325
f 7286 7294 7271
f 7374 7367 7386
f 7367 7374 7348
f 7374 7386 7382
f 7348 7374 7362
f 7362 7374 7382
f 7382 7386 7403
f 7403 7386 7405
f 7403 7405 7409
f 7403 7409 7396
f 7403 7396 7394
f 7382 7403 7384
f 7384 7403 7394
f 7362 7382 7364
f 7364 7382 7384
f 7384 7394 7375
f 7375 7394 7396
f 7384 7375 7364
f 7362 7364 7343
f 7362 7343 7348
f 7375 7396 7370
f 7370 7396 7377
f 7370 7377 7355
f 7375 7370 7352
f 7375 7352 7364
f 7370 7355 7350
f 7370 7350 7352
f 7350 7355 7332
f 7350 7332 7330
f 7350 7330 7352
f 7364 7352 7339
f 7339 7352 7330
f 7364 7339 7343
f 7339 7330 7305
f 7339 7305 7307
f 7339 7307 7343
f 7343 7307 7320
f 7343 7320 7329
f 7343 7329 7348
f 7348 7329 7325
f 7325 7329 7301
f 7301 7329 7320
f 7325 7301 7294
f 7320 7307 7300
f 7320 7300 7301
f 7294 7301 7275
f 7275 7301 7300
f 7294 7275 7261
f 7294 7261 7271
f 7300 7307 7276
f 7276 7307 7272
f 7271 7261 7239
f 7276 7272 7243
f 7243 7272 7220
f 7300 7276 7253
f 7253 7276 7243
f 7243 7220 7207
f 7207 7220 7175
f 7253 7243 7213
f 7213 7243 7207
f 7207 7175 7153
f 7153 7175 7090
f 7153 7090 7161
f 7153 7161 7207
f 7207 7161 7176
f 7207 7176 7213
f 7176 7161 7104
f 7176 7104 7130
f 7176 7130 7195
f 7176 7195 7213
f 7195 7130 7146
f 7213 7195 7199
f 7199 7195 7146
f 7213 7199 7221
f 7213 7221 7253
f 7199 7146 7166
f 7166 7146 7103
f 7166 7103 7147
f 7199 7166 7209
f 7199 7209 7221
f 7166 7147 7174
f 7166 7174 7209
f 7174 7147 7156
f 7156 7147 7108
f 7156 7108 7128
f 7174 7156 7204
f 7156 7128 7180
f 7156 7180 7204
f 7180 7128 7155
f 7155 7128 7095
f 7155 7095 7118
f 7180 7155 7208
f 7208 7155 7118
f 7180 7208 7204
f 7202 7174 7204
f 7174 7202 7209
f 7204 7208 7239
f 7204 7239 7202
f 7208 7118 7168
f 7168 7118 7120
f 7239 7208 7242
f 7242 7208 7168
f 7239 7242 7271
f 7202 7239 7219
f 7202 7219 7209
f 7219 7239 7261
f 7209 7219 7226
f 7209 7226 7221
f 7219 7261 7246
f 7219 7246 7226
f 7246 7261 7275
f 7221 7226 7245
f 7245 7226 7246
f 7221 7245 7253
f 7246 7275 7273
f 7246 7273 7245
f 7245 7273 7253
f 7273 7275 7300
f 7273 7300 7253
f 7214 7262 7242
f 7262 7214 7205
f 7214 7242 7168
f 7214 7168 7177
f 7177 7168 7120
f 7205 7214 7172
f 7172 7214 7177
f 7172 7177 7120
s 0
f 7205 7172 7143
s 1
f 7172 7120 7115
s 0
f 7172 7115 7143
s 1
f 7238 7237 7210
f 7237 7238 7267
f 7210 7237 7167
f 7237 7267 7270
f 7167 7237 7229
f 7229 7237 7270
f 7270 7267 7295
f 7295 7267 7297
f 7295 7297 7326
f 7295 7326 7293
f 7295 7293 7270
f 7293 7326 7311
f 7229 7270 7259
f 7259 7270 7293
f 7293 7311 7284
f 7293 7284 7259
f 7284 7311 7302
f 7284 7302 7262
f 7284 7262 7259
f 7262 7302 7298
f 7262 7298 7286
f 7262 7286 7271
f 7262 7271 7242
f 7259 7262 7205
f 7259 7205 7232
f 7259 7232 7229
f 7232 7205 7160
s 0
f 7160 7205 7143
f 7160 7143 7088
s 1
f 7229 7232 7197
f 7197 7232 7160
f 7229 7197 7167
f 7197 7160 7165
f 7197 7165 7167
f 7165 7160 7122
f 7167 7165 7139
f 7165 7122 7112
f 7139 7165 7097
f 7097 7165 7112
f 7042 7002 7060
f 7002 7042 7011
f 7011 7042 7048
f 7042 7060 7098
f 7048 7042 7097
f 7097 7042 7098
f 7097 7098 7139
f 7582 7572 7544
f 7572 7582 7583
f 7583 7582 7579
f 7572 7583 7589
f 7589 7583 7587
f 7544 7572 7600
f 7600 7572 7589
f 7600 7589 7594
f 7544 7600 7571
f 7600 7594 7607
f 7674 7665 7571
f 7674 7571 7600
f 7674 7600 7653
f 7600 7607 7614
f 7614 7607 7627
f 7653 7600 7629
f 7629 7600 7614
f 7629 7614 7627
f 7653 7629 7639
f 7629 7627 7640
f 7629 7640 7639
f 8153 8188 8174
f 8153 8174 8164
f 8164 8174 8178
f 8164 8178 8170
f 8178 8174 8182
f 8174 8188 8197
f 8174 8197 8182
f 8197 8188 8225
f 8197 8225 8204
f 8204 8225 8224
f 8224 8225 8256
f 8204 8224 8202
f 8197 8204 8200
f 8182 8197 8194
f 8194 8197 8200
f 8194 8200 8199
f 8182 8194 8185
f 8185 8194 8196
f 7709 7762 7768
f 7709 7768 7674
f 8183 8182 8185
f 6467 6458 6482
f 6482 6458 6490
f 6488 6482 6486
f 7674 7768 7719
f 7674 7719 7665
f 7665 7719 7690
f 7690 7719 7736
f 7736 7719 7785
f 7719 7768 7763
f 7719 7763 7785
f 7763 7768 7901
f 7763 7901 7904
f 7763 7904 7785
f 7904 7901 7951
f 7785 7904 7947
f 7947 7904 7951
f 7947 7951 7989
f 7785 7947 7916
f 7947 7989 7970
f 7947 7970 7953
f 7953 7970 7965
f 7916 7947 7937
f 7916 7937 7931
f 7931 7937 7935
f 7937 7947 7944
f 7937 7944 7935
f 7944 7947 7953
f 7935 7944 7943
f 7943 7944 7953
f 7066 7048 7097
f 7066 7097 7112
f 7048 7066 6994
f 7048 6994 7011
f 6994 7066 7040
f 6994 7040 6987
f 6994 6987 6949
f 7040 7066 7083
f 7083 7066 7112
s 0
f 7040 7083 7088
s 1
f 7083 7112 7122
s 0
f 7088 7083 7160
f 7160 7083 7122
s 1
f 7001 6992 6984
f 6984 6992 6979
f 8124 8156 8165
f 8124 8165 8134
f 8134 8165 8177
f 8134 8177 8133
f 8134 8133 8072
f 8072 8133 8081
f 7728 7771 7733
f 7771 7728 7729
f 7682 7728 7733
f 7682 7733 7685
f 7682 7685 7621
f 7682 7621 7677
f 7682 7677 7728
f 7728 7677 7729
f 8165 8192 8177
f 8177 8192 8224
f 8177 8224 8262
f 8177 8262 8247
f 8177 8247 8235
f 8177 8235 8168
f 8168 8235 8206
f 8206 8235 8249
f 6500 6458 6431
f 6500 6431 6356
f 6356 6431 6302
f 6500 6356 6372
f 6356 6302 6293
f 6356 6293 6372
f 6293 6302 6219
f 6293 6219 6226
f 6226 6219 7455
f 6226 7455 7439
f 6372 6293 6312
f 6312 6293 6226
f 6226 7439 7421
f 6372 6312 6426
f 6372 6426 6549
f 6226 7421 6243
f 6312 6226 6283
f 6283 6226 6243
f 6243 7421 6245
f 6243 6245 6283
f 6245 7421 7456
f 6312 6283 6313
f 6245 7456 7415
f 6348 6426 6312
f 6348 6312 6313
f 6426 6348 6494
f 6494 6348 6371
f 6348 6313 6329
f 6329 6313 6283
f 6348 6329 6371
f 6329 6283 6245
f 6371 6329 6350
f 6371 6350 6491
f 6491 6350 6392
f 6350 6329 6308
f 6308 6329 6245
f 6392 6350 6337
f 6337 6350 6308
f 6392 6337 6347
f 6392 6347 6376
f 6308 6245 6257
f 6257 6245 7415
f 6337 6308 6291
f 6291 6308 6257
f 6257 7415 6218
f 6291 6257 6260
f 6260 6257 6218
f 6291 6260 6272
f 6272 6260 6218
f 6337 6291 6301
f 6337 6301 6347
f 6301 6291 6272
f 6272 6218 6204
f 6204 6218 7451
f 6272 6204 6247
f 6247 6204 6206
f 6301 6272 6287
f 6287 6272 6247
f 6334 6347 6301
f 6334 6301 6287
f 6347 6334 6376
f 6247 6206 6238
f 6238 6206 6211
f 6287 6247 6279
f 6287 6279 6334
f 6279 6247 6238
f 6238 6211 7413
f 6376 6334 6433
f 6376 6433 6535
f 6334 6279 6335
f 6334 6335 6433
f 6433 6335 6359
f 6433 6359 6451
f 6335 6279 6274
f 6274 6279 6238
f 6359 6335 6320
f 6359 6320 6451
f 6320 6335 6274
f 6274 6238 6271
f 6274 6271 6320
f 6242 6238 7413
f 6238 6242 6271
f 6242 7413 6205
f 6451 6320 6307
f 6307 6320 6271
f 6451 6307 6353
f 6451 6353 6511
f 6307 6271 6282
f 6282 6271 6242
f 6307 6282 6353
f 6242 6205 6239
f 6242 6239 6282
f 6239 6205 7425
f 6411 6546 6353
f 6411 6353 6294
f 6353 6282 6276
f 6276 6282 6239
f 6353 6276 6294
f 6239 7425 6249
f 6239 6249 6276
f 6276 6249 6294
f 6249 7425 7452
f 6249 7452 7414
f 6249 7414 6251
f 6249 6251 6294
f 6251 7414 7412
f 6251 7412 6256
f 6251 6256 6294
f 6294 6256 6324
f 6744 6663 6696
f 6744 6696 6813
f 6696 6663 6628
f 6813 6696 6767
f 6770 6767 6763
f 6763 6767 6751
f 6751 6767 6731
f 6751 6731 6741
f 6731 6767 6696
f 6731 6696 6719
f 6699 6719 6712
f 6712 6719 6696
f 6712 6696 6708
f 6701 6708 6702
f 6702 6708 6698
f 6698 6708 6696
f 6698 6696 6669
f 6698 6669 6693
f 6693 6669 6630
f 6630 6669 6640
f 6669 6696 6651
f 6669 6651 6640
f 6651 6696 6628
f 6640 6651 6634
f 6634 6651 6628
f 7771 7757 7908
f 7757 7771 7729
f 7757 7729 7725
f 7725 7729 7677
f 7908 7757 7784
f 7784 7757 7725
f 7725 7677 7688
f 7688 7677 7577
f 7688 7577 7687
f 7725 7688 7723
f 7723 7688 7687
f 7725 7723 7784
f 7723 7687 7727
f 7727 7687 7598
f 7727 7598 7660
f 7723 7727 7747
f 7784 7723 7835
f 7835 7723 7747
f 7925 7908 7784
f 7925 7784 7835
f 7908 7925 7999
f 7999 7925 8020
f 8020 7925 7961
f 7961 7925 7835
f 7835 7747 7841
f 7835 7841 7961
f 7841 7747 7837
f 7961 7841 7983
f 7961 7983 8015
f 7983 7841 7963
f 7999 8083 8086
f 8086 8083 8113
f 8083 7999 8020
f 8113 8083 8091
f 8091 8083 8020
f 7961 8015 8020
f 8020 8015 8068
s 0
f 8020 8068 8091
f 8091 8068 8110
s 1
f 8110 8068 8064
f 8110 8064 8128
f 8128 8064 8049
f 8110 8128 8180
f 8110 8180 8091
f 8180 8128 8231
f 8091 8180 8161
s 0
f 8091 8161 8113
s 1
f 8180 8231 8241
f 8180 8241 8161
f 8241 8231 8264
s 0
f 8113 8161 8210
s 1
f 8210 8161 8241
f 8113 8210 8191
f 8210 8241 8244
f 8210 8244 8191
f 8191 8244 8283
f 8168 8133 8177
f 8133 8168 8126
f 8133 8126 8081
f 8081 8126 8102
f 8102 8126 8168
f 8102 8168 8206
f 7665 7690 7586
s 0
f 7040 7046 6987
f 6987 7046 6980
f 7046 7040 7088
f 6980 7046 7014
f 6980 7014 6926
s 1
f 7014 7046 7054
f 7054 7046 7088
f 7014 7054 6930
s 0
f 7143 7115 7088
s 1
f 7088 7115 7054
f 7054 7115 7120
f 6930 7054 6938
f 7054 7120 7118
f 6938 7054 7033
f 7033 7054 7118
f 6938 7033 6998
f 7033 7118 7073
f 7033 7073 6998
f 6634 6549 6578
f 6578 6549 6426
f 6634 6578 6640
f 6578 6426 6494
f 6640 6578 6609
f 6609 6578 6494
f 6640 6609 6630
f 6609 6494 6574
f 6609 6574 6630
f 6574 6494 6534
f 6534 6494 6371
f 6534 6371 6491
f 6574 6534 6551
f 6551 6534 6491
f 6630 6574 6638
f 6574 6551 6621
f 6574 6621 6638
f 6630 6638 6684
f 6630 6684 6693
f 6693 6684 6697
f 6697 6684 6700
f 6551 6491 6523
f 6523 6491 6392
f 6523 6392 6525
f 6700 6684 6704
f 6700 6704 6705
f 6681 6684 6638
f 6684 6681 6704
f 6681 6638 6621
f 6705 6704 6707
f 6707 6704 6681
f 6705 6707 6710
f 6681 6621 6635
f 6681 6635 6707
f 6635 6621 6582
f 6582 6621 6551
f 6582 6551 6523
f 6707 6635 6658
f 6707 6658 6694
f 6694 6658 6659
f 6658 6635 6618
f 6618 6635 6582
f 6659 6658 6587
f 6587 6658 6618
f 6659 6587 6584
f 6618 6582 6571
f 6618 6571 6587
f 6571 6582 6523
f 6571 6523 6525
f 6571 6525 6587
f 6584 6587 6541
f 6541 6587 6525
f 6584 6541 6535
f 6541 6525 6376
f 6541 6376 6535
f 7785 7916 7736
f 7690 7736 7667
f 7690 7667 7574
f 7750 7736 7916
f 7980 7989 7984
f 7984 7989 7987
f 7667 7736 7715
f 7715 7736 7750
s 0
f 7667 7715 7721
f 7721 7715 7750
s 1
f 7721 7750 7882
s 0
f 7667 7721 7632
f 7632 7721 7641
f 7641 7721 7706
s 1
f 7750 7916 7860
f 7750 7860 7882
f 7860 7916 7921
f 7860 7921 7923
f 7860 7923 7882
f 7921 7916 7926
f 7882 7923 7928
f 7926 7916 7931
f 7882 7928 7816
f 7926 7931 7930
f 7930 7931 7935
f 7930 7935 7929
f 7926 7930 7922
f 7926 7922 7924
f 7922 7930 7917
f 7816 7928 7914
f 7914 7928 7934
f 7816 7914 7781
f 7781 7914 7880
f 7880 7914 7939
f 7816 7781 7742
f 7742 7781 7880
f 7816 7742 7706
f 7880 7939 7907
f 7706 7742 7698
f 7706 7698 7641
f 7641 7698 7619
f 7619 7698 7604
f 7604 7698 7680
f 7742 7880 7759
f 7742 7759 7698
f 7680 7698 7738
f 7738 7698 7759
f 7680 7738 7737
f 7759 7880 7834
f 7759 7834 7738
f 7834 7880 7907
f 7737 7738 7788
f 7788 7738 7834
f 7788 7834 7907
f 7737 7788 7758
f 7788 7907 7960
f 7788 7960 7900
f 6991 6868 6937
f 6937 6868 6848
f 6848 6868 6794
f 6794 6868 6813
f 6937 6848 6883
f 6937 6883 6968
f 6968 6883 6939
f 6767 6770 6813
f 6813 6770 6794
f 6794 6770 6773
f 6794 6773 6775
f 6794 6775 6772
f 6939 6883 6865
f 6794 6772 6807
f 6794 6807 6848
f 6848 6807 6883
f 6883 6807 6865
f 6807 6772 6765
f 6807 6765 6865
f 6939 6865 6904
f 6904 6865 6856
f 6865 6765 6803
f 6865 6803 6856
f 6803 6765 6752
f 6904 6856 6840
f 6840 6856 6803
f 6904 6840 6875
f 6840 6803 6777
f 6777 6803 6757
f 6840 6777 6799
f 6840 6799 6875
f 6875 6799 6826
f 6826 6799 6748
f 6826 6748 6790
f 6826 6790 6839
f 6839 6790 6776
f 6839 6776 6837
f 6837 6776 6724
f 8102 8206 8142
f 8102 8142 8090
f 8102 8090 8048
f 8142 8206 8176
f 8176 8206 8250
f 8250 8206 8249
f 8142 8176 8135
f 8142 8135 8090
f 8176 8250 8193
f 8176 8193 8135
f 8193 8250 8237
f 8135 8193 8172
f 8172 8193 8237
f 8090 8135 8088
f 8172 8237 8159
f 8159 8237 8260
f 8135 8172 8108
f 8135 8108 8088
f 8108 8172 8159
f 8159 8260 8232
f 8088 8108 8055
f 8090 8088 8051
f 8051 8088 8055
f 8090 8051 8044
f 8090 8044 8048
f 8048 8044 7996
f 8048 7996 7988
f 7996 8044 8017
f 8017 8044 8051
f 8017 8051 8001
f 8017 8001 7968
f 8001 8051 8055
f 8001 8055 8039
f 8001 8039 7998
f 7998 8039 8011
f 8039 8055 8053
f 8039 8053 8011
f 8053 8055 8104
f 8104 8055 8108
f 8011 8053 8045
f 8011 8045 7995
f 8104 8108 8159
f 7995 8045 8005
f 8053 8104 8089
f 8053 8089 8045
f 8089 8104 8159
f 8045 8089 8116
f 8116 8089 8159
f 8005 8045 8069
f 8069 8045 8116
f 8005 8069 8047
f 8005 8047 7958
f 7958 8047 8046
f 8047 8069 8100
f 8047 8100 8046
f 8100 8069 8116
f 8046 8100 8143
f 8143 8100 8220
f 8220 8100 8219
f 8219 8100 8116
f 8220 8219 8298
f 8219 8116 8222
f 8219 8222 8296
f 8296 8222 8263
f 8263 8222 8270
f 8222 8116 8186
f 8222 8186 8270
f 8186 8116 8159
f 8270 8186 8232
f 8232 8186 8159
f 7983 8064 8015
f 8015 8064 8068
f 8064 7983 8049
f 8049 7983 7963
f 8049 7963 8008
f 8049 8008 8080
f 8049 8080 8128
f 8080 8008 8014
f 8128 8080 8169
f 8128 8169 8231
f 8080 8014 8062
f 8169 8080 8131
f 8131 8080 8062
f 8231 8169 8230
f 8230 8169 8131
f 8231 8230 8276
f 8276 8230 8213
f 8213 8230 8131
f 8213 8131 8143
f 8143 8131 8099
f 8099 8131 8062
f 8143 8099 8046
f 8099 8062 8016
f 8016 8062 8014
f 8099 8016 8046
f 8016 8014 7982
f 8016 7982 8046
f 8046 7982 7969
f 7721 7882 7816
s 0
f 7721 7816 7706
s 1
f 7095 7073 7118
f 7073 7095 7043
f 7073 7043 6998
f 6998 7043 6946
f 7043 7095 7074
f 7074 7095 7128
f 6946 7043 7005
f 7005 7043 7074
f 6946 7005 6950
f 7074 7128 7108
f 6950 7005 7028
f 7028 7005 7074
f 7028 7074 7108
f 6950 7028 6928
f 6928 7028 6986
f 7028 7108 7103
f 7103 7108 7147
f 6986 7028 7059
f 7059 7028 7103
f 6986 7059 7020
f 6986 7020 6931
f 6931 7020 6972
f 7059 7103 7101
f 7059 7101 7020
f 7101 7103 7146
f 7020 7101 7075
f 7075 7101 7146
f 7020 7075 6972
f 7075 7146 7130
f 7075 7130 7079
f 7075 7079 6989
f 7075 6989 6972
f 6972 6989 6929
f 7092 6968 7038
f 7038 6968 6939
f 7038 6939 6971
f 7092 7038 7090
f 7092 7090 7148
f 7090 7038 7044
f 7044 7038 6971
f 7044 6971 6951
f 7044 6951 6920
f 7044 6920 6989
f 7044 6989 7079
f 7837 7963 7841
f 7727 7837 7747
f 7837 7727 7767
f 7837 7767 7920
f 7837 7920 7963
f 7963 7920 8008
f 8008 7920 8014
f 8014 7920 7946
f 8014 7946 7913
f 8014 7913 7982
f 7982 7913 7969
f 7969 7913 7847
f 7847 7913 7773
f 7847 7773 7745
f 7913 7946 7821
f 7913 7821 7773
f 7802 7946 7920
f 7946 7802 7821
f 7802 7920 7767
f 7773 7821 7746
f 7746 7821 7802
f 7802 7767 7749
f 7802 7749 7746
f 7749 7767 7735
f 7749 7735 7746
f 7735 7767 7727
f 7735 7727 7699
f 7699 7727 7660
f 7746 7735 7695
f 7695 7735 7699
f 7699 7660 7663
f 7699 7663 7695
f 7663 7660 7595
f 7746 7695 7722
f 7746 7722 7773
f 7695 7663 7671
f 7695 7671 7722
f 7671 7663 7616
f 7671 7616 7608
f 7671 7608 7678
f 7671 7678 7722
f 7678 7608 7617
f 7710 7773 7722
f 7710 7722 7678
f 7773 7710 7745
f 7678 7617 7686
f 7678 7686 7710
f 7710 7686 7745
f 7686 7617 7605
f 7745 7686 7694
f 7694 7686 7605
f 6762 6765 6772
f 6765 6762 6759
f 6765 6759 6752
f 6752 6759 6743
f 6752 6743 6739
f 6709 6721 6739
f 6752 6739 6742
f 6742 6739 6721
f 6752 6742 6757
f 6752 6757 6803
f 6742 6721 6725
f 6742 6725 6757
f 6725 6721 6711
f 6725 6711 6717
f 6717 6711 6703
f 6717 6703 6710
f 6717 6710 6707
f 6725 6717 6713
f 6713 6717 6707
f 6725 6713 6757
f 6713 6707 6694
f 6757 6713 6740
f 6740 6713 6694
f 6757 6740 6777
f 6740 6694 6659
f 6777 6740 6799
f 6740 6659 6748
f 6740 6748 6799
f 6675 6613 6723
f 6675 6723 6783
f 6613 6675 6596
f 6675 6783 6695
f 6675 6695 6596
f 6695 6783 6781
f 6613 6596 6533
f 6695 6781 6682
f 6596 6695 6623
f 6682 6781 6779
f 6623 6695 6646
f 6646 6695 6682
f 6596 6623 6583
f 6583 6623 6646
f 6542 6533 6596
f 6542 6596 6583
f 6533 6542 6466
f 6466 6542 6516
f 6516 6542 6583
f 6583 6646 6605
f 6605 6646 6682
f 6516 6583 6566
f 6566 6583 6605
f 6516 6566 6532
f 6516 6532 6360
f 6566 6605 6614
f 6566 6614 6532
f 6614 6605 6682
f 6532 6614 6595
f 6595 6614 6682
f 6532 6595 6547
f 6532 6547 6434
f 6595 6682 6589
f 6595 6589 6547
f 6546 6411 6547
f 6546 6547 6589
f 6546 6589 6622
f 6546 6622 6562
f 6589 6682 6706
f 6706 6682 6779
f 6706 6779 6791
f 6706 6791 6724
f 6706 6724 6589
f 6589 6724 6622
f 6562 6622 6637
f 6637 6622 6724
f 6562 6637 6588
f 6637 6724 6683
f 6683 6724 6776
f 6588 6637 6652
f 6652 6637 6683
f 6588 6652 6659
f 6588 6659 6584
f 6652 6683 6714
f 6714 6683 6776
f 6652 6714 6659
f 6714 6776 6790
f 6659 6714 6748
f 6748 6714 6790
f 7971 7975 7968
f 7968 7975 7996
f 7968 7996 8017
f 7949 7959 7968
f 7914 7934 7949
f 7914 7949 7939
f 7939 7949 7968
f 7939 7968 8001
f 7939 8001 7998
f 7939 7998 7907
f 7907 7998 7960
f 7960 7998 8011
f 8143 8289 8213
f 8289 8143 8254
f 8254 8143 8208
f 8208 8143 8220
f 8208 8220 8254
f 8254 8220 8310
f 7090 7104 7161
f 7104 7090 7044
f 7104 7044 7130
f 7130 7044 7079
f 6971 6939 6904
f 6971 6904 6951
f 6951 6904 6875
f 6951 6875 6920
f 6920 6875 6826
f 6920 6826 6839
f 6920 6839 6886
f 6886 6839 6837
f 6920 6886 6929
f 6920 6929 6989
f 6929 6886 6897
f 6897 6886 6837
f 6929 6897 6931
f 6931 6897 6837
f 6929 6931 6972
f 6724 6791 6837
f 6837 6791 6859
f 6837 6859 6931
f 6859 6791 6779
f 6931 6859 6928
f 6931 6928 6986
f 6859 6779 6849
f 6859 6849 6928
f 6849 6779 6781
f 6849 6781 6818
f 6849 6818 6896
f 6849 6896 6928
f 6928 6896 6950
f 7857 7969 7847
f 7857 7847 7745
f 7958 8046 7969
f 7958 7969 7857
f 7857 7745 7739
f 7739 7745 7694
f 7739 7694 7741
f 7739 7741 7857
f 7741 7694 7696
f 7958 7857 7846
f 7846 7857 7741
f 7741 7696 7778
f 7741 7778 7846
f 7958 7846 7964
f 7964 7846 7778
f 7958 7964 8005
f 8005 7964 7918
f 7918 7964 7778
f 8005 7918 7995
f 7700 7778 7696
f 7622 7696 7576
f 7696 7622 7700
f 7700 7622 7628
f 7700 7628 7679
f 7918 7778 7764
f 7764 7778 7700
f 7900 7995 7918
f 7900 7918 7764
f 7995 7900 7972
f 7995 7972 8011
f 8011 7972 7960
f 7960 7972 7900
f 7764 7700 7758
f 7764 7758 7900
f 7900 7758 7788
f 7758 7700 7679
f 7758 7679 7734
f 7758 7734 7737
f 7737 7734 7679
f 7737 7679 7680
f 7680 7679 7602
f 6392 6376 6525
f 7696 7694 7605
f 7696 7605 7576
f 6584 6535 6588
f 6588 6535 6537
f 6537 6535 6433
f 6588 6537 6562
f 6562 6537 6511
f 6511 6537 6451
f 6562 6511 6546
f 6546 6511 6353
f 6433 6451 6537
o tripo_part_7
v -0.052990 0.037552 -0.106270
v -0.053627 0.052158 -0.114624
v -0.055504 0.053352 -0.112045
v -0.055916 0.050892 -0.109825
v -0.057125 0.047489 -0.107689
v -0.058674 0.060871 -0.117424
v -0.059841 0.038738 -0.106560
v -0.061707 0.061958 -0.111588
v -0.061985 0.058434 -0.109367
v -0.062035 0.048939 -0.106842
v -0.064171 0.068687 -0.115112
v -0.064240 0.039463 -0.108192
v -0.065750 0.041466 -0.103073
v -0.065865 0.039074 -0.108589
v -0.066185 0.034161 -0.107864
v -0.066254 0.040985 -0.106743
v -0.066368 0.060349 -0.108185
v -0.066757 0.043945 -0.108192
v -0.067047 0.043007 -0.107552
v -0.067055 0.050716 -0.107277
v -0.067238 0.042469 -0.103882
v -0.067589 0.068733 -0.110718
v -0.069160 0.046982 -0.108940
v -0.069229 0.043987 -0.108902
v -0.070091 0.075523 -0.112961
v -0.071373 0.060020 -0.107704
v -0.071808 0.047810 -0.124847
v -0.071968 0.044769 -0.111786
v -0.072136 0.046093 -0.112579
v -0.072845 0.050346 -0.110512
v -0.072990 0.066780 -0.108192
v -0.073410 0.046654 -0.115417
v -0.073540 0.045547 -0.114845
v -0.073540 0.073616 -0.109535
v -0.073792 0.046837 -0.117691
v -0.074242 0.046658 -0.119614
v -0.074791 0.058449 -0.108887
v -0.076469 0.053246 -0.113007
v -0.077637 0.044575 -0.111328
v -0.077637 0.047222 -0.121971
v -0.077980 0.054012 -0.119553
v -0.078308 0.049599 -0.132858
v -0.078476 0.069366 -0.108612
v -0.078606 0.076942 -0.109016
v -0.080429 0.068687 -0.109238
v -0.080460 0.064293 -0.110474
v -0.080795 0.061489 -0.112305
v -0.082573 0.061028 -0.117226
v -0.083801 0.079987 -0.109138
v -0.084068 0.073807 -0.109680
v -0.084335 0.064911 -0.114944
v -0.085915 0.072060 -0.111366
v -0.087959 0.071686 -0.113998
s 1
f 8621 8626 8618
f 8626 8621 8624
f 8624 8621 8619
f 8619 8621 8620
f 8624 8619 8623
f 8623 8619 8617
f 8623 8617 8612
f 8610 8615 8606
f 8615 8610 8622
f 8615 8625 8612
f 8625 8615 8631
f 8625 8631 8642
f 8623 8612 8625
f 8622 8631 8615
f 8624 8629 8626
f 8629 8624 8623
f 8629 8623 8633
f 8631 8622 8636
f 8636 8622 8639
f 8631 8636 8648
f 8631 8648 8642
f 8628 8625 8642
f 8625 8628 8623
f 8628 8642 8635
f 8610 8614 8622
f 8636 8649 8648
f 8649 8636 8639
f 8610 8609 8614
f 8642 8648 8650
f 8650 8648 8655
f 8655 8648 8654
f 8614 8627 8622
f 8622 8627 8639
f 8627 8614 8613
f 8627 8613 8630
f 8630 8613 8616
f 8629 8633 8644
f 8644 8633 8638
f 8638 8633 8634
f 8634 8633 8628
f 8634 8628 8635
f 8628 8633 8623
f 8642 8650 8651
f 8642 8651 8635
f 8635 8651 8652
f 8635 8652 8643
f 8643 8652 8656
f 8643 8656 8637
f 8637 8656 8653
f 8651 8650 8655
f 8651 8655 8657
f 8651 8657 8652
f 8652 8657 8658
f 8652 8658 8656
f 8609 8613 8614
f 8613 8609 8608
f 8613 8608 8616
f 8616 8608 8607
f 8616 8607 8611
f 8634 8635 8643
f 8634 8643 8637
f 8634 8637 8638
f 8638 8637 8640
f 8641 8644 8638
s 0
f 8644 8641 8645
s 1
f 8637 8653 8646
f 8641 8632 8645
f 8645 8632 8647
o tripo_part_8
v 0.002799 -0.030312 -0.118309
v 0.003293 -0.035915 -0.121292
v 0.005023 -0.021837 -0.113899
v 0.005433 -0.035072 -0.121140
v 0.007070 -0.026899 -0.120010
v 0.008319 -0.018900 -0.116280
v 0.009056 -0.035679 -0.122055
v 0.009102 -0.015663 -0.113106
v 0.009152 -0.034344 -0.128983
v 0.009717 -0.034748 -0.121552
v 0.009900 -0.018717 -0.118492
v 0.013082 -0.021120 -0.121437
v 0.013832 -0.008148 -0.111496
v 0.014203 -0.034492 -0.120865
v 0.014407 -0.036007 -0.121033
v 0.014627 -0.007929 -0.114990
v 0.015100 -0.023760 -0.122223
v 0.015212 -0.008877 -0.117752
v 0.016718 -0.035522 -0.119301
v 0.016750 -0.011820 -0.120850
v 0.017559 -0.025669 -0.121948
v 0.018154 -0.002100 -0.114052
v 0.019722 -0.013174 -0.122475
v 0.019896 0.000016 -0.110176
v 0.020008 -0.004597 -0.120331
v 0.020123 -0.035973 -0.117020
v 0.020203 -0.000849 -0.117935
v 0.021189 -0.034046 -0.116211
v 0.022116 0.003950 -0.108986
v 0.022860 -0.028242 -0.118385
v 0.023127 -0.004058 -0.122086
v 0.023169 -0.034351 -0.116196
v 0.023497 0.005658 -0.112251
v 0.023762 0.005955 -0.116089
v 0.024628 -0.013212 -0.122787
v 0.024771 -0.021030 -0.120819
v 0.025856 0.006146 -0.119751
v 0.026218 0.007451 -0.108810
v 0.026814 -0.003579 -0.123192
v 0.027157 -0.024282 -0.116371
v 0.027212 -0.036102 -0.117500
v 0.027567 -0.013276 -0.122154
v 0.027752 0.010255 -0.107697
v 0.028318 0.005375 -0.122185
v 0.029284 0.014483 -0.114868
v 0.029673 -0.017368 -0.119171
v 0.030056 -0.004440 -0.123299
v 0.031250 0.013327 -0.107780
v 0.031597 0.015163 -0.120186
v 0.033054 0.016171 -0.106560
v 0.033512 0.019926 -0.111771
v 0.033627 0.020329 -0.117981
v 0.033634 -0.014386 -0.116516
v 0.034119 0.019953 -0.105804
v 0.034565 0.004922 -0.123909
v 0.034588 0.009647 -0.123825
v 0.035103 -0.006047 -0.121162
v 0.035389 0.016558 -0.122742
v 0.035675 0.017817 -0.107056
v 0.036167 0.020487 -0.108643
v 0.036629 0.025810 -0.114983
v 0.037079 0.030472 -0.103912
v 0.037113 -0.000399 -0.122414
v 0.037464 0.004847 -0.123642
v 0.037678 0.020212 -0.105888
v 0.038036 -0.003955 -0.120010
v 0.038589 -0.005862 -0.117538
v 0.038624 0.027374 -0.111526
v 0.040501 0.022165 -0.106232
v 0.040890 0.029507 -0.120941
v 0.040989 0.015193 -0.124557
v 0.041672 0.040333 -0.101738
v 0.041748 0.028177 -0.108406
v 0.041809 0.021437 -0.124496
v 0.042713 0.034485 -0.118843
v 0.042835 0.024727 -0.106194
v 0.043545 0.009849 -0.123199
v 0.043846 0.000279 -0.114235
v 0.044178 0.025541 -0.104919
v 0.044220 0.037472 -0.115707
v 0.044296 0.015426 -0.124428
v 0.045288 0.031742 -0.123756
v 0.045620 0.006633 -0.120018
v 0.045975 0.030006 -0.106712
v 0.046135 0.038425 -0.111771
v 0.046532 0.041325 -0.100899
v 0.046719 0.026556 -0.105576
v 0.046772 0.006157 -0.117699
v 0.046928 0.028778 -0.125061
v 0.047924 0.024748 -0.125214
v 0.048016 0.038853 -0.109848
v 0.048405 0.043198 -0.119514
v 0.048580 0.007774 -0.113380
v 0.048801 0.009244 -0.110786
v 0.049088 0.037430 -0.108177
v 0.049282 0.014455 -0.121971
v 0.049351 0.027155 -0.104706
v 0.049358 0.040756 -0.122993
v 0.049377 0.013974 -0.107559
v 0.049480 0.009405 -0.116310
v 0.049694 0.020498 -0.124275
v 0.050194 0.026150 -0.105431
v 0.050209 0.013033 -0.107262
v 0.050838 0.037102 -0.107162
v 0.050987 0.019464 -0.106476
v 0.051178 0.046089 -0.121536
v 0.051212 0.047077 -0.113335
v 0.051300 0.039314 -0.124855
v 0.051323 0.041672 -0.099884
v 0.051975 0.025759 -0.104980
v 0.052116 0.021175 -0.105736
v 0.052143 0.025404 -0.105911
v 0.052170 0.033298 -0.105927
v 0.052307 0.021093 -0.106995
v 0.052803 0.027641 -0.125076
v 0.054081 0.052418 -0.115410
v 0.054600 0.041153 -0.125748
v 0.054886 0.053955 -0.117950
v 0.055061 0.019464 -0.119377
v 0.055065 0.032097 -0.105972
v 0.055569 0.053669 -0.121178
v 0.055599 0.036491 -0.126022
v 0.055649 0.021126 -0.110039
v 0.055725 0.042877 -0.107147
v 0.055920 0.050816 -0.110558
v 0.055927 0.026930 -0.123680
v 0.056114 0.023296 -0.105270
v 0.057404 0.049908 -0.108932
v 0.058174 0.022516 -0.115662
v 0.058292 0.051926 -0.125061
v 0.058853 0.041862 -0.106598
v 0.058907 0.055332 -0.124184
v 0.058975 0.031111 -0.107704
v 0.059063 0.039276 -0.102188
v 0.059116 0.035168 -0.106781
v 0.059238 0.024845 -0.112846
v 0.059589 0.060822 -0.119637
v 0.059605 0.027885 -0.121170
v 0.060078 0.037598 -0.125519
v 0.060387 0.015552 -0.106819
v 0.060417 0.059593 -0.112473
v 0.060577 0.051430 -0.108055
v 0.060650 0.030994 -0.103981
v 0.061077 0.050777 -0.126495
v 0.061142 0.041367 -0.100784
v 0.061443 0.041084 -0.106796
v 0.061638 0.040401 -0.101784
v 0.061676 0.063629 -0.115356
v 0.062263 0.045704 -0.126495
v 0.062859 0.051022 -0.107384
v 0.063187 0.036469 -0.103157
v 0.063187 0.041676 -0.099648
v 0.063370 0.022747 -0.105789
v 0.063705 0.041351 -0.101219
v 0.064064 0.064674 -0.123871
v 0.064148 0.039341 -0.107994
v 0.064331 0.029148 -0.105072
v 0.064545 0.034664 -0.110817
v 0.064995 0.034634 -0.104584
v 0.065018 0.040886 -0.102745
v 0.065147 0.049629 -0.107208
v 0.065392 0.026190 -0.106804
v 0.065697 0.041267 -0.107910
v 0.065773 0.035999 -0.110184
v 0.065796 0.069000 -0.122536
v 0.065811 0.034794 -0.106262
v 0.065849 0.023159 -0.108627
v 0.065933 0.063034 -0.109894
v 0.066032 0.059460 -0.126938
v 0.066124 0.041172 -0.105431
v 0.066170 0.035484 -0.108597
v 0.066376 0.041710 -0.099220
v 0.066978 0.048332 -0.107658
v 0.067230 0.060421 -0.108429
v 0.067253 0.043137 -0.107719
v 0.067436 0.072762 -0.120529
v 0.067497 0.042233 -0.102310
v 0.067657 0.073357 -0.118355
v 0.068130 0.068405 -0.111153
v 0.068237 0.068245 -0.125793
v 0.068413 0.044632 -0.108887
v 0.068855 0.072411 -0.113411
v 0.070137 0.046093 -0.109985
v 0.070175 0.058998 -0.107864
v 0.070641 0.055679 -0.107925
v 0.070656 0.043903 -0.108917
v 0.070763 0.050087 -0.108925
v 0.070930 0.068527 -0.109596
v 0.071114 0.077682 -0.116234
v 0.071663 0.075714 -0.125031
v 0.072922 0.045212 -0.113617
v 0.073059 0.047874 -0.121803
v 0.073166 0.066330 -0.127960
v 0.073189 0.049389 -0.111115
v 0.073311 0.046795 -0.114395
v 0.073334 0.052742 -0.125031
v 0.073601 0.066826 -0.108498
v 0.073616 0.072105 -0.127579
v 0.073921 0.047092 -0.117958
v 0.074684 0.046284 -0.118484
v 0.074844 0.059727 -0.108612
v 0.074997 0.083939 -0.121925
v 0.075027 0.081718 -0.114128
v 0.075058 0.064034 -0.127777
v 0.075890 0.076790 -0.110367
v 0.075928 0.079979 -0.111855
v 0.076096 0.050999 -0.119949
v 0.076195 0.084373 -0.124092
v 0.076653 0.058594 -0.109604
v 0.076706 0.079277 -0.127426
v 0.077026 0.075371 -0.109520
v 0.077461 0.069237 -0.108574
v 0.077904 0.070839 -0.128387
v 0.078636 0.063446 -0.126602
v 0.078812 0.044029 -0.110847
v 0.079025 0.055092 -0.115654
v 0.079269 0.059731 -0.111122
v 0.079697 0.059353 -0.123611
v 0.079994 0.090431 -0.116035
v 0.080109 0.092171 -0.120163
v 0.080162 0.091774 -0.117889
v 0.080177 0.058430 -0.113342
v 0.080338 0.078934 -0.128738
v 0.080345 0.088676 -0.126129
v 0.080818 0.058929 -0.121651
v 0.081207 0.065590 -0.110100
v 0.081276 0.071098 -0.109032
v 0.081421 0.093529 -0.122917
v 0.082329 0.091675 -0.113968
v 0.082466 0.085571 -0.110558
v 0.082817 0.067253 -0.125916
v 0.082970 0.087692 -0.128357
v 0.083069 0.081917 -0.109573
v 0.084183 0.075867 -0.128433
v 0.085030 0.093338 -0.112610
v 0.085541 0.067772 -0.123672
v 0.085678 0.065186 -0.119202
v 0.085800 0.074135 -0.127335
v 0.085915 0.083122 -0.129303
v 0.086166 0.069817 -0.112137
v 0.086174 0.081139 -0.109398
v 0.086235 0.075966 -0.109886
v 0.086311 0.066582 -0.115822
v 0.086823 0.092567 -0.111221
v 0.087273 0.073830 -0.111046
v 0.087509 0.102570 -0.123985
v 0.087975 0.089874 -0.129623
v 0.088058 0.104332 -0.120934
v 0.088402 0.101990 -0.126144
v 0.088852 0.098801 -0.128311
v 0.089226 0.103981 -0.116379
v 0.089394 0.095604 -0.129410
v 0.090248 0.073357 -0.122482
v 0.090492 0.090340 -0.109985
v 0.090500 0.085991 -0.129257
v 0.090767 0.084679 -0.110107
v 0.090897 0.075195 -0.114105
v 0.091049 0.073273 -0.118721
v 0.091286 0.094223 -0.110367
v 0.091415 0.108589 -0.118538
v 0.091537 0.080078 -0.111618
v 0.091637 0.105385 -0.114578
v 0.092957 0.082291 -0.126968
v 0.093384 0.077385 -0.116287
v 0.093407 0.104942 -0.112900
v 0.093674 0.094551 -0.130112
v 0.093719 0.080513 -0.125031
v 0.093834 0.112419 -0.124069
v 0.094025 0.087502 -0.128616
v 0.094139 0.111359 -0.126068
v 0.094925 0.100449 -0.130356
v 0.095093 0.091728 -0.110512
v 0.095253 0.104408 -0.111786
v 0.095627 0.105309 -0.129990
v 0.095642 0.088295 -0.111313
v 0.095734 0.080666 -0.121399
v 0.096092 0.118446 -0.128265
v 0.096672 0.095024 -0.129807
v 0.096931 0.117722 -0.122078
v 0.097145 0.088470 -0.127411
v 0.097610 0.117882 -0.125412
v 0.097847 0.117378 -0.117599
v 0.098152 0.114388 -0.128616
v 0.098221 0.098885 -0.110657
v 0.098221 0.102974 -0.110870
v 0.098701 0.086769 -0.114922
v 0.099533 0.118279 -0.128250
v 0.099716 0.090431 -0.113518
v 0.100136 0.087166 -0.117775
v 0.100327 0.094772 -0.112030
v 0.100388 0.098686 -0.111176
v 0.100471 0.113991 -0.130203
v 0.100540 0.104538 -0.130768
v 0.100555 0.117065 -0.114326
v 0.101990 0.112076 -0.131012
v 0.102257 0.099518 -0.129272
v 0.102402 0.110565 -0.111473
v 0.102509 0.118408 -0.130432
v 0.103424 0.105865 -0.111221
v 0.103745 0.093422 -0.123764
v 0.104027 0.116768 -0.112419
v 0.104042 0.105087 -0.130310
v 0.104149 0.119049 -0.138611
v 0.104210 0.098625 -0.113174
v 0.104370 0.099274 -0.128006
v 0.104691 0.118362 -0.131317
v 0.104828 0.093895 -0.121101
v 0.105560 0.098534 -0.126511
v 0.106110 0.116608 -0.111839
v 0.106567 0.111916 -0.131180
v 0.107101 0.117821 -0.131836
v 0.107132 0.106453 -0.112350
v 0.107407 0.098839 -0.117020
v 0.107704 0.100967 -0.115349
v 0.107872 0.111938 -0.111755
v 0.108421 0.118340 -0.132111
v 0.109467 0.116562 -0.111870
v 0.109657 0.120285 -0.157471
v 0.109703 0.110138 -0.129822
v 0.109901 0.106888 -0.114029
v 0.110107 0.113815 -0.130859
v 0.110176 0.118469 -0.134155
v 0.110962 0.103172 -0.120354
v 0.111626 0.110909 -0.129578
v 0.111641 0.107590 -0.126907
v 0.111732 0.118492 -0.135544
v 0.112228 0.112274 -0.132736
v 0.112373 0.105957 -0.123535
v 0.112541 0.116570 -0.112587
v 0.112595 0.108925 -0.128189
v 0.112717 0.108383 -0.126831
v 0.113663 0.108047 -0.125168
v 0.113716 0.119110 -0.143936
v 0.114197 0.109474 -0.117546
v 0.114349 0.118462 -0.137115
v 0.114746 0.108780 -0.121201
v 0.115387 0.106728 -0.123398
v 0.115547 0.108315 -0.121780
v 0.115768 0.116646 -0.114197
v 0.116341 0.113487 -0.137024
v 0.117043 0.110786 -0.119537
v 0.117050 0.112701 -0.118622
v 0.117271 0.104843 -0.134506
v 0.117706 0.101547 -0.132278
v 0.117828 0.100136 -0.128983
v 0.117889 0.118317 -0.137985
v 0.118362 0.116737 -0.116745
v 0.118393 0.105629 -0.136017
v 0.119560 0.108620 -0.137527
v 0.119598 0.097466 -0.127151
v 0.119644 0.114105 -0.117996
v 0.120148 0.100555 -0.122383
v 0.120300 0.096428 -0.131638
v 0.121910 0.094856 -0.133606
v 0.121925 0.094543 -0.125336
v 0.122055 0.111641 -0.138397
v 0.123222 0.105042 -0.118973
v 0.123703 0.116554 -0.118164
v 0.123726 0.098312 -0.120804
v 0.123802 0.089668 -0.130051
v 0.124001 0.103188 -0.138458
v 0.124054 0.114098 -0.118332
v 0.124702 0.098167 -0.137955
v 0.125168 0.116325 -0.115715
v 0.125183 0.091301 -0.135727
v 0.125412 0.093842 -0.137146
v 0.125641 0.108452 -0.118553
v 0.126862 0.086601 -0.125092
v 0.126892 0.103340 -0.139038
v 0.127060 0.085045 -0.133530
v 0.127167 0.108734 -0.138443
v 0.127365 0.096642 -0.119820
v 0.128052 0.082329 -0.128784
v 0.128082 0.116615 -0.120735
v 0.128128 0.088028 -0.122643
v 0.128128 0.109680 -0.119202
v 0.128845 0.093964 -0.139038
v 0.129395 0.098526 -0.119171
v 0.130035 0.116669 -0.122421
v 0.130417 0.108742 -0.137436
v 0.130508 0.117348 -0.132248
v 0.130661 0.116745 -0.124443
v 0.130844 0.086586 -0.138611
v 0.130951 0.113235 -0.122032
v 0.131348 0.097038 -0.139557
v 0.131561 0.116982 -0.127991
v 0.131836 0.075439 -0.130768
v 0.132034 0.080048 -0.137115
v 0.132080 0.084679 -0.121567
v 0.132263 0.101425 -0.119568
v 0.132355 0.089577 -0.120079
v 0.132690 0.090324 -0.139816
v 0.132706 0.077415 -0.124947
v 0.133163 0.106461 -0.120995
v 0.133347 0.073814 -0.127731
v 0.133453 0.117119 -0.129471
v 0.133591 0.112854 -0.130295
v 0.133636 0.098335 -0.139084
v 0.133636 0.111862 -0.132126
v 0.133942 0.110474 -0.124275
v 0.134003 0.108498 -0.134949
v 0.134140 0.074211 -0.136047
v 0.134644 0.071739 -0.134476
v 0.134720 0.078865 -0.138870
v 0.134918 0.114876 -0.100227
v 0.135727 0.098763 -0.138275
v 0.135818 0.080772 -0.139893
v 0.136078 0.089066 -0.140182
v 0.136093 0.093781 -0.119904
v 0.136276 0.107979 -0.126907
v 0.136459 0.087189 -0.120010
v 0.137024 0.096939 -0.120674
v 0.137207 0.101723 -0.122536
v 0.137405 0.074936 -0.122414
v 0.137619 0.106018 -0.129623
v 0.138184 0.103462 -0.125275
v 0.138351 0.097862 -0.137146
v 0.138367 0.079018 -0.120972
v 0.138718 0.090584 -0.139557
v 0.138779 0.063583 -0.133286
v 0.138840 0.101402 -0.134308
v 0.138885 0.065201 -0.127029
v 0.138947 0.063362 -0.129990
v 0.139313 0.098564 -0.135910
v 0.139557 0.068344 -0.138824
v 0.139694 0.078102 -0.140823
v 0.140366 0.086838 -0.120636
v 0.140396 0.094086 -0.122032
v 0.141006 0.070129 -0.140350
v 0.141052 0.063782 -0.125381
v 0.141541 0.098869 -0.127579
v 0.142120 0.061459 -0.138016
v 0.142380 0.096611 -0.133026
v 0.143036 0.087296 -0.138855
v 0.143158 0.082985 -0.140182
v 0.143250 0.069313 -0.121857
v 0.143448 0.086411 -0.121857
v 0.143600 0.091515 -0.123901
v 0.143661 0.076790 -0.141159
v 0.143692 0.054909 -0.130844
v 0.144272 0.093224 -0.126358
v 0.144302 0.073708 -0.121101
v 0.144394 0.055653 -0.137024
v 0.144867 0.063873 -0.140930
v 0.144958 0.061440 -0.123581
v 0.145035 0.093048 -0.131195
v 0.145172 0.058949 -0.139816
v 0.145432 0.068321 -0.141586
v 0.145508 0.078423 -0.121422
v 0.145691 0.088898 -0.135757
v 0.146500 0.052204 -0.127762
v 0.146591 0.076912 -0.140701
v 0.147095 0.049370 -0.135727
v 0.147995 0.085403 -0.125702
v 0.148270 0.087364 -0.129440
v 0.148514 0.055859 -0.141129
v 0.148773 0.076118 -0.122475
v 0.148804 0.070168 -0.121712
v 0.148804 0.081161 -0.137833
v 0.148880 0.061100 -0.122314
v 0.149155 0.050110 -0.139633
v 0.149246 0.044815 -0.132935
v 0.149475 0.058739 -0.141983
v 0.149506 0.064651 -0.142059
v 0.149521 0.047489 -0.138565
v 0.149734 0.048542 -0.126541
v 0.150009 0.074211 -0.140198
v 0.150009 0.083275 -0.134064
v 0.150620 0.076439 -0.123825
v 0.150787 0.115257 -0.111671
v 0.150864 0.067055 -0.141739
v 0.151047 0.049667 -0.124878
v 0.151306 0.062744 -0.122009
v 0.151382 0.041229 -0.134171
v 0.151474 0.041862 -0.130630
v 0.151550 0.080269 -0.127548
v 0.152618 0.079765 -0.131348
v 0.153275 0.076752 -0.135635
v 0.153488 0.065155 -0.122658
v 0.153488 0.067360 -0.140900
v 0.153580 0.056080 -0.142639
v 0.154037 0.045090 -0.141571
v 0.154221 0.037640 -0.137360
v 0.154526 0.052525 -0.122879
v 0.154587 0.049187 -0.142624
v 0.154678 0.072845 -0.126099
v 0.155151 0.046734 -0.124008
v 0.155228 0.038506 -0.127655
v 0.155304 0.057575 -0.142517
v 0.155441 0.074364 -0.133499
v 0.155548 0.064949 -0.123604
v 0.155884 0.039787 -0.141037
v 0.156937 0.066170 -0.139359
v 0.157211 0.034336 -0.139511
v 0.157211 0.058338 -0.142044
v 0.157394 0.070641 -0.129318
v 0.157562 0.052006 -0.122917
v 0.158249 0.065392 -0.125793
v 0.158829 0.065926 -0.137497
v 0.158951 0.052998 -0.123192
v 0.159348 0.027611 -0.134521
v 0.159348 0.043591 -0.123672
v 0.159393 0.041016 -0.143250
v 0.159500 0.036839 -0.125290
v 0.159576 0.046642 -0.143433
v 0.159973 0.055157 -0.123802
v 0.160187 0.065468 -0.135513
v 0.160248 0.035225 -0.142548
v 0.160797 0.025723 -0.137177
v 0.160812 0.026089 -0.131363
v 0.161118 0.063309 -0.128464
v 0.161484 0.056778 -0.125015
v 0.161530 0.027122 -0.128922
v 0.161530 0.055626 -0.141068
v 0.161926 0.027050 -0.140610
v 0.162033 0.030258 -0.126450
v 0.162354 0.047550 -0.143097
v 0.162659 0.062202 -0.132507
v 0.162872 0.042530 -0.123642
v 0.163574 0.032295 -0.143585
v 0.163589 0.033329 -0.124779
v 0.164459 0.038578 -0.143997
v 0.165253 0.051899 -0.126266
v 0.165771 0.052475 -0.139297
v 0.166412 0.047726 -0.125549
v 0.166443 0.017319 -0.139893
v 0.166504 0.043236 -0.124565
v 0.166718 0.033951 -0.124214
v 0.166763 0.023323 -0.143143
v 0.166962 0.053429 -0.136429
v 0.167023 0.051491 -0.128174
v 0.167435 0.042252 -0.142914
v 0.167984 0.023058 -0.125977
v 0.168213 0.030693 -0.144531
v 0.168213 0.052322 -0.133194
v 0.168304 0.012109 -0.134048
v 0.168610 0.025724 -0.144424
v 0.168945 0.050320 -0.130997
v 0.169052 0.017101 -0.142700
v 0.169083 0.026796 -0.124817
v 0.169571 0.016489 -0.127655
v 0.169968 0.033627 -0.144150
v 0.170059 0.041275 -0.141922
v 0.170380 0.008639 -0.138062
v 0.170578 0.034168 -0.124794
v 0.171158 0.045097 -0.138245
v 0.171539 0.009610 -0.130112
v 0.171768 0.037266 -0.125854
v 0.171951 0.045719 -0.134979
v 0.172150 0.017939 -0.144653
v 0.172562 0.034679 -0.143143
v 0.172607 0.021246 -0.145020
v 0.173141 0.015848 -0.126144
v 0.173645 0.038177 -0.127792
v 0.173843 0.039139 -0.139786
v 0.174194 0.025242 -0.125031
v 0.174820 0.038734 -0.129868
v 0.174835 0.002362 -0.132187
v 0.175125 0.040092 -0.132660
v 0.175140 0.001925 -0.140808
v 0.175766 0.003643 -0.142868
v 0.176147 0.006589 -0.144318
v 0.176315 0.026136 -0.144165
v 0.176392 0.033051 -0.141296
v 0.176620 0.036800 -0.137482
v 0.176636 0.012451 -0.145493
v 0.176865 0.026323 -0.126053
v 0.177002 0.020241 -0.145172
v 0.177536 0.004797 -0.127853
v 0.178406 0.013033 -0.125732
v 0.178757 0.014118 -0.145691
v 0.179504 0.025553 -0.127548
v 0.180008 0.029039 -0.139999
v 0.180023 0.031631 -0.135864
v 0.180038 0.005901 -0.126633
v 0.180222 -0.008552 -0.137909
v 0.180389 0.029762 -0.131561
v 0.180557 0.002758 -0.145660
v 0.180618 -0.008671 -0.134766
v 0.181137 0.015072 -0.126053
v 0.181610 0.020660 -0.143478
v 0.182068 0.014845 -0.145111
v 0.182358 0.023985 -0.129776
v 0.182785 -0.009268 -0.131348
v 0.182877 0.002918 -0.146271
v 0.182892 0.021399 -0.142136
v 0.183258 -0.011578 -0.141953
v 0.183411 0.024597 -0.138458
v 0.183746 0.016775 -0.127655
v 0.184052 -0.013283 -0.133163
v 0.184464 -0.006632 -0.145584
v 0.184921 -0.007965 -0.128799
v 0.185013 -0.003667 -0.127441
v 0.185242 0.022188 -0.134628
v 0.185501 -0.000165 -0.126770
v 0.185532 0.005291 -0.126541
v 0.185837 -0.012851 -0.144333
v 0.186615 0.016703 -0.141174
v 0.186874 -0.019865 -0.139450
v 0.187119 0.018755 -0.137131
v 0.187149 0.007214 -0.145340
v 0.187180 0.000912 -0.146576
v 0.187302 0.011736 -0.143524
v 0.187363 -0.005687 -0.146774
v 0.187881 -0.011856 -0.146179
v 0.187897 0.014721 -0.130798
v 0.187943 0.016857 -0.133484
v 0.188080 -0.022141 -0.136383
v 0.188278 -0.016422 -0.130402
v 0.188812 0.008478 -0.128540
v 0.189301 -0.020937 -0.143799
v 0.189667 0.004104 -0.127777
v 0.190338 -0.013186 -0.128143
v 0.190689 -0.001749 -0.127319
v 0.191055 -0.008353 -0.127258
v 0.191483 -0.001114 -0.146118
v 0.191574 -0.024960 -0.132401
v 0.191788 -0.020855 -0.129959
v 0.191818 -0.016844 -0.146988
v 0.191940 -0.022280 -0.145737
v 0.192169 -0.027664 -0.142853
v 0.192368 0.006269 -0.142166
v 0.192474 0.008533 -0.139328
v 0.192902 0.007207 -0.132599
v 0.192978 0.005207 -0.130966
v 0.193237 -0.009654 -0.147369
v 0.193619 -0.014039 -0.147583
v 0.194382 -0.003250 -0.145599
v 0.194397 -0.033562 -0.138641
v 0.194412 0.006142 -0.136765
v 0.194458 -0.033005 -0.141342
v 0.195526 -0.002479 -0.129684
v 0.195770 -0.034657 -0.135330
v 0.195801 -0.025194 -0.147293
v 0.195892 -0.031864 -0.145004
v 0.196091 -0.017742 -0.127930
v 0.196121 0.002498 -0.134323
v 0.196167 -0.012465 -0.127869
v 0.196762 -0.024300 -0.128891
v 0.197342 -0.010852 -0.146790
v 0.197388 -0.021803 -0.148102
v 0.197678 -0.006485 -0.145020
v 0.197784 -0.003264 -0.142929
v 0.198044 -0.010900 -0.128799
v 0.198425 -0.036697 -0.133057
v 0.198715 -0.002711 -0.140915
v 0.199310 -0.034180 -0.130890
v 0.199341 -0.031567 -0.147751
v 0.199417 -0.005800 -0.131775
v 0.200058 -0.019131 -0.147888
v 0.200729 -0.005045 -0.139008
v 0.201233 -0.020330 -0.128601
v 0.201874 -0.026825 -0.128601
v 0.202515 -0.009696 -0.133545
v 0.202545 -0.014138 -0.130676
v 0.202560 -0.008130 -0.136459
v 0.202972 -0.028631 -0.148773
v 0.203354 -0.016811 -0.145966
v 0.203400 -0.037506 -0.164764
v 0.203934 -0.041279 -0.147888
v 0.204254 -0.013721 -0.143066
v 0.204254 -0.036110 -0.129578
v 0.204712 -0.037731 -0.148819
v 0.205414 -0.013972 -0.141098
v 0.205658 -0.024719 -0.129669
v 0.206009 -0.014036 -0.138611
v 0.206421 -0.029465 -0.129318
v 0.206726 -0.015785 -0.135788
v 0.206802 -0.027840 -0.148087
v 0.207397 -0.035591 -0.129303
v 0.208176 -0.041027 -0.149353
v 0.208511 -0.021479 -0.133179
v 0.209198 -0.026306 -0.131317
v 0.209381 -0.026800 -0.146454
v 0.209518 -0.022161 -0.142990
v 0.210190 -0.025461 -0.144913
v 0.210342 -0.037735 -0.149231
v 0.210541 -0.043774 -0.129929
v 0.211243 -0.033916 -0.130463
v 0.211288 -0.023462 -0.140030
v 0.211990 -0.036247 -0.148483
v 0.212387 -0.041134 -0.149338
v 0.214005 -0.042713 -0.130264
v 0.214203 -0.035442 -0.147079
v 0.214615 -0.030060 -0.136551
v 0.215698 -0.041412 -0.148636
v 0.216232 -0.036495 -0.133362
v 0.216339 -0.043468 -0.131088
v 0.217712 -0.037117 -0.144577
v 0.218262 -0.038029 -0.135162
v 0.218506 -0.042519 -0.132614
v 0.218536 -0.042011 -0.147018
v 0.218628 -0.037022 -0.142273
v 0.218842 -0.036831 -0.138763
v 0.221039 -0.042744 -0.143982
v 0.221085 -0.040142 -0.154922
v 0.221802 -0.044365 -0.136108
v 0.222321 -0.043568 -0.140106
v -0.000565 -0.035965 -0.118752
s 1
f 8803 8744 8767
f 8803 8767 8810
f 8744 8803 8805
f 8744 8805 8730
f 8730 8805 8792
f 8805 8803 8812
f 8792 8805 8809
f 8805 8812 8818
f 8805 8818 8809
f 8818 8812 8835
f 8835 8812 8830
f 8809 8818 8817
f 8809 8817 8815
f 8720 8730 8792
f 8720 8792 8737
f 8737 8792 8755
f 8755 8792 8801
f 8801 8792 8809
f 8801 8809 8811
f 8755 8801 8768
f 8755 8768 8760
f 8760 8768 8770
f 8770 8768 8769
f 8769 8768 8785
f 8785 8768 8801
f 8785 8801 8798
f 8835 8828 8818
f 8818 8828 8817
f 8844 8833 8835
f 8835 8833 8828
f 8817 8828 8824
f 8817 8824 8820
f 8824 8828 8829
f 8824 8829 8825
f 8828 8833 8821
f 8828 8821 8829
f 8821 8833 8839
f 8829 8821 8822
f 8821 8839 8819
f 8822 8821 8814
f 8822 8814 8816
f 8821 8819 8804
f 8821 8804 8814
f 8804 8819 8789
f 8789 8819 8808
f 8814 8804 8793
f 8793 8804 8789
f 8816 8814 8791
f 8791 8814 8793
f 8816 8791 8781
f 8781 8791 8772
f 8772 8791 8770
f 8791 8793 8778
f 8791 8778 8770
f 8778 8793 8789
f 8770 8778 8760
f 8778 8789 8771
f 8778 8771 8760
f 8782 8789 8808
f 8789 8782 8771
f 8782 8808 8800
f 8782 8800 8786
f 8760 8771 8745
f 8760 8745 8755
f 8745 8771 8742
f 8771 8782 8762
f 8771 8762 8742
f 8782 8786 8753
f 8782 8753 8762
f 8762 8753 8742
f 8742 8753 8731
f 8731 8753 8749
f 8712 8720 8737
f 8745 8737 8755
f 8737 8745 8734
f 8734 8745 8742
f 8734 8742 8731
f 8737 8734 8727
f 8727 8734 8731
f 8712 8737 8723
f 8723 8737 8727
f 8712 8723 8708
f 8712 8708 8701
f 8723 8727 8717
f 8723 8717 8708
f 8701 8708 8706
f 8706 8708 8717
f 8701 8706 8696
f 8717 8727 8718
f 8718 8727 8731
f 8717 8718 8706
f 8696 8706 8709
f 8709 8706 8718
f 8696 8709 8691
f 8691 8709 8703
f 8718 8731 8726
f 8718 8726 8709
f 8726 8731 8743
f 8709 8726 8719
f 8709 8719 8703
f 8719 8726 8738
f 8719 8738 8733
f 8703 8719 8710
f 8710 8719 8733
f 8703 8710 8692
f 8710 8733 8728
f 8692 8710 8707
f 8707 8710 8728
f 8761 8769 8785
f 8761 8785 8798
f 8769 8761 8763
f 8763 8761 8757
f 8769 8763 8772
f 8769 8772 8770
f 8772 8763 8781
f 8781 8763 8757
f 8781 8757 8752
f 8781 8752 8794
f 8794 8752 8787
f 8842 8855 8832
f 8855 8842 8870
f 8842 8832 8808
f 8808 8832 8800
f 8842 8808 8819
f 8870 8842 8843
f 8843 8842 8819
f 8843 8819 8831
f 8831 8819 8839
f 8843 8831 8845
f 8845 8831 8839
f 8870 8843 8859
f 8859 8843 8845
f 8870 8859 8885
f 8845 8839 8841
f 8885 8859 8884
f 8885 8884 8900
f 8859 8845 8867
f 8859 8867 8884
f 8845 8841 8852
f 8845 8852 8867
f 8841 8839 8849
f 8841 8849 8852
f 8833 8844 8839
f 8839 8844 8849
f 8849 8844 8873
f 8849 8873 8858
f 8849 8858 8853
f 8849 8853 8852
f 8853 8858 8857
f 8875 8867 8852
f 8867 8875 8884
f 8852 8853 8880
f 8852 8880 8875
f 8884 8875 8898
f 8884 8898 8903
f 8898 8875 8880
f 8898 8880 8915
f 8915 8880 8901
f 8880 8853 8874
f 8880 8874 8901
f 8874 8853 8857
f 8901 8874 8895
f 8895 8874 8857
f 8832 8855 8846
f 8870 8869 8855
f 8855 8869 8846
f 8846 8869 8863
f 8846 8863 8837
f 8837 8863 8864
f 8837 8864 8840
f 8837 8840 8799
f 8837 8799 8783
f 8846 8837 8826
f 8826 8837 8783
f 8846 8826 8832
f 8826 8783 8786
f 8826 8786 8832
f 8832 8786 8800
f 8900 8899 8885
f 8885 8899 8870
f 8899 8900 8914
f 8870 8899 8891
f 8899 8914 8912
f 8899 8912 8891
f 8912 8914 8930
f 8912 8930 8942
f 8870 8891 8869
f 8912 8942 8917
f 8912 8917 8891
f 8869 8891 8888
f 8888 8891 8917
f 8869 8888 8863
f 8863 8888 8864
f 8864 8888 8893
f 8888 8917 8902
f 8888 8902 8893
f 8902 8917 8931
f 8893 8902 8923
f 8923 8902 8931
f 8786 8783 8753
f 8753 8783 8749
f 8749 8783 8765
f 8765 8783 8799
f 8749 8765 8743
f 8765 8799 8774
f 8743 8765 8738
f 8738 8765 8774
f 8743 8738 8726
f 8738 8774 8776
f 8738 8776 8750
f 8738 8750 8733
f 8750 8776 8779
f 8733 8750 8728
f 8750 8779 8764
f 8750 8764 8728
f 8764 8779 8790
f 8728 8764 8756
f 8756 8764 8790
f 8728 8756 8740
f 8756 8790 8788
f 8740 8756 8766
f 8766 8756 8788
f 8740 8766 8747
f 8766 8788 8775
f 8766 8775 8747
f 8775 8788 8802
f 8747 8775 8780
f 8780 8775 8802
f 8747 8780 8748
f 8780 8802 8807
f 8748 8780 8773
f 8780 8807 8797
f 8780 8797 8773
f 8773 8797 8784
f 8687 8696 8682
f 8682 8696 8691
f 8731 8749 8743
f 9063 8987 9022
f 9022 8987 8997
f 9037 9022 9032
f 9022 8997 9016
f 9022 9016 9032
f 9005 8997 8978
f 8997 9005 9016
f 9032 9016 9034
f 9032 9034 9052
f 9052 9034 9048
f 9034 9016 9020
f 9048 9034 9025
f 9025 9034 9020
f 9048 9025 9036
f 9020 9016 9009
f 9020 9009 9025
f 9009 9016 9005
f 9036 9025 9015
f 9015 9025 9009
f 9036 9015 9030
f 9030 9015 9017
f 9009 9005 9000
f 9000 9005 8992
f 9000 8992 8994
f 9009 9000 8999
f 9009 8999 9015
f 8999 9000 8994
f 9015 8999 9017
f 8999 8994 8996
f 8999 8996 9017
f 8996 8994 8990
f 8996 8990 8995
f 8995 8990 9013
f 9017 8996 9010
f 9010 8996 8995
f 9010 8995 9013
f 9017 9010 9033
f 9010 9013 9026
f 8942 8943 8917
f 8917 8943 8931
f 8943 8942 8957
f 8957 8942 8949
f 8949 8942 8930
f 8949 8930 8933
f 8957 8949 8970
f 8957 8970 8973
f 8949 8933 8948
f 8949 8948 8970
f 8948 8933 8946
f 8970 8948 8962
f 8962 8948 8946
f 8970 8962 8978
f 8962 8946 8972
f 8962 8972 8978
f 8933 8930 8914
f 8933 8914 8919
f 8933 8919 8946
f 8919 8914 8900
f 8946 8919 8944
f 8919 8900 8903
f 8919 8903 8944
f 8903 8900 8884
f 8944 8903 8915
f 8915 8903 8898
f 8944 8915 8922
f 8944 8922 8947
f 8922 8915 8901
f 8947 8922 8916
f 8916 8922 8901
f 8916 8901 8895
f 8957 8955 8943
f 8955 8957 8967
f 8943 8955 8931
f 8931 8955 8959
f 8973 8975 8967
f 8973 8967 8957
f 8975 8973 8987
f 8987 8973 8970
f 8987 8970 8997
f 8997 8970 8978
f 8959 8955 8967
f 8864 8893 8887
f 8923 8920 8893
f 8893 8920 8887
f 8887 8920 8909
f 8864 8887 8861
f 8864 8861 8840
f 8840 8861 8847
f 8861 8887 8877
f 8861 8877 8847
f 8877 8887 8909
f 8847 8877 8879
f 8879 8877 8909
f 8847 8879 8836
f 8879 8909 8918
f 8836 8879 8878
f 8879 8918 8906
f 8879 8906 8878
f 8959 8952 8931
f 8923 8931 8952
f 8923 8952 8920
f 8674 8671 8680
f 8671 8674 8666
f 8666 8674 8676
f 8666 8676 8664
f 8674 8680 8685
f 8674 8685 8676
f 8685 8680 8692
f 8692 8680 8691
f 8692 8691 8703
f 8664 8676 8669
f 8664 8669 8661
f 8676 8685 8683
f 8676 8683 8669
f 8661 8669 8659
f 8685 8692 8695
f 8685 8695 8683
f 8695 8692 8707
f 8695 8707 8702
f 8695 8702 8683
f 8659 8669 8663
f 8659 8663 9357
f 8678 8669 8683
f 8669 8678 8663
f 8683 8702 8689
f 8683 8689 8678
f 8689 8702 8697
f 8697 8702 8714
f 8678 8689 8681
f 8681 8689 8697
f 8697 8714 8713
f 8678 8681 8670
f 8678 8670 8663
f 8662 9357 8663
f 8662 8663 8670
f 9357 8662 8660
f 8697 8713 8705
f 8705 8713 8722
f 8705 8722 8721
f 8697 8705 8693
f 8697 8693 8681
f 8705 8721 8700
f 8705 8700 8693
f 8700 8721 8715
f 8715 8721 8724
f 8693 8700 8679
f 8681 8693 8675
f 8681 8675 8670
f 8675 8693 8679
f 8670 8675 8662
f 8700 8715 8694
f 8700 8694 8679
f 8662 8675 8668
f 8668 8675 8679
f 8662 8668 8665
f 8662 8665 8660
f 8660 8665 8667
f 8667 8665 8673
f 8673 8665 8668
f 8668 8679 8672
f 8668 8672 8673
f 8672 8679 8694
f 8673 8672 8677
f 8677 8672 8694
f 8673 8677 8699
f 8699 8677 8684
f 8684 8677 8686
f 8684 8686 8690
f 8686 8677 8688
f 8688 8677 8694
f 8688 8694 8704
f 8688 8704 8698
f 8704 8694 8715
f 8698 8704 8711
f 8704 8715 8724
f 8704 8724 8711
f 8711 8724 8725
f 8725 8724 8741
f 8711 8725 8736
f 8799 8840 8806
f 8806 8840 8847
f 8799 8806 8774
f 8806 8847 8836
f 8774 8806 8776
f 8776 8806 8836
f 8776 8836 8795
f 8776 8795 8779
f 8795 8836 8834
f 8779 8795 8823
f 8823 8795 8834
f 8823 8834 8860
f 8972 9005 8978
f 9005 8972 8992
f 8944 8971 8946
f 8946 8971 8972
f 8972 8971 8992
f 8971 8944 8947
f 8992 8971 8981
f 8981 8971 8947
f 8981 8947 8965
f 8965 8947 8916
f 8981 8965 8986
f 8986 8965 8958
f 8952 8940 8920
f 8758 8787 8751
f 8787 8758 8777
f 8777 8758 8746
f 8746 8758 8736
f 8746 8736 8725
f 8746 8725 8741
f 8746 8741 8777
f 8777 8741 8754
f 8754 8741 8724
f 8777 8754 8796
f 8754 8724 8721
f 8796 8754 8784
f 8754 8721 8735
f 8735 8721 8722
f 8784 8754 8759
f 8759 8754 8735
f 8784 8759 8773
f 8735 8722 8739
f 8735 8739 8759
f 8739 8722 8713
f 8773 8759 8748
f 8748 8759 8739
f 8739 8713 8729
f 8739 8729 8748
f 8729 8713 8714
f 8748 8729 8732
f 8732 8729 8714
f 8748 8732 8747
f 8747 8732 8740
f 8732 8714 8716
f 8732 8716 8740
f 8716 8714 8702
f 8740 8716 8728
f 8716 8702 8707
f 8716 8707 8728
f 8920 8940 8909
f 8909 8940 8918
f 8865 8895 8857
f 8895 8865 8883
f 8883 8865 8850
f 8895 8883 8911
f 8883 8850 8876
f 8911 8883 8894
f 8894 8883 8876
f 8894 8876 8889
f 8889 8876 8854
f 8889 8854 8872
f 8889 8872 8896
s 0
f 9128 9037 9054
s 1
f 9054 9037 9040
f 9040 9037 9032
f 9069 9067 9036
f 9036 9067 9048
f 9048 9067 9070
f 9048 9070 9052
f 9070 9067 9085
f 9085 9067 9069
f 9070 9085 9095
f 9095 9085 9107
f 9069 9036 9049
f 9069 9049 9076
f 9049 9036 9030
f 9076 9049 9047
f 9047 9049 9030
f 9047 9030 9017
f 9047 9017 9033
f 9047 9033 9072
f 8981 8994 8992
f 8994 8981 8986
f 8994 8986 8990
f 8990 8986 8983
f 8990 8983 8989
f 8990 8989 8988
f 8988 8989 8982
f 8982 8989 8983
f 8982 8983 8977
f 8982 8977 8979
f 8982 8979 8985
f 8979 8977 8968
f 8985 8979 8974
f 8974 8979 8968
f 8918 8940 8937
f 8918 8937 8906
f 8906 8937 8926
f 8926 8937 8939
f 8926 8939 8928
f 8926 8928 8904
f 8928 8939 8941
f 8941 8939 8945
f 8895 8934 8916
f 8916 8934 8965
f 8934 8895 8911
f 8934 8911 8925
f 8836 8878 8860
f 8836 8860 8834
f 9100 9107 9085
f 9107 9100 9116
f 9116 9100 9131
f 9076 9100 9069
f 9100 9076 9094
f 9100 9094 9118
f 9118 9094 9103
f 9094 9076 9072
f 9094 9072 9103
f 9072 9076 9047
f 9103 9072 9088
f 9088 9072 9051
f 9051 9072 9033
f 9088 9051 9080
f 9088 9080 9109
f 9109 9080 9098
f 9080 9051 9053
f 9053 9051 9026
f 9098 9080 9081
f 9081 9080 9053
f 9098 9081 9078
f 9081 9053 9045
f 9081 9045 9078
f 9045 9053 9031
f 9078 9045 9061
f 9078 9061 9101
f 9101 9061 9090
f 9085 9069 9100
f 9052 9042 9032
f 9042 9052 9071
f 9032 9042 9040
f 9042 9071 9058
f 9042 9058 9040
f 9040 9058 9068
f 9040 9068 9044
f 9044 9068 9073
f 9044 9073 9055
f 9118 9131 9100
f 9095 9086 9070
f 9086 9095 9096
f 9096 9095 9127
f 9070 9086 9071
f 9070 9071 9052
f 9071 9086 9096
f 9096 9127 9112
f 9071 9096 9074
f 9071 9074 9058
f 9058 9074 9068
f 9068 9074 9089
f 9074 9096 9099
f 9099 9096 9112
f 9074 9099 9089
f 9099 9112 9134
f 9089 9099 9113
f 9113 9099 9134
f 8860 8878 8886
f 8886 8878 8906
f 8886 8906 8904
f 8886 8904 8907
f 8886 8907 8882
f 8886 8882 8866
f 8886 8866 8860
f 8860 8866 8823
f 9142 9131 9118
f 9142 9118 9145
f 9142 9145 9160
f 9145 9118 9130
f 9145 9130 9162
f 9130 9118 9103
f 9130 9103 9088
f 9130 9088 9124
f 9130 9124 9146
f 9124 9088 9109
f 9124 9109 9146
f 9146 9109 9133
f 9133 9109 9098
f 9133 9098 9120
f 9120 9098 9078
f 9133 9120 9132
f 9120 9078 9111
f 9120 9111 9132
f 9132 9111 9141
f 9111 9078 9101
f 9141 9111 9123
f 9123 9111 9101
f 9123 9101 9119
f 9119 9101 9090
f 9123 9119 9150
f 9119 9090 9105
f 9150 9119 9140
f 9119 9105 9114
f 9119 9114 9140
f 9114 9105 9102
f 9114 9102 9121
f 9140 9114 9143
f 9143 9114 9121
f 9140 9143 9161
f 9161 9143 9163
f 9143 9121 9139
f 9143 9139 9163
f 9139 9121 9122
f 9139 9122 9147
f 9139 9147 9163
f 9163 9147 9175
f 9175 9147 9153
f 9153 9147 9129
f 9175 9153 9172
f 9172 9153 9138
f 9175 9172 9190
f 9131 9137 9116
f 9116 9137 9107
f 9137 9115 9107
f 9107 9115 9095
f 9095 9115 9127
f 8958 8965 8934
f 8958 8934 8925
f 8958 8925 8966
f 9155 9142 9160
f 9142 9155 9131
f 9155 9160 9177
f 9131 9155 9158
f 9158 9155 9177
f 9131 9158 9137
f 9158 9177 9185
f 9137 9158 9164
f 9164 9158 9185
f 9137 9164 9149
f 9164 9185 9183
f 9149 9164 9170
f 9170 9164 9183
f 9170 9183 9181
f 9181 9183 9189
f 9170 9181 9169
f 9169 9181 9189
f 9170 9169 9156
f 9169 9189 9196
f 9169 9196 9176
f 9176 9196 9193
f 9176 9193 9188
f 9188 9193 9207
f 9176 9188 9165
f 9165 9188 9157
f 9157 9188 9182
f 9182 9188 9204
f 9157 9182 9151
f 9151 9182 9172
f 9172 9182 9201
f 9137 9149 9115
f 9115 9149 9127
f 9127 9149 9156
f 9156 9149 9170
f 9127 9156 9144
f 9127 9144 9112
f 9144 9156 9169
f 9112 9144 9134
f 9144 9169 9154
f 9144 9154 9134
f 9154 9169 9176
f 9134 9154 9135
f 9135 9154 9176
f 8813 8779 8823
f 8779 8813 8790
f 8813 8823 8848
f 9033 9010 9026
f 9033 9026 9051
f 8906 8926 8904
f 8894 8925 8911
f 8925 8894 8889
f 8925 8889 8921
f 8925 8921 8938
f 8921 8889 8896
f 8938 8921 8927
f 8927 8921 8896
f 8927 8896 8892
f 8892 8896 8872
f 8927 8892 8913
f 8913 8892 8897
f 8913 8897 8924
f 8924 8897 8905
f 8897 8892 8871
f 8871 8892 8862
f 8897 8871 8881
f 8897 8881 8905
f 8881 8871 8851
f 8881 8851 8856
f 8881 8856 8868
f 8905 8881 8890
f 8890 8881 8868
f 8905 8890 8910
f 8910 8890 8908
f 8908 8890 8882
f 8882 8890 8868
f 8908 8882 8907
f 8882 8868 8848
f 8848 8868 8838
f 9186 9203 9177
f 9186 9177 9160
f 9177 9203 9185
f 9185 9203 9206
f 9206 9203 9225
f 9185 9206 9183
f 9183 9206 9212
f 9183 9212 9189
f 9189 9212 9215
f 9189 9215 9196
f 9196 9215 9217
f 9217 9215 9235
f 9196 9217 9193
f 9193 9217 9207
f 9207 9217 9232
f 9207 9232 9223
f 9207 9223 9204
f 9207 9204 9188
f 9186 9160 9179
f 9186 9179 9198
f 9198 9179 9191
f 9179 9160 9162
f 9191 9179 9174
f 9174 9179 9162
f 9174 9162 9146
f 9146 9162 9130
f 9174 9146 9171
f 9171 9146 9133
f 9171 9133 9168
f 9162 9160 9145
f 8937 8935 8939
f 8939 8935 8945
f 8945 8935 8961
f 8950 8941 8945
f 8950 8945 8956
f 8956 8945 8961
f 8950 8956 8953
f 8984 8980 8961
f 8961 8980 8974
f 8956 8961 8964
f 8964 8961 8974
f 8956 8964 8953
f 8964 8974 8969
f 8964 8969 8953
f 8969 8974 8968
f 8969 8968 8953
f 8823 8866 8848
f 8848 8866 8882
f 9214 9186 9198
f 9214 9198 9228
f 9228 9198 9211
f 9214 9228 9238
f 9211 9198 9191
f 9214 9238 9225
f 9214 9225 9203
f 9225 9238 9247
f 9225 9247 9230
f 9211 9191 9199
f 9199 9191 9174
f 9211 9199 9227
f 9214 9203 9186
f 8958 8983 8986
f 8904 8928 8907
f 9233 9228 9211
f 9233 9211 9227
f 9233 9227 9251
f 9233 9251 9253
f 9233 9253 9228
f 9228 9253 9254
f 9254 9253 9272
f 9228 9254 9238
f 9254 9272 9270
f 9254 9270 9238
f 9238 9270 9268
f 9238 9268 9247
f 9268 9270 9290
f 9013 8990 9008
f 9008 8990 8988
f 9008 8988 9003
f 9008 9003 9018
f 9018 9003 9011
f 9011 9003 8988
f 9011 8988 9002
f 9002 8988 8982
f 9011 9002 9012
f 9002 8982 8985
f 9012 9002 9001
f 9001 9002 8985
f 9012 9001 9023
f 9001 8985 8980
f 8980 8985 8974
f 9001 8980 8984
f 9023 9001 9006
f 9006 9001 8984
f 9023 9006 9024
f 9024 9006 9021
f 9006 8984 8998
f 8998 8984 8993
f 8998 8993 9004
f 9006 8998 9007
f 9007 8998 9004
f 9006 9007 9021
f 9007 9004 9014
f 9021 9007 9019
f 9019 9007 9014
f 9019 9014 9027
f 9019 9027 9035
f 9027 9014 9029
f 9027 9029 9043
f 8966 8983 8958
f 8788 8790 8827
f 9225 9230 9206
f 8925 8938 8966
f 8966 8938 8963
f 8963 8938 8954
f 8954 8938 8927
f 8954 8927 8936
f 8954 8936 8960
f 8936 8927 8913
f 8856 8838 8868
f 9273 9251 9271
f 9251 9273 9253
f 9273 9271 9294
f 9253 9273 9272
f 9273 9294 9296
f 9273 9296 9272
f 9230 9212 9206
f 9026 9031 9053
f 9031 9026 9013
f 9031 9013 9008
f 9031 9008 9018
f 8907 8928 8941
f 8907 8941 8908
f 8908 8941 8932
f 8932 8941 8950
f 8932 8950 8953
f 8932 8953 8929
f 8929 8953 8951
f 8951 8953 8968
f 8951 8968 8960
f 8951 8960 8936
f 8960 8968 8977
f 8960 8977 8954
f 8954 8977 8963
f 8963 8977 8983
f 8963 8983 8966
f 9311 9310 9294
f 9294 9310 9296
f 9311 9294 9297
f 9297 9294 9271
f 9297 9271 9276
f 9311 9297 9320
f 9320 9297 9305
f 9305 9297 9276
f 9311 9320 9328
f 9305 9276 9275
f 9275 9276 9267
f 9305 9275 9303
f 9311 9328 9325
f 9311 9325 9310
f 9325 9328 9341
f 9341 9328 9336
f 9310 9325 9323
f 9310 9323 9302
f 9325 9341 9337
f 9325 9337 9323
f 9337 9341 9346
f 9302 9323 9331
f 9331 9323 9337
f 9302 9331 9313
f 9331 9337 9349
f 9296 9302 9272
f 9302 9296 9310
f 9272 9302 9270
f 9270 9302 9290
f 9250 9271 9251
f 9271 9250 9276
f 9276 9250 9267
f 9267 9250 9242
f 9267 9242 9275
f 9250 9251 9227
f 9250 9227 9242
f 9242 9227 9205
f 9205 9227 9199
f 9242 9205 9216
f 9199 9174 9171
f 9199 9171 9205
f 9205 9171 9168
f 9205 9168 9194
f 9194 9168 9159
f 9194 9159 9167
f 9194 9167 9202
f 9202 9167 9184
f 9184 9167 9173
f 9184 9173 9197
f 9197 9173 9187
f 9184 9197 9219
f 8872 8862 8892
f 9247 9241 9230
f 9230 9241 9212
f 9241 9247 9264
f 9212 9241 9215
f 9241 9264 9235
f 9241 9235 9215
f 9089 9073 9068
f 9073 9089 9104
f 9104 9089 9113
f 9104 9113 9135
f 9104 9135 9126
f 9073 9104 9091
f 9091 9104 9126
f 9073 9091 9055
f 9091 9126 9108
f 9313 9290 9302
f 9290 9313 9307
f 9290 9307 9283
f 9307 9313 9312
f 9268 9264 9247
f 9264 9268 9283
f 9283 9268 9290
f 9135 9113 9134
f 8913 8924 8936
f 8936 8924 8951
f 8951 8924 8929
f 8929 8924 8905
f 8929 8905 8910
f 8929 8910 8932
f 8932 8910 8908
f 9031 9018 9045
f 9045 9018 9028
f 9028 9018 9011
f 9028 9011 9012
f 9028 9012 9023
f 9028 9023 9046
f 9057 9039 9055
f 9039 9057 9059
f 9331 9330 9313
f 9313 9330 9312
f 9330 9331 9345
f 9345 9331 9349
f 9345 9349 9348
f 9345 9348 9343
f 9345 9343 9330
f 9343 9348 9352
f 9312 9330 9326
f 9326 9330 9343
f 9312 9326 9314
f 9314 9326 9324
f 9326 9343 9338
f 9326 9338 9324
f 9338 9343 9352
f 9324 9338 9322
f 9324 9322 9309
f 9356 9352 9355
f 9352 9356 9351
f 9352 9351 9338
f 9322 9338 9333
f 9333 9338 9351
f 9322 9333 9319
f 9333 9351 9334
f 9333 9334 9319
f 9334 9351 9347
f 9347 9351 9353
f 9347 9353 9350
f 9347 9350 9342
f 9347 9342 9334
f 9342 9350 9344
f 9319 9334 9316
f 9319 9316 9301
f 9334 9342 9332
f 9334 9332 9316
f 9342 9344 9339
f 9332 9342 9327
f 9327 9342 9339
f 9332 9327 9316
f 9339 9344 9335
f 9339 9335 9327
f 9335 9344 9340
f 9340 9344 9354
f 9327 9335 9315
f 9316 9327 9308
f 9316 9308 9298
f 9308 9327 9315
f 9335 9340 9329
f 9335 9329 9315
f 9329 9340 9317
f 9329 9317 9318
f 9315 9329 9321
f 9321 9329 9318
f 9321 9318 9306
f 9321 9306 9315
f 9306 9318 9293
f 9299 9308 9315
f 9299 9315 9306
f 9308 9299 9285
f 9285 9299 9277
f 9277 9299 9292
f 9292 9299 9306
f 9277 9292 9278
f 9278 9292 9306
f 9278 9306 9293
f 9278 9293 9269
f 9269 9293 9279
f 9307 9282 9283
f 9283 9282 9264
f 9264 9282 9265
f 9265 9282 9288
f 9288 9282 9295
f 9216 9205 9194
f 9216 9194 9237
f 9237 9194 9234
f 9234 9194 9202
f 9234 9202 9218
f 9248 9275 9242
f 9248 9242 9216
f 9265 9235 9264
f 9235 9265 9252
f 9235 9252 9217
f 9055 9091 9057
f 9057 9091 9079
f 9057 9079 9059
f 9059 9079 9082
f 9059 9082 9075
f 9059 9075 9038
f 9061 9045 9028
f 9061 9028 9060
f 9060 9028 9046
f 9061 9060 9090
f 9060 9046 9083
f 9060 9083 9090
f 9083 9046 9062
f 9090 9083 9105
f 9083 9062 9087
f 9083 9087 9105
f 9087 9062 9065
f 9105 9087 9102
f 9087 9065 9084
f 9102 9087 9106
f 9106 9087 9084
f 9106 9084 9097
f 9097 9084 9066
f 9176 9148 9135
f 9135 9148 9126
f 9148 9176 9165
f 9126 9148 9136
f 9136 9148 9165
f 9136 9165 9157
f 9136 9157 9117
f 9117 9157 9151
f 9168 9133 9159
f 9159 9133 9132
f 9159 9132 9141
f 9159 9141 9167
f 9167 9141 9152
f 9152 9141 9123
f 9167 9152 9173
f 9152 9123 9150
f 9152 9150 9173
f 9312 9295 9307
f 9307 9295 9282
f 9295 9312 9314
f 9295 9314 9288
f 9288 9314 9309
f 9309 9314 9324
f 9288 9309 9281
f 9281 9309 9304
f 9303 9275 9291
f 9291 9275 9248
f 9291 9248 9266
f 9291 9266 9287
f 9287 9266 9257
f 9287 9257 9289
f 9289 9257 9279
f 9248 9216 9237
f 9108 9079 9091
f 9079 9108 9082
f 9082 9108 9075
f 9075 9108 9117
f 9075 9117 9092
f 9266 9248 9237
f 9266 9237 9234
f 9266 9234 9257
f 9257 9234 9245
f 9245 9234 9218
f 9252 9232 9217
f 9232 9252 9258
f 9232 9258 9246
f 9232 9246 9223
f 9223 9246 9231
f 9223 9231 9213
f 9231 9246 9256
f 9213 9231 9222
f 9231 9256 9244
f 9231 9244 9222
f 9288 9252 9265
f 9252 9288 9258
f 9258 9288 9281
f 9258 9281 9246
f 9246 9281 9256
f 9256 9281 9280
f 9280 9281 9304
f 9136 9108 9126
f 9108 9136 9117
f 9023 9024 9046
f 9046 9024 9041
f 9046 9041 9062
f 9041 9024 9021
f 9062 9041 9065
f 9041 9021 9035
f 9041 9035 9065
f 9035 9021 9019
f 9065 9035 9050
f 9065 9050 9084
f 9038 9075 9064
f 9064 9075 9092
f 9038 9064 9056
f 9064 9092 9077
f 9064 9077 9056
f 9077 9092 9093
f 9077 9093 9097
f 9077 9097 9066
f 9077 9066 9056
f 9056 9066 9043
f 9056 9043 9029
f 9043 9066 9050
f 9043 9050 9035
f 9043 9035 9027
f 9213 9204 9223
f 9204 9213 9182
f 9182 9213 9201
f 9125 9117 9151
f 9125 9151 9138
f 9138 9151 9172
f 9125 9138 9129
f 9129 9138 9153
f 9125 9129 9110
f 9110 9129 9097
f 9097 9129 9122
f 9122 9129 9147
f 9097 9122 9106
f 9106 9122 9121
f 9106 9121 9102
f 9092 9117 9125
f 9092 9125 9110
f 9092 9110 9093
f 9093 9110 9097
f 9056 9029 9038
f 9202 9184 9218
f 9218 9184 9219
f 9218 9219 9245
f 9084 9050 9066
f 8993 8984 8961
f 8993 8961 8991
f 8991 8961 8976
f 9322 9304 9309
f 9279 9257 9245
f 9279 9245 9269
f 9269 9245 9255
f 9269 9255 9278
f 9278 9255 9263
f 9278 9263 9277
f 9277 9263 9262
f 9277 9262 9285
f 9285 9262 9284
f 9285 9284 9308
f 9284 9262 9260
f 9308 9284 9298
f 9298 9284 9260
f 9298 9260 9274
f 9298 9274 9286
f 9286 9274 9259
f 9301 9280 9304
f 9280 9301 9300
f 9280 9300 9286
f 9300 9301 9316
f 9286 9300 9298
f 9298 9300 9316
f 9222 9201 9213
f 9201 9222 9209
f 9201 9209 9190
f 9201 9190 9172
f 9190 9209 9200
f 9190 9200 9175
f 9175 9200 9180
f 9175 9180 9163
f 9180 9200 9192
f 9163 9180 9161
f 9161 9180 9192
f 9161 9192 9178
f 9161 9178 9166
f 9161 9166 9140
f 9166 9178 9187
f 9140 9166 9150
f 9166 9187 9173
f 9166 9173 9150
f 9239 9222 9244
f 9222 9239 9209
f 9209 9239 9221
f 9209 9221 9200
f 9221 9239 9240
f 9200 9221 9226
f 9226 9221 9240
f 9200 9226 9192
f 9226 9240 9229
f 9226 9229 9210
f 9226 9210 9192
f 9210 9229 9224
f 9210 9224 9208
f 9210 9208 9195
f 9210 9195 9192
f 9192 9195 9178
f 9319 9301 9304
f 9319 9304 9322
f 9261 9244 9256
f 9261 9256 9280
f 9244 9261 9239
f 9239 9261 9259
f 9239 9259 9240
f 9240 9259 9260
f 9240 9260 9229
f 9255 9245 9219
f 9255 9219 9249
f 9219 9197 9220
f 9219 9220 9249
f 9249 9220 9236
f 9197 9208 9220
f 9208 9197 9187
f 9208 9187 9195
f 9195 9187 9178
f 9286 9261 9280
f 9261 9286 9259
f 9255 9249 9263
f 9263 9249 9262
f 9262 9249 9236
f 9220 9224 9236
f 9224 9220 9208
f 9236 9224 9243
f 9243 9224 9229
f 9236 9243 9262
f 9243 9229 9260
f 9243 9260 9262
f 9260 9259 9274
o tripo_part_9
v -0.058674 0.060871 -0.117424
v -0.061039 0.060936 -0.123383
v -0.062069 0.056408 -0.125916
v -0.064117 0.068916 -0.120193
v -0.064171 0.068687 -0.115112
v -0.065430 0.053020 -0.127060
v -0.065712 0.064186 -0.125748
v -0.065987 0.057976 -0.127045
v -0.067589 0.068733 -0.110718
v -0.067772 0.072937 -0.122917
v -0.068489 0.071037 -0.125107
v -0.069305 0.067215 -0.126846
v -0.069588 0.055794 -0.127167
v -0.069969 0.078468 -0.118263
v -0.070091 0.075523 -0.112961
v -0.071190 0.053391 -0.126266
v -0.071724 0.063484 -0.127792
v -0.072067 0.048290 -0.123528
v -0.072617 0.081459 -0.115433
v -0.073090 0.079124 -0.125168
v -0.073158 0.047611 -0.121399
v -0.073334 0.070107 -0.127808
v -0.073410 0.046654 -0.115417
v -0.073540 0.045547 -0.114845
v -0.073540 0.073616 -0.109535
v -0.073792 0.046837 -0.117691
v -0.073944 0.084335 -0.120911
v -0.074242 0.046658 -0.119614
v -0.075340 0.064278 -0.127731
v -0.076050 0.087379 -0.116844
v -0.076286 0.081886 -0.111443
v -0.076523 0.079666 -0.127396
v -0.076614 0.084862 -0.113022
v -0.077011 0.073868 -0.128372
v -0.077980 0.054012 -0.119553
v -0.078148 0.063194 -0.126587
v -0.078148 0.089790 -0.123344
v -0.078415 0.057129 -0.122971
v -0.078476 0.069366 -0.108612
v -0.078606 0.076942 -0.109016
v -0.079491 0.089485 -0.125671
v -0.080322 0.092728 -0.114990
v -0.080551 0.076454 -0.128738
v -0.080673 0.095253 -0.118347
v -0.081070 0.095917 -0.121414
v -0.081207 0.085800 -0.110374
v -0.081703 0.064621 -0.125046
v -0.082573 0.061028 -0.117226
v -0.082748 0.084877 -0.128906
v -0.082840 0.092377 -0.127197
v -0.083107 0.075836 -0.128418
v -0.083801 0.079987 -0.109138
v -0.084061 0.064186 -0.121384
v -0.084068 0.073807 -0.109680
v -0.084145 0.085327 -0.109550
v -0.084335 0.064911 -0.114944
v -0.084778 0.099098 -0.125336
v -0.084892 0.101425 -0.117310
v -0.085648 0.075241 -0.127426
v -0.085678 0.095596 -0.111748
v -0.085915 0.072060 -0.111366
v -0.086273 0.092911 -0.128937
v -0.086700 0.092758 -0.110405
v -0.087059 0.103363 -0.115448
v -0.087303 0.101273 -0.113556
v -0.087959 0.071686 -0.113998
v -0.088020 0.107117 -0.120811
v -0.088036 0.086861 -0.129410
v -0.088379 0.084595 -0.109673
v -0.088722 0.080200 -0.110405
v -0.089104 0.107735 -0.123863
v -0.089546 0.074532 -0.123924
v -0.090034 0.072830 -0.119659
v -0.090218 0.105148 -0.127411
v -0.090607 0.093597 -0.109909
v -0.090660 0.099915 -0.129272
v -0.091507 0.087250 -0.128845
v -0.091530 0.094574 -0.129898
v -0.091743 0.079025 -0.113319
v -0.092125 0.080704 -0.125809
v -0.092293 0.113556 -0.118530
v -0.092697 0.085037 -0.127625
v -0.092804 0.077515 -0.117172
v -0.093163 0.090500 -0.110298
v -0.093163 0.102448 -0.110847
v -0.093262 0.079086 -0.122597
v -0.093529 0.109100 -0.128296
v -0.093803 0.087883 -0.111031
v -0.093918 0.113396 -0.115265
v -0.094772 0.114952 -0.126266
v -0.094795 0.116478 -0.124893
v -0.094910 0.081718 -0.115944
v -0.095001 0.107117 -0.111504
v -0.095001 0.111542 -0.113174
v -0.095032 0.118065 -0.122879
v -0.095169 0.086685 -0.112396
v -0.095634 0.097656 -0.110291
v -0.095772 0.095367 -0.129608
v -0.096298 0.119408 -0.118179
v -0.096695 0.110222 -0.129730
v -0.096764 0.102592 -0.110451
v -0.097527 0.084976 -0.120689
v -0.097649 0.105110 -0.130508
v -0.098221 0.123543 -0.121613
v -0.098778 0.123650 -0.118294
v -0.098877 0.124130 -0.124229
v -0.098984 0.120895 -0.115494
v -0.099243 0.098068 -0.111214
v -0.099373 0.102188 -0.130142
v -0.099792 0.088562 -0.118324
v -0.099937 0.118744 -0.129135
v -0.099968 0.111549 -0.111206
v -0.100136 0.091179 -0.115135
v -0.100151 0.115837 -0.112183
v -0.100204 0.123207 -0.127563
v -0.100227 0.096268 -0.128082
v -0.101089 0.097198 -0.112488
v -0.101212 0.124695 -0.128357
v -0.101524 0.119316 -0.112762
v -0.101669 0.105125 -0.110985
v -0.103004 0.118340 -0.130737
v -0.103378 0.097511 -0.126129
v -0.103477 0.112816 -0.111069
v -0.104042 0.095963 -0.123169
v -0.104172 0.111610 -0.130920
v -0.104317 0.125061 -0.130524
v -0.104500 0.106239 -0.129715
v -0.104874 0.119370 -0.111633
v -0.105286 0.097801 -0.117516
v -0.105782 0.109482 -0.111603
v -0.105858 0.098053 -0.120811
v -0.106224 0.105820 -0.112778
v -0.106598 0.120857 -0.131302
v -0.106636 0.114571 -0.111320
v -0.107887 0.105171 -0.114594
v -0.107994 0.125336 -0.132156
v -0.108147 0.119232 -0.131393
v -0.109016 0.123383 -0.111595
v -0.109436 0.113777 -0.130249
v -0.109596 0.104980 -0.124451
v -0.109993 0.111015 -0.129044
v -0.110138 0.106270 -0.116653
v -0.110161 0.108589 -0.127380
v -0.111267 0.107307 -0.126541
v -0.111343 0.118195 -0.112137
v -0.111435 0.106529 -0.122620
v -0.111542 0.106667 -0.123978
v -0.111649 0.115181 -0.113083
v -0.112106 0.107613 -0.119431
v -0.113060 0.110207 -0.116837
v -0.113091 0.106140 -0.120300
v -0.113197 0.113800 -0.114822
v -0.113419 0.117531 -0.133377
v -0.114243 0.106903 -0.131592
v -0.114677 0.119019 -0.113533
v -0.114777 0.120407 -0.133408
v -0.116508 0.106552 -0.133377
v -0.117287 0.110092 -0.134399
v -0.117546 0.099709 -0.130966
v -0.117889 0.108444 -0.115814
v -0.118225 0.120811 -0.114388
v -0.118355 0.097824 -0.122528
v -0.118401 0.096512 -0.128067
v -0.118958 0.114769 -0.114487
v -0.119087 0.125610 -0.130753
v -0.119102 0.119301 -0.133316
v -0.119659 0.101532 -0.118149
v -0.120148 0.109703 -0.115234
v -0.120155 0.112259 -0.134872
v -0.120621 0.093071 -0.125992
v -0.120750 0.120827 -0.115631
v -0.121788 0.120407 -0.131821
v -0.121819 0.097435 -0.134567
v -0.121941 0.094536 -0.121117
v -0.122231 0.122673 -0.117516
v -0.122772 0.100761 -0.135849
v -0.123566 0.121002 -0.130051
v -0.124565 0.087410 -0.130524
v -0.124733 0.112083 -0.134460
v -0.124779 0.121529 -0.120605
v -0.124878 0.112198 -0.116264
v -0.125092 0.086830 -0.125763
v -0.125275 0.120689 -0.127975
v -0.125748 0.121124 -0.124458
v -0.125763 0.090652 -0.135361
v -0.126266 0.100708 -0.116753
v -0.126297 0.094963 -0.118378
v -0.126541 0.114006 -0.117874
v -0.126648 0.107147 -0.135681
v -0.126801 0.101463 -0.136841
v -0.127060 0.085716 -0.123558
v -0.127548 0.105278 -0.116699
v -0.128174 0.088638 -0.120361
v -0.128510 0.109787 -0.134048
v -0.129227 0.088959 -0.137253
v -0.129761 0.081520 -0.134415
v -0.129822 0.112732 -0.130707
v -0.130188 0.113655 -0.122536
v -0.130295 0.092896 -0.138000
v -0.130447 0.110321 -0.119965
v -0.131149 0.082588 -0.122139
v -0.131363 0.112106 -0.128647
v -0.131409 0.076836 -0.129959
v -0.131653 0.103683 -0.118301
v -0.131805 0.102379 -0.136108
v -0.132385 0.078056 -0.124748
v -0.132706 0.088890 -0.118958
v -0.132751 0.105690 -0.133911
v -0.132812 0.093803 -0.118111
v -0.133011 0.094147 -0.138229
v -0.133072 0.075180 -0.127472
v -0.133530 0.074135 -0.132828
v -0.133621 0.078575 -0.137146
v -0.134521 0.108063 -0.127090
v -0.134964 0.081528 -0.120766
v -0.135315 0.094696 -0.137878
v -0.135712 0.083633 -0.139374
v -0.135834 0.104897 -0.131088
v -0.135834 0.105446 -0.124313
v -0.136459 0.096603 -0.136841
v -0.136612 0.077530 -0.139053
v -0.137115 0.084854 -0.139664
v -0.137772 0.100288 -0.122162
v -0.137894 0.074127 -0.123077
v -0.138077 0.091560 -0.119469
v -0.138168 0.069344 -0.126450
v -0.138458 0.085114 -0.119614
v -0.138519 0.078812 -0.120842
v -0.139023 0.094742 -0.120621
v -0.139557 0.096001 -0.135483
v -0.140320 0.063805 -0.131531
v -0.141037 0.097008 -0.132782
v -0.141220 0.062744 -0.134766
v -0.141251 0.072922 -0.140640
v -0.141357 0.087646 -0.138885
v -0.141464 0.067352 -0.139328
v -0.141632 0.063744 -0.137253
v -0.141907 0.071953 -0.122421
v -0.142212 0.061890 -0.129669
v -0.142395 0.096275 -0.126907
v -0.142868 0.081474 -0.140442
v -0.143402 0.091240 -0.123062
v -0.143585 0.094719 -0.130035
v -0.143707 0.093124 -0.125168
v -0.144501 0.072479 -0.141647
v -0.144730 0.072853 -0.121750
v -0.144775 0.060036 -0.127808
v -0.145233 0.083466 -0.121811
v -0.145309 0.077782 -0.121307
v -0.145508 0.089645 -0.134811
v -0.145615 0.062531 -0.125259
v -0.145798 0.074722 -0.141647
v -0.146912 0.053989 -0.132980
v -0.147491 0.059444 -0.141434
v -0.147614 0.064430 -0.123665
v -0.147614 0.080475 -0.139572
v -0.148132 0.061119 -0.142258
v -0.148300 0.064896 -0.142715
v -0.148315 0.076218 -0.141068
v -0.148682 0.082970 -0.137299
v -0.149231 0.085945 -0.132675
v -0.149277 0.083008 -0.125229
v -0.149612 0.078918 -0.123611
v -0.149673 0.054844 -0.127258
v -0.150665 0.066055 -0.123070
v -0.150787 0.050880 -0.129395
v -0.150848 0.048615 -0.132324
v -0.150925 0.068871 -0.142639
v -0.151215 0.083199 -0.130295
v -0.151535 0.081360 -0.135498
v -0.152008 0.070801 -0.123390
v -0.152054 0.081299 -0.128540
v -0.152191 0.046940 -0.139221
v -0.152191 0.049122 -0.141235
v -0.152191 0.056355 -0.125214
v -0.152374 0.064148 -0.143509
v -0.152649 0.070374 -0.141953
v -0.153427 0.073586 -0.140182
v -0.153549 0.043652 -0.135941
v -0.154129 0.055450 -0.144287
v -0.154755 0.077805 -0.133392
v -0.155029 0.047188 -0.143250
v -0.155075 0.050510 -0.144150
v -0.155304 0.056671 -0.124756
v -0.155518 0.072701 -0.139252
v -0.155655 0.040707 -0.138519
v -0.155792 0.071266 -0.126007
v -0.155853 0.065453 -0.142899
v -0.155975 0.051865 -0.125839
v -0.156677 0.055115 -0.144958
v -0.156677 0.073334 -0.128479
v -0.156784 0.040962 -0.131744
v -0.157822 0.071152 -0.138000
v -0.157867 0.044868 -0.128021
v -0.157959 0.037670 -0.134399
v -0.158173 0.063538 -0.125366
v -0.158524 0.066757 -0.141037
v -0.158920 0.055973 -0.145020
v -0.159149 0.070869 -0.135452
v -0.159454 0.056126 -0.125214
v -0.159958 0.059338 -0.143906
v -0.160034 0.046505 -0.126678
v -0.160294 0.064957 -0.127380
v -0.160400 0.037724 -0.130753
v -0.161133 0.036896 -0.144516
v -0.161133 0.068169 -0.133774
v -0.161606 0.040127 -0.145950
v -0.161713 0.033928 -0.143387
v -0.161758 0.043129 -0.146408
v -0.161987 0.030981 -0.137070
v -0.162338 0.065933 -0.132095
v -0.162506 0.058758 -0.143173
v -0.162552 0.062119 -0.141052
v -0.163727 0.029289 -0.142227
v -0.163773 0.062138 -0.130203
v -0.163834 0.052994 -0.145218
v -0.164215 0.040020 -0.127914
v -0.164566 0.043491 -0.147141
v -0.164719 0.044922 -0.126877
v -0.164810 0.029169 -0.133682
v -0.164856 0.054462 -0.127396
v -0.165024 0.033592 -0.130280
v -0.165833 0.046730 -0.146667
v -0.166199 0.060001 -0.137451
v -0.166519 0.024004 -0.140045
v -0.166916 0.047092 -0.127304
v -0.167053 0.028898 -0.146561
v -0.167343 0.053638 -0.129150
v -0.167404 0.056572 -0.140610
v -0.167633 0.031563 -0.147675
v -0.167953 0.034267 -0.129044
v -0.168060 0.022366 -0.137131
v -0.168152 0.057442 -0.135605
v -0.168976 0.050514 -0.144135
v -0.169632 0.036026 -0.128525
v -0.169693 0.044533 -0.146637
v -0.169968 0.019329 -0.143188
v -0.170410 0.021299 -0.146332
v -0.170425 0.052101 -0.131989
v -0.170959 0.031433 -0.149002
v -0.170975 0.025391 -0.131531
v -0.171204 0.051723 -0.140427
v -0.171310 0.037895 -0.128571
v -0.171692 0.028978 -0.129944
v -0.172058 0.043827 -0.129517
v -0.172516 0.035137 -0.148758
v -0.172562 0.018568 -0.134888
v -0.172623 0.020847 -0.133179
v -0.172729 0.014490 -0.141312
v -0.173630 0.041454 -0.146484
v -0.173721 0.021746 -0.149353
v -0.174042 0.024937 -0.130676
v -0.174271 0.048168 -0.138916
v -0.174622 0.047398 -0.135468
v -0.174637 0.029736 -0.129700
v -0.174683 0.012856 -0.138107
v -0.174988 0.034695 -0.148636
v -0.175064 0.037735 -0.129990
v -0.175476 0.041267 -0.131363
v -0.176468 0.041557 -0.144409
v -0.176712 0.010721 -0.147400
v -0.176880 0.019062 -0.132080
v -0.177399 0.031164 -0.130280
v -0.177505 0.007367 -0.141922
v -0.177994 0.016375 -0.150757
v -0.178345 0.006616 -0.145752
v -0.178619 0.039421 -0.134003
v -0.178635 0.007238 -0.138809
v -0.178833 0.021612 -0.131119
v -0.179489 0.008133 -0.136703
v -0.180008 0.009691 -0.150467
v -0.180054 0.012070 -0.133911
v -0.180069 0.039539 -0.139603
v -0.180298 0.022127 -0.151169
v -0.180328 0.025877 -0.150314
v -0.180466 0.024305 -0.131088
v -0.180801 0.016153 -0.151794
v -0.180908 0.032024 -0.147461
v -0.181046 0.036423 -0.143600
v -0.181290 0.015829 -0.132233
v -0.181305 0.005448 -0.149719
v -0.181854 0.026506 -0.149719
v -0.181946 0.006223 -0.136063
v -0.182022 0.027294 -0.131958
v -0.182190 0.031227 -0.133316
v -0.182266 0.000381 -0.145828
v -0.183914 -0.001133 -0.148331
v -0.183960 0.021168 -0.132095
v -0.183960 0.032059 -0.136429
v -0.184036 0.026705 -0.133194
v -0.184143 -0.000016 -0.139008
v -0.184204 -0.002805 -0.144424
v -0.184219 0.007356 -0.152573
v -0.184341 0.030178 -0.145874
v -0.184418 0.032745 -0.139297
v -0.184479 0.009981 -0.133469
v -0.184769 0.004080 -0.135620
v -0.185684 0.005459 -0.134705
v -0.185776 0.013409 -0.132736
v -0.186295 -0.005249 -0.142227
v -0.186401 0.021278 -0.133316
v -0.187271 0.011639 -0.153107
v -0.187317 0.015082 -0.152328
v -0.187851 -0.001540 -0.152847
v -0.188126 0.019056 -0.150635
v -0.188248 -0.003603 -0.137909
v -0.188568 0.026077 -0.143173
v -0.188705 0.021057 -0.149094
v -0.188858 0.012300 -0.133469
v -0.189362 -0.000852 -0.153946
v -0.189438 0.014522 -0.133820
v -0.189804 0.023443 -0.145432
v -0.189835 0.005341 -0.154205
v -0.190292 0.023630 -0.140778
v -0.190308 0.002143 -0.134811
v -0.190521 -0.008913 -0.152054
v -0.190628 0.020046 -0.136642
v -0.190720 -0.012280 -0.148331
v -0.190933 0.021973 -0.139175
v -0.190948 -0.012916 -0.146790
v -0.190979 0.015888 -0.135025
v -0.191238 -0.012057 -0.150360
v -0.191360 0.005463 -0.134308
v -0.191406 -0.011387 -0.141373
v -0.191559 0.011124 -0.152725
v -0.191910 -0.006870 -0.137604
v -0.192169 -0.004095 -0.136292
v -0.192657 -0.015066 -0.144684
v -0.192673 -0.001348 -0.155136
v -0.193466 0.016216 -0.148544
v -0.193649 -0.009357 -0.154770
v -0.193756 0.008132 -0.135040
v -0.193954 0.003935 -0.154526
v -0.195267 0.014166 -0.138718
v -0.195419 0.008526 -0.152451
v -0.195724 -0.002601 -0.135620
v -0.195953 -0.016191 -0.140823
v -0.196945 0.001092 -0.135651
v -0.196991 0.008804 -0.137390
v -0.197174 -0.008288 -0.156418
v -0.197205 -0.007486 -0.136475
v -0.197403 -0.015131 -0.139221
v -0.197449 0.002990 -0.154175
v -0.197449 -0.022816 -0.147934
v -0.197479 0.004957 -0.136490
v -0.197556 -0.011911 -0.137680
v -0.197922 -0.003387 -0.156006
v -0.197937 0.012118 -0.145752
v -0.198334 0.008095 -0.150757
v -0.198883 0.009484 -0.148422
v -0.199219 -0.025116 -0.146637
v -0.199585 -0.024656 -0.152863
v -0.199814 -0.024309 -0.143890
v -0.199997 -0.022371 -0.155243
v -0.200012 -0.006280 -0.136505
v -0.200150 -0.017782 -0.156876
v -0.200241 -0.026602 -0.151291
v -0.200256 0.005218 -0.138992
v -0.200348 0.007797 -0.141602
v -0.200546 0.008419 -0.144287
v -0.200851 -0.006609 -0.156570
v -0.201065 -0.003546 -0.136887
v -0.201874 -0.018408 -0.138870
v -0.202362 -0.014977 -0.157791
v -0.202423 -0.001310 -0.138000
v -0.202911 -0.014832 -0.137802
v -0.203995 -0.026918 -0.141876
v -0.204025 -0.010737 -0.137573
v -0.204514 -0.003654 -0.154144
v -0.204742 -0.025995 -0.157776
v -0.204865 -0.007353 -0.155930
v -0.205551 -0.033958 -0.147522
v -0.205765 -0.003153 -0.152817
v -0.205780 -0.035053 -0.151306
v -0.205795 0.000522 -0.146927
v -0.205978 -0.024681 -0.140045
v -0.206009 -0.032932 -0.145157
v -0.206360 -0.008883 -0.138794
v -0.206375 -0.014624 -0.157990
v -0.206726 -0.024305 -0.158936
v -0.207443 -0.003126 -0.150574
v -0.207489 -0.018415 -0.138641
v -0.207489 -0.033669 -0.156967
v -0.207840 -0.003150 -0.143845
v -0.207977 -0.014515 -0.138809
v -0.208282 -0.030922 -0.141830
v -0.208710 -0.023777 -0.139435
v -0.209732 -0.008235 -0.142059
v -0.209885 -0.025991 -0.159760
v -0.210327 -0.011970 -0.140778
v -0.210342 -0.030197 -0.140884
v -0.211060 -0.032978 -0.159805
v -0.211105 -0.020971 -0.158966
v -0.211746 -0.018332 -0.157944
v -0.212418 -0.015025 -0.156082
v -0.212708 -0.020144 -0.140289
v -0.212708 -0.024544 -0.140030
v -0.213440 -0.011529 -0.145767
v -0.214584 -0.012661 -0.148712
v -0.214615 -0.033497 -0.141312
v -0.214844 -0.030247 -0.160706
v -0.215118 -0.015785 -0.154007
v -0.215988 -0.019188 -0.142944
v -0.216263 -0.024359 -0.141449
v -0.216415 -0.015842 -0.151398
v -0.216873 -0.026308 -0.159378
v -0.217438 -0.036808 -0.142044
v -0.217621 -0.022446 -0.157089
v -0.218079 -0.032654 -0.160873
v -0.218689 -0.031178 -0.141815
v -0.218918 -0.021046 -0.145798
v -0.219406 -0.027193 -0.142868
v -0.220444 -0.036777 -0.142502
v -0.221970 -0.032829 -0.143326
v -0.222061 -0.032837 -0.159805
v -0.222458 -0.029863 -0.144592
v -0.222900 -0.025808 -0.149506
v -0.223328 -0.029758 -0.157181
v -0.224457 -0.028858 -0.154068
v -0.225067 -0.033138 -0.157593
v -0.225830 -0.033100 -0.147308
v -0.226898 -0.033749 -0.154602
v -0.227829 -0.034512 -0.151276
s 1
f 9396 9397 9409
f 9409 9397 9412
f 9409 9412 9432
f 9412 9397 9403
f 9432 9412 9420
f 9420 9412 9403
f 9403 9397 9382
f 9420 9403 9417
f 9403 9382 9388
f 9403 9388 9417
f 9409 9432 9426
f 9426 9432 9441
f 9409 9426 9411
f 9426 9441 9427
f 9426 9427 9411
f 9427 9441 9445
f 9411 9427 9418
f 9427 9445 9453
f 9427 9453 9418
f 9418 9453 9436
f 9436 9453 9470
f 9418 9436 9423
f 9436 9470 9449
f 9436 9449 9423
f 9423 9449 9440
f 9440 9449 9467
f 9423 9440 9413
f 9441 9432 9454
f 9441 9454 9465
f 9441 9465 9445
f 9445 9465 9453
f 9465 9454 9477
f 9465 9477 9487
f 9465 9487 9489
f 9477 9454 9458
f 9458 9454 9432
f 9477 9458 9480
f 9480 9458 9469
f 9465 9489 9474
f 9465 9474 9453
f 9474 9489 9492
f 9453 9474 9470
f 9470 9474 9492
f 9469 9458 9442
f 9442 9458 9432
f 9442 9432 9420
f 9469 9442 9450
f 9442 9420 9417
f 9442 9417 9450
f 9450 9417 9451
f 9451 9417 9422
f 9451 9422 9446
f 9446 9422 9421
f 9382 9366 9388
f 9477 9480 9491
f 9477 9491 9487
f 9491 9480 9495
f 9495 9480 9485
f 9485 9480 9469
f 9487 9491 9502
f 9487 9502 9505
f 9487 9505 9489
f 9489 9505 9509
f 9489 9509 9492
f 9492 9509 9507
f 9492 9507 9499
f 9366 9390 9388
f 9388 9390 9422
f 9390 9366 9372
f 9390 9372 9376
f 9390 9376 9399
f 9469 9471 9485
f 9471 9469 9450
f 9485 9471 9476
f 9471 9450 9451
f 9471 9451 9476
f 9476 9451 9464
f 9464 9451 9446
f 9464 9446 9456
f 9464 9456 9462
f 9462 9456 9461
f 9456 9446 9438
f 9456 9438 9461
f 9438 9446 9421
f 9461 9438 9452
f 9452 9438 9424
f 9461 9452 9463
f 9452 9424 9428
f 9463 9452 9448
f 9448 9452 9428
f 9463 9448 9472
f 9448 9428 9447
f 9448 9447 9472
f 9472 9447 9468
f 9472 9468 9475
f 9468 9447 9444
f 9444 9447 9431
f 9468 9444 9457
f 9457 9444 9433
f 9475 9468 9478
f 9478 9468 9457
f 9475 9478 9483
f 9478 9457 9460
f 9483 9478 9490
f 9490 9478 9460
f 9483 9490 9493
f 9490 9460 9482
f 9490 9482 9494
f 9482 9460 9466
f 9494 9482 9496
f 9482 9466 9484
f 9482 9484 9496
f 9388 9422 9417
f 9362 9376 9372
f 9376 9362 9371
f 9371 9362 9358
f 9390 9399 9422
f 9422 9399 9421
f 9421 9399 9415
f 9415 9399 9387
f 9387 9399 9376
f 9415 9387 9401
f 9401 9387 9371
f 9509 9512 9525
f 9525 9512 9521
f 9509 9525 9517
f 9525 9521 9549
f 9549 9521 9538
f 9538 9521 9518
f 9509 9517 9507
f 9507 9517 9524
f 9507 9524 9508
f 9507 9508 9506
f 9507 9506 9499
f 9470 9492 9486
f 9486 9492 9499
f 9486 9499 9506
f 9470 9486 9467
f 9470 9467 9449
f 9486 9506 9488
f 9486 9488 9467
f 9488 9506 9503
f 9467 9488 9459
f 9488 9503 9497
f 9459 9488 9481
f 9481 9488 9497
f 9459 9481 9443
f 9481 9497 9479
f 9479 9497 9500
f 9517 9525 9543
f 9517 9543 9544
f 9517 9544 9524
f 9524 9544 9550
f 9544 9543 9564
f 9564 9543 9566
f 9543 9525 9549
f 9543 9549 9566
f 9566 9549 9582
f 9582 9549 9561
f 9561 9549 9538
f 9371 9387 9376
f 9413 9440 9405
f 9545 9538 9528
f 9538 9545 9561
f 9381 9383 9385
f 9385 9383 9378
f 9378 9383 9392
f 9392 9383 9380
f 9378 9392 9395
f 9395 9392 9410
f 9378 9395 9375
f 9395 9410 9404
f 9395 9404 9375
f 9404 9410 9429
f 9375 9404 9393
f 9415 9438 9421
f 9438 9415 9424
f 9424 9415 9401
f 9405 9440 9430
f 9430 9440 9459
f 9459 9440 9467
f 9430 9459 9443
f 9545 9532 9557
f 9358 9361 9371
f 9371 9361 9384
f 9384 9361 9367
f 9367 9361 9359
f 9367 9359 9368
f 9368 9359 9364
f 9364 9359 9360
f 9368 9364 9369
f 9369 9364 9360
f 9369 9360 9365
f 9369 9365 9379
f 9379 9365 9374
f 9374 9365 9363
f 9392 9405 9410
f 9410 9405 9430
f 9561 9545 9557
f 9561 9557 9586
f 9564 9566 9584
f 9584 9566 9582
f 9582 9561 9586
f 9582 9586 9605
f 9605 9586 9599
f 9599 9586 9580
f 9599 9580 9601
f 9599 9601 9619
f 9601 9580 9576
f 9601 9576 9597
f 9597 9576 9571
f 9597 9571 9600
f 9600 9571 9575
f 9597 9600 9626
f 9384 9401 9371
f 9401 9384 9402
f 9401 9402 9424
f 9402 9384 9394
f 9394 9384 9367
f 9402 9394 9414
f 9394 9367 9377
f 9414 9394 9398
f 9398 9394 9377
f 9414 9398 9407
f 9398 9377 9389
f 9398 9389 9407
f 9407 9389 9406
f 9406 9389 9391
f 9531 9524 9550
f 9524 9531 9508
f 9531 9550 9558
f 9531 9558 9548
f 9508 9531 9519
f 9519 9531 9548
f 9519 9548 9539
f 9519 9539 9527
f 9527 9539 9560
f 9527 9560 9535
f 9519 9527 9504
f 9504 9527 9520
f 9544 9564 9572
f 9544 9572 9550
f 9550 9572 9558
f 9557 9537 9555
f 9585 9564 9584
f 9585 9584 9603
f 9564 9585 9572
f 9572 9585 9581
f 9572 9581 9558
f 9586 9557 9580
f 9603 9584 9606
f 9606 9584 9582
f 9603 9606 9622
f 9606 9582 9605
f 9622 9606 9628
f 9628 9606 9605
f 9410 9430 9443
f 9410 9443 9429
f 9429 9443 9437
f 9508 9503 9506
f 9503 9508 9504
f 9504 9508 9519
f 9503 9504 9497
f 9497 9504 9500
f 9580 9557 9555
f 9580 9555 9576
f 9576 9555 9571
f 9595 9585 9603
f 9595 9603 9612
f 9585 9595 9581
f 9581 9595 9608
f 9605 9599 9620
f 9605 9620 9628
f 9620 9599 9619
f 9620 9619 9644
f 9644 9619 9648
f 9648 9619 9629
f 9629 9619 9601
f 9402 9428 9424
f 9428 9402 9414
f 9428 9414 9447
f 9447 9414 9431
f 9431 9414 9407
f 9431 9407 9433
f 9431 9433 9444
f 9612 9603 9622
f 9595 9612 9608
f 9608 9612 9632
f 9632 9612 9641
f 9641 9612 9622
f 9641 9622 9657
f 9657 9622 9628
f 9657 9628 9653
f 9653 9628 9620
f 9653 9620 9644
f 9368 9377 9367
f 9377 9368 9389
f 9389 9368 9369
f 9389 9369 9379
f 9389 9379 9391
f 9391 9379 9374
f 9391 9374 9386
f 9391 9386 9400
f 9386 9374 9370
f 9386 9370 9373
f 9400 9386 9408
f 9386 9373 9393
f 9386 9393 9408
f 9408 9393 9416
f 9416 9393 9404
f 9555 9541 9571
f 9571 9541 9559
f 9559 9541 9540
f 9559 9540 9554
f 9559 9554 9575
f 9554 9540 9534
f 9554 9534 9565
f 9565 9534 9551
f 9551 9534 9529
f 9529 9534 9522
f 9529 9522 9523
f 9551 9529 9536
f 9536 9529 9523
f 9551 9536 9546
f 9536 9523 9526
f 9536 9526 9546
f 9546 9526 9547
f 9526 9523 9513
f 9547 9526 9515
f 9526 9513 9510
f 9526 9510 9515
f 9510 9513 9493
f 9515 9510 9494
f 9510 9493 9490
f 9510 9490 9494
f 9563 9548 9558
f 9563 9558 9583
f 9583 9558 9581
f 9583 9581 9608
f 9563 9583 9568
f 9563 9568 9548
f 9568 9583 9588
f 9548 9568 9539
f 9568 9588 9560
f 9568 9560 9539
f 9404 9429 9437
f 9404 9437 9416
f 9443 9481 9437
f 9481 9479 9437
f 9437 9479 9473
f 9646 9632 9641
f 9632 9646 9651
f 9632 9651 9621
f 9651 9646 9659
f 9659 9646 9641
f 9651 9659 9674
f 9674 9659 9676
f 9676 9659 9641
f 9676 9641 9657
f 9676 9657 9683
f 9683 9657 9678
f 9678 9657 9653
f 9504 9501 9500
f 9501 9504 9520
f 9500 9501 9498
f 9500 9498 9484
f 9498 9501 9516
f 9484 9498 9496
f 9498 9516 9511
f 9498 9511 9496
f 9496 9511 9494
f 9494 9511 9514
f 9494 9514 9515
f 9515 9514 9533
f 9629 9601 9597
f 9653 9644 9660
f 9653 9660 9678
f 9660 9644 9648
f 9660 9648 9672
f 9604 9583 9608
f 9583 9604 9596
f 9583 9596 9588
f 9588 9596 9610
f 9588 9610 9590
f 9604 9608 9621
f 9604 9621 9623
f 9621 9608 9632
f 9437 9439 9416
f 9416 9439 9434
f 9434 9439 9455
f 9416 9434 9408
f 9434 9455 9425
f 9434 9425 9408
f 9408 9425 9400
f 9437 9473 9439
f 9479 9500 9473
f 9473 9500 9484
f 9473 9484 9455
f 9473 9455 9439
f 9455 9484 9466
f 9455 9466 9460
f 9455 9460 9435
f 9455 9435 9425
f 9435 9460 9433
f 9433 9460 9457
f 9435 9433 9419
f 9678 9660 9685
f 9678 9685 9702
f 9685 9660 9672
f 9685 9672 9696
f 9696 9672 9711
f 9711 9672 9668
f 9711 9668 9690
f 9535 9520 9527
f 9520 9535 9516
f 9520 9516 9501
f 9516 9535 9553
f 9516 9553 9542
f 9516 9542 9530
f 9516 9530 9511
f 9674 9676 9692
f 9674 9692 9688
f 9692 9676 9700
f 9700 9676 9683
f 9700 9683 9715
f 9674 9688 9679
f 9674 9679 9651
f 9651 9679 9661
f 9661 9679 9705
f 9705 9679 9698
f 9679 9688 9701
f 9679 9701 9698
f 9701 9688 9692
f 9698 9701 9709
f 9701 9692 9712
f 9701 9712 9709
f 9712 9692 9700
f 9709 9712 9726
f 9712 9700 9720
f 9720 9700 9715
f 9712 9720 9733
f 9720 9715 9741
f 9720 9741 9733
f 9683 9678 9702
f 9400 9406 9391
f 9406 9419 9407
f 9407 9419 9433
f 9419 9406 9435
f 9435 9406 9425
f 9425 9406 9400
f 9629 9597 9626
f 9629 9626 9668
f 9715 9683 9702
f 9715 9702 9716
f 9715 9716 9742
f 9715 9742 9741
f 9742 9716 9724
f 9742 9724 9746
f 9746 9724 9711
f 9746 9711 9752
f 9649 9623 9621
f 9649 9621 9661
f 9661 9621 9651
f 9623 9649 9624
f 9623 9624 9604
f 9624 9649 9652
f 9624 9652 9636
f 9624 9636 9610
f 9610 9636 9590
f 9590 9636 9630
f 9571 9559 9575
f 9596 9604 9624
f 9596 9624 9610
f 9648 9629 9668
f 9648 9668 9672
f 9702 9685 9716
f 9716 9685 9696
f 9716 9696 9724
f 9724 9696 9711
f 9726 9712 9733
f 9726 9733 9756
f 9756 9733 9745
f 9745 9733 9741
f 9756 9745 9766
f 9766 9745 9768
f 9768 9745 9758
f 9758 9745 9741
f 9768 9758 9778
f 9758 9741 9747
f 9758 9747 9778
f 9747 9741 9742
f 9778 9747 9774
f 9774 9747 9742
f 9737 9726 9756
f 9737 9756 9753
f 9737 9753 9729
f 9726 9737 9719
f 9719 9737 9729
f 9726 9719 9709
f 9709 9719 9698
f 9698 9719 9705
f 9705 9719 9729
f 9705 9729 9740
f 9705 9740 9727
f 9705 9727 9704
f 9704 9727 9713
f 9704 9713 9689
f 9689 9713 9706
f 9689 9706 9682
f 9682 9706 9694
f 9694 9706 9723
f 9569 9535 9560
f 9535 9569 9553
f 9569 9560 9588
f 9600 9575 9589
f 9600 9589 9618
f 9618 9589 9607
f 9589 9575 9587
f 9589 9587 9607
f 9607 9587 9617
f 9587 9575 9565
f 9587 9565 9577
f 9577 9565 9562
f 9577 9562 9573
f 9573 9562 9567
f 9626 9600 9618
f 9626 9618 9638
f 9638 9618 9627
f 9627 9618 9607
f 9627 9607 9617
f 9627 9617 9642
f 9638 9663 9626
f 9626 9663 9668
f 9668 9663 9690
f 9663 9638 9656
f 9656 9638 9627
f 9656 9627 9650
f 9649 9661 9677
f 9677 9661 9705
f 9677 9705 9704
f 9649 9677 9652
f 9677 9704 9689
f 9652 9677 9667
f 9667 9677 9689
f 9652 9667 9636
f 9667 9689 9682
f 9636 9667 9643
f 9643 9667 9682
f 9511 9530 9514
f 9565 9575 9554
f 9590 9569 9588
f 9569 9590 9594
f 9594 9590 9630
f 9755 9729 9753
f 9729 9755 9754
f 9729 9754 9740
f 9754 9755 9784
f 9755 9753 9772
f 9772 9753 9756
f 9772 9756 9780
f 9780 9756 9766
f 9780 9766 9789
f 9789 9766 9768
f 9789 9768 9778
f 9789 9778 9802
f 9802 9778 9796
f 9796 9778 9774
f 9796 9774 9791
f 9796 9791 9815
f 9530 9533 9514
f 9594 9553 9569
f 9553 9594 9570
f 9570 9594 9593
f 9570 9593 9578
f 9570 9578 9552
f 9578 9593 9591
f 9552 9578 9574
f 9574 9578 9591
f 9574 9591 9602
f 9574 9602 9579
f 9780 9789 9795
f 9795 9789 9802
f 9780 9795 9793
f 9780 9793 9772
f 9793 9795 9812
f 9772 9793 9798
f 9772 9798 9784
f 9772 9784 9755
f 9812 9795 9819
f 9819 9795 9822
f 9822 9795 9802
f 9822 9802 9796
f 9822 9796 9815
f 9822 9815 9845
f 9845 9815 9841
f 9841 9815 9816
f 9816 9815 9791
f 9841 9816 9817
f 9841 9817 9832
f 9832 9817 9805
f 9832 9805 9807
f 9832 9807 9838
f 9838 9807 9806
f 9838 9806 9830
f 9830 9806 9826
f 9826 9806 9792
f 9826 9792 9800
f 9826 9800 9828
f 9800 9792 9782
f 9828 9800 9818
f 9800 9782 9790
f 9818 9800 9804
f 9804 9800 9790
f 9818 9804 9797
f 9804 9790 9770
f 9797 9804 9786
f 9786 9804 9770
f 9797 9786 9788
f 9786 9770 9750
f 9786 9750 9767
f 9786 9767 9788
f 9767 9750 9761
f 9767 9761 9788
f 9788 9761 9773
f 9773 9761 9738
f 9773 9738 9744
f 9773 9744 9779
f 9779 9744 9775
f 9775 9744 9743
f 9775 9743 9749
f 9775 9749 9777
f 9562 9551 9546
f 9551 9562 9565
f 9562 9546 9567
f 9567 9546 9547
f 9663 9656 9681
f 9681 9656 9686
f 9686 9656 9650
f 9686 9650 9670
f 9670 9650 9654
f 9663 9681 9690
f 9690 9681 9710
f 9542 9553 9570
f 9542 9570 9552
f 9533 9547 9515
f 9547 9533 9556
f 9556 9533 9552
f 9552 9533 9542
f 9542 9533 9530
f 9742 9746 9774
f 9774 9746 9776
f 9774 9776 9791
f 9776 9746 9752
f 9776 9752 9771
f 9771 9752 9764
f 9754 9784 9783
f 9754 9783 9763
f 9798 9793 9812
f 9798 9812 9823
f 9823 9812 9825
f 9825 9812 9819
f 9823 9825 9839
f 9839 9825 9842
f 9825 9819 9835
f 9825 9835 9842
f 9842 9835 9853
f 9835 9819 9822
f 9853 9835 9847
f 9847 9835 9822
f 9847 9822 9845
f 9820 9823 9844
f 9803 9798 9823
f 9803 9823 9820
f 9798 9803 9784
f 9784 9803 9783
f 9803 9820 9799
f 9803 9799 9783
f 9799 9820 9824
f 9783 9799 9794
f 9794 9799 9824
f 9783 9794 9763
f 9794 9824 9810
f 9763 9794 9781
f 9781 9794 9810
f 9781 9810 9785
f 9781 9785 9757
f 9592 9587 9577
f 9587 9592 9613
f 9592 9577 9573
f 9592 9573 9567
f 9592 9567 9598
f 9598 9567 9579
f 9579 9567 9556
f 9556 9567 9547
f 9579 9556 9574
f 9574 9556 9552
f 9643 9630 9636
f 9630 9643 9665
f 9630 9665 9631
f 9630 9631 9594
f 9711 9690 9710
f 9711 9710 9730
f 9711 9730 9752
f 9763 9740 9754
f 9740 9763 9748
f 9740 9748 9727
f 9727 9748 9725
f 9727 9725 9713
f 9725 9748 9757
f 9713 9725 9721
f 9721 9725 9757
f 9713 9721 9706
f 9721 9757 9749
f 9706 9721 9723
f 9721 9749 9743
f 9721 9743 9723
f 9723 9743 9744
f 9642 9650 9627
f 9650 9642 9654
f 9654 9642 9635
f 9617 9587 9613
f 9617 9613 9635
f 9617 9635 9642
f 9844 9823 9839
f 9844 9839 9854
f 9854 9839 9842
f 9854 9842 9853
f 9854 9853 9861
f 9861 9853 9847
f 9861 9847 9860
f 9860 9847 9845
f 9844 9854 9857
f 9857 9854 9864
f 9844 9857 9848
f 9844 9848 9833
f 9844 9833 9820
f 9833 9848 9843
f 9820 9833 9824
f 9824 9833 9843
f 9681 9686 9699
f 9699 9710 9681
f 9710 9699 9736
f 9736 9699 9717
f 9717 9699 9686
f 9736 9717 9751
f 9717 9686 9691
f 9751 9717 9735
f 9735 9717 9707
f 9707 9717 9691
f 9735 9707 9739
f 9739 9707 9714
f 9707 9691 9693
f 9693 9691 9673
f 9781 9748 9763
f 9748 9781 9757
f 9616 9613 9598
f 9613 9616 9634
f 9598 9613 9592
f 9616 9598 9609
f 9609 9598 9579
f 9609 9579 9602
f 9631 9593 9594
f 9593 9631 9611
f 9816 9791 9776
f 9816 9776 9817
f 9817 9776 9771
f 9817 9771 9805
f 9611 9591 9593
f 9591 9611 9615
f 9591 9615 9602
f 9640 9614 9611
f 9611 9614 9615
f 9615 9614 9637
f 9615 9637 9647
f 9615 9647 9633
f 9615 9633 9602
f 9602 9633 9609
f 9634 9635 9613
f 9671 9643 9682
f 9671 9682 9694
f 9671 9694 9695
f 9671 9695 9665
f 9665 9695 9684
f 9684 9695 9708
f 9730 9710 9736
f 9730 9736 9764
f 9867 9854 9861
f 9854 9867 9870
f 9867 9861 9871
f 9871 9861 9869
f 9869 9861 9860
f 9871 9869 9873
f 9873 9869 9860
f 9873 9860 9868
f 9868 9860 9845
f 9873 9868 9878
f 9868 9845 9855
f 9878 9868 9874
f 9874 9868 9855
f 9625 9616 9609
f 9634 9616 9625
f 9634 9625 9645
f 9634 9645 9635
f 9609 9633 9625
f 9625 9633 9645
f 9645 9633 9655
f 9645 9655 9658
f 9635 9645 9654
f 9645 9658 9669
f 9645 9669 9654
f 9654 9669 9670
f 9671 9665 9643
f 9691 9686 9670
f 9691 9670 9669
f 9691 9669 9673
f 9673 9669 9658
f 9673 9658 9655
f 9673 9655 9680
f 9680 9655 9675
f 9675 9655 9647
f 9647 9655 9633
f 9675 9647 9666
f 9666 9647 9637
f 9666 9637 9640
f 9666 9640 9664
f 9664 9640 9639
f 9752 9730 9764
f 9631 9639 9611
f 9611 9639 9640
f 9639 9631 9662
f 9805 9771 9764
f 9805 9764 9769
f 9769 9764 9736
f 9769 9736 9751
f 9769 9751 9787
f 9787 9751 9765
f 9640 9637 9614
f 9662 9631 9665
f 9662 9665 9684
f 9662 9684 9664
f 9662 9664 9639
f 9664 9684 9687
f 9687 9684 9708
f 9664 9687 9666
f 9687 9708 9697
f 9687 9697 9666
f 9666 9697 9675
f 9675 9697 9703
f 9703 9697 9731
f 9675 9703 9680
f 9680 9703 9693
f 9680 9693 9673
f 9693 9703 9714
f 9693 9714 9707
f 9714 9703 9732
f 9785 9749 9757
f 9834 9810 9824
f 9810 9834 9829
f 9810 9829 9808
f 9845 9841 9855
f 9855 9841 9856
f 9856 9841 9832
f 9856 9832 9838
f 9810 9808 9785
f 9785 9808 9801
f 9785 9801 9777
f 9785 9777 9749
f 9777 9801 9775
f 9775 9801 9814
f 9775 9814 9809
f 9775 9809 9779
f 9779 9809 9773
f 9773 9809 9811
f 9773 9811 9788
f 9788 9811 9813
f 9788 9813 9797
f 9797 9813 9821
f 9797 9821 9818
f 9818 9821 9836
f 9818 9836 9828
f 9718 9695 9694
f 9718 9694 9723
f 9718 9723 9744
f 9718 9744 9738
f 9718 9738 9728
f 9728 9738 9761
f 9728 9761 9750
f 9769 9807 9805
f 9807 9769 9787
f 9807 9787 9806
f 9806 9787 9765
f 9806 9765 9762
f 9806 9762 9792
f 9765 9751 9735
f 9765 9735 9762
f 9762 9735 9739
f 9762 9739 9732
f 9732 9739 9714
f 9718 9728 9695
f 9874 9855 9856
f 9874 9856 9862
f 9862 9856 9838
f 9862 9838 9859
f 9874 9862 9876
f 9876 9862 9859
f 9874 9876 9880
f 9880 9876 9879
f 9879 9876 9877
f 9876 9859 9875
f 9876 9875 9877
f 9875 9859 9865
f 9877 9875 9872
f 9872 9875 9865
f 9728 9708 9695
f 9831 9801 9808
f 9731 9732 9703
f 9732 9731 9760
f 9722 9708 9728
f 9708 9722 9734
f 9722 9728 9750
f 9722 9750 9734
f 9734 9750 9770
f 9734 9697 9708
f 9697 9734 9731
f 9732 9760 9762
f 9762 9760 9782
f 9762 9782 9792
f 9782 9760 9790
f 9790 9760 9759
f 9759 9760 9731
f 9790 9759 9770
f 9759 9731 9734
f 9759 9734 9770
f 9859 9838 9830
f 9830 9852 9859
f 9859 9852 9865
f 9826 9852 9830
f 9852 9826 9828
f 9840 9811 9809
f 9811 9840 9827
f 9811 9827 9813
f 9813 9827 9837
f 9813 9837 9821
f 9837 9827 9849
f 9821 9837 9846
f 9846 9837 9849
f 9821 9846 9836
f 9846 9849 9858
f 9836 9846 9850
f 9850 9846 9858
f 9836 9850 9851
f 9836 9851 9828
f 9850 9858 9863
f 9850 9863 9851
f 9828 9851 9852
f 9852 9851 9863
f 9852 9863 9865
f 9863 9858 9866
f 9865 9863 9872
f 9872 9863 9866
o tripo_part_10
v 0.336182 0.110321 -0.137894
v 0.336212 0.075531 -0.141754
v 0.336212 0.100426 -0.139969
v 0.336243 0.058594 -0.145386
v 0.336243 0.085922 -0.142075
v 0.336304 0.066231 -0.145813
v 0.336365 -0.012942 -0.155518
v 0.336395 0.046539 -0.146530
v 0.336395 -0.001246 -0.152924
v 0.336395 -0.026514 -0.156509
v 0.336426 0.091057 -0.138474
v 0.336456 -0.022003 -0.154953
v 0.336456 -0.022945 -0.157959
v 0.336487 0.004672 -0.151474
v 0.336487 0.027464 -0.149002
v 0.336487 0.111526 -0.135010
v 0.336517 0.021935 -0.151260
v 0.336517 0.102303 -0.136429
v 0.336517 0.111282 -0.140457
v 0.336548 -0.040344 -0.159760
v 0.336578 0.034302 -0.150269
v 0.336609 0.009098 -0.153870
v 0.336609 0.060749 -0.142242
v 0.336609 0.086273 -0.144196
v 0.336609 -0.040340 -0.157852
v 0.336670 0.030167 -0.147049
v 0.336670 -0.003139 -0.156021
v 0.336670 -0.010835 -0.152130
v 0.336700 0.045322 -0.144638
v 0.336700 -0.042393 -0.158676
v 0.336731 0.014988 -0.148911
v 0.336823 -0.003877 -0.150589
v 0.336853 0.072929 -0.139557
v 0.336884 0.053505 -0.149109
v 0.336945 -0.040489 -0.156067
v 0.337006 -0.021219 -0.159805
v 0.337006 -0.039104 -0.161972
v 0.337036 0.016504 -0.154419
v 0.337036 -0.025305 -0.153137
v 0.337036 -0.041683 -0.161942
v 0.337158 0.094521 -0.144547
v 0.337219 0.019442 -0.146774
v 0.337280 -0.043163 -0.155365
v 0.337311 0.112106 -0.142502
v 0.337311 -0.042431 -0.155487
v 0.337402 0.029924 -0.153351
v 0.337433 0.038258 -0.143539
v 0.337463 0.089142 -0.136017
v 0.337494 0.055077 -0.140869
v 0.337524 0.001290 -0.157715
v 0.337524 0.111328 -0.132294
v 0.337585 0.070709 -0.148727
v 0.337677 0.000935 -0.148132
v 0.337799 0.103493 -0.133224
v 0.337830 -0.020056 -0.150650
v 0.337921 0.070610 -0.137756
v 0.337921 -0.042732 -0.154099
v 0.338043 -0.025457 -0.162308
v 0.338074 0.024622 -0.155350
v 0.338318 0.026840 -0.143768
v 0.338318 0.082893 -0.148041
v 0.338348 0.006804 -0.146332
v 0.338379 0.046700 -0.152878
v 0.338440 0.049465 -0.140182
v 0.338470 -0.007686 -0.160599
v 0.338562 0.006731 -0.158539
v 0.338623 -0.007257 -0.147812
v 0.338867 -0.017241 -0.148834
v 0.338959 0.100540 -0.146362
v 0.338959 -0.043793 -0.152802
v 0.339050 0.083717 -0.134491
v 0.339203 0.065094 -0.151657
v 0.339203 -0.030716 -0.150391
v 0.339233 0.112251 -0.145279
v 0.339233 -0.025766 -0.163849
v 0.339325 0.016520 -0.158066
v 0.339417 0.066154 -0.136627
v 0.339630 0.007598 -0.144775
v 0.339630 0.035965 -0.140884
v 0.339691 0.111031 -0.129883
v 0.339783 0.039539 -0.155396
v 0.339813 0.087822 -0.148911
v 0.339905 0.023199 -0.142441
v 0.339996 -0.013561 -0.163010
v 0.340027 -0.009744 -0.146729
v 0.340210 0.090767 -0.132401
v 0.340302 -0.042652 -0.151230
v 0.340607 0.071373 -0.151947
v 0.340698 0.000916 -0.161560
v 0.340698 0.045643 -0.138580
v 0.340759 0.050476 -0.154800
v 0.340820 -0.030033 -0.165833
v 0.340881 -0.000833 -0.144913
v 0.340912 0.103775 -0.147507
v 0.340912 -0.028530 -0.148636
v 0.340973 0.020231 -0.158875
v 0.341248 0.076530 -0.133682
v 0.341278 0.014476 -0.142593
v 0.341370 -0.013064 -0.146225
v 0.341400 0.063141 -0.135559
v 0.341461 0.102898 -0.129929
v 0.341675 0.010701 -0.160721
v 0.341705 0.027147 -0.140656
v 0.341705 0.038441 -0.156815
v 0.341888 0.093987 -0.149353
v 0.342255 -0.027420 -0.147720
v 0.342438 0.076447 -0.152161
v 0.342438 0.110786 -0.128281
v 0.342438 -0.002316 -0.144241
v 0.342499 -0.042084 -0.149826
v 0.342529 0.090462 -0.131104
v 0.342896 0.112259 -0.147400
v 0.343109 -0.015518 -0.164948
v 0.343140 0.033424 -0.139084
v 0.343140 0.044640 -0.137390
v 0.343262 0.064766 -0.134506
v 0.343292 -0.020609 -0.146317
v 0.343536 0.020121 -0.160049
v 0.343567 0.008008 -0.142395
v 0.343811 -0.031303 -0.147690
v 0.344025 0.097725 -0.129669
v 0.344116 0.075134 -0.132690
v 0.344360 0.063400 -0.154602
v 0.344391 0.019646 -0.140640
v 0.344391 -0.027586 -0.166992
v 0.344757 -0.010730 -0.144714
v 0.344818 0.086937 -0.151352
v 0.344910 0.052349 -0.135803
v 0.344910 0.103333 -0.148987
v 0.344910 0.110626 -0.127441
v 0.345001 0.109604 -0.127792
v 0.345062 0.112572 -0.152084
v 0.345062 -0.002283 -0.163620
v 0.345154 -0.023075 -0.146240
v 0.345367 -0.043812 -0.149246
v 0.345398 0.031460 -0.158920
v 0.345459 0.089096 -0.130524
v 0.345551 0.047539 -0.156830
v 0.345825 0.016764 -0.160950
v 0.345917 -0.021944 -0.166412
v 0.346283 -0.034706 -0.147781
v 0.346344 0.077766 -0.131989
v 0.346405 0.023365 -0.139923
v 0.346405 0.037766 -0.137802
v 0.346466 0.102135 -0.128784
v 0.346527 0.005206 -0.142319
v 0.346619 -0.016766 -0.145325
v 0.346863 0.112129 -0.147964
v 0.346954 0.052155 -0.135712
v 0.347229 0.067863 -0.133484
v 0.347290 0.065987 -0.154343
v 0.347961 -0.001133 -0.163345
v 0.348236 0.110435 -0.127686
v 0.348297 0.102409 -0.149033
v 0.348297 -0.026865 -0.166901
v 0.348358 -0.009142 -0.144516
v 0.348419 -0.043381 -0.149185
v 0.348480 0.090530 -0.130493
v 0.348480 0.103554 -0.128784
v 0.348541 0.045071 -0.156921
v 0.348602 -0.021486 -0.146118
v 0.348694 0.003136 -0.142838
v 0.348694 0.049335 -0.136276
v 0.348785 0.061985 -0.134613
v 0.348816 0.031319 -0.139053
v 0.348938 -0.037430 -0.148438
v 0.348969 0.022099 -0.159882
v 0.349213 0.015942 -0.141235
v 0.349213 0.077698 -0.152359
v 0.349457 0.077034 -0.132553
v 0.349579 0.112038 -0.147507
v 0.350159 -0.022425 -0.146667
v 0.350342 0.110428 -0.128326
v 0.350372 0.054382 -0.155136
v 0.350525 0.042088 -0.137955
v 0.350555 -0.030613 -0.166763
v 0.350616 0.103523 -0.129440
v 0.350616 -0.006242 -0.163376
v 0.350830 0.054359 -0.136276
v 0.350861 0.068924 -0.134293
v 0.350952 0.107018 -0.147598
v 0.350983 -0.011414 -0.145615
v 0.351166 0.090027 -0.131439
v 0.351196 0.032753 -0.157639
v 0.351227 0.002679 -0.143875
v 0.351410 0.085953 -0.150314
v 0.351410 -0.043896 -0.150406
v 0.351807 0.014140 -0.159821
v 0.351837 0.028173 -0.140701
v 0.351868 -0.033615 -0.149109
v 0.352081 0.015926 -0.142548
v 0.352081 0.101288 -0.130524
v 0.352112 0.063187 -0.135773
v 0.352142 0.076302 -0.133926
v 0.352234 0.043968 -0.155563
v 0.352295 0.067802 -0.152237
v 0.352386 0.100121 -0.147659
v 0.352448 0.049141 -0.137970
v 0.352448 -0.026817 -0.165161
v 0.352570 -0.021103 -0.147720
v 0.352661 0.110168 -0.129669
v 0.352661 -0.007550 -0.146103
v 0.352753 -0.005897 -0.162018
v 0.352783 0.090210 -0.132462
v 0.352814 0.111824 -0.145706
v 0.353394 0.028858 -0.156570
v 0.353455 0.110558 -0.130188
v 0.353485 0.007795 -0.144821
v 0.353485 0.063942 -0.136734
v 0.353516 0.026995 -0.142166
v 0.353516 -0.043686 -0.151978
v 0.353607 0.085236 -0.148712
v 0.353699 0.056084 -0.152618
v 0.353882 0.075638 -0.135437
v 0.353912 -0.030161 -0.150269
v 0.354156 0.047638 -0.139832
v 0.354187 0.008929 -0.158432
v 0.354370 -0.011262 -0.148224
v 0.354370 -0.023207 -0.162903
v 0.354492 0.102913 -0.132645
v 0.354614 0.041779 -0.153488
v 0.354645 0.082680 -0.135391
v 0.354645 0.111649 -0.143814
v 0.354675 -0.041607 -0.164764
v 0.354797 -0.041298 -0.152954
v 0.354828 0.003139 -0.146988
v 0.354919 -0.006059 -0.159637
v 0.354980 0.027538 -0.154846
v 0.354980 0.057652 -0.150742
v 0.355011 0.037254 -0.142548
v 0.355072 0.061829 -0.138962
v 0.355225 0.084053 -0.146896
v 0.355286 0.020998 -0.145508
v 0.355347 0.110718 -0.132751
v 0.355469 -0.022106 -0.151337
v 0.355560 0.077667 -0.137497
v 0.355621 -0.041969 -0.163177
v 0.355743 -0.017029 -0.159882
v 0.355804 0.008527 -0.155731
v 0.355927 0.033089 -0.152222
v 0.355927 -0.005115 -0.150162
v 0.355988 0.049065 -0.142685
v 0.356018 0.012943 -0.148453
v 0.356018 -0.043713 -0.155777
v 0.356079 0.060608 -0.148163
v 0.356079 -0.025955 -0.153229
v 0.356110 0.099426 -0.135941
v 0.356201 0.079483 -0.145432
v 0.356201 0.111359 -0.140900
v 0.356262 0.097221 -0.142731
v 0.356293 0.027203 -0.147125
v 0.356354 0.014051 -0.152893
v 0.356354 -0.014007 -0.157822
v 0.356415 0.049664 -0.144135
v 0.356415 0.068260 -0.141113
v 0.356445 0.000364 -0.151566
v 0.356476 0.006911 -0.152451
v 0.356506 0.031879 -0.149902
v 0.356506 0.048355 -0.148178
v 0.356506 -0.029102 -0.159134
v 0.356537 0.027512 -0.149139
v 0.356537 0.091957 -0.138596
v 0.356537 0.110962 -0.136292
v 0.356537 -0.030848 -0.155731
v 0.356567 -0.042519 -0.158875
v 0.356598 -0.014153 -0.153824
v 0.356628 0.047443 -0.146255
v 0.356628 -0.011413 -0.155807
v 0.356659 0.066399 -0.144791
v 0.356689 0.074005 -0.142120
v 0.356689 0.089607 -0.141403
v 0.356689 0.110565 -0.131424
v 0.356720 -0.025482 -0.156723
s 1
f 10025 10039 10033
f 10025 10033 10011
f 10011 10033 10010
f 10011 10010 9988
f 10033 10039 10053
f 10053 10039 10057
f 10057 10039 10038
f 10053 10057 10081
f 10057 10038 10063
f 10057 10063 10072
f 10057 10072 10081
f 10072 10063 10084
f 10081 10072 10100
f 10100 10072 10084
f 10100 10084 10102
f 10081 10100 10087
f 10087 10100 10114
f 10087 10114 10152
f 10114 10100 10127
f 10152 10114 10143
f 10143 10114 10127
f 10001 10025 10011
f 10038 10039 10025
f 10038 10025 10017
f 10017 10025 10001
f 10017 10001 9991
f 10001 10011 9981
f 10001 9981 9991
f 9981 10011 9988
f 9991 9981 9966
f 9981 9988 9960
f 9981 9960 9966
f 9966 9960 9934
f 9934 9960 9931
f 9966 9934 9951
f 9934 9931 9896
f 9951 9934 9928
f 9934 9896 9898
f 9934 9898 9928
f 9898 9896 9881
f 9928 9898 9891
f 10063 10038 10050
f 10038 10017 10022
f 10038 10022 10050
f 10050 10022 10030
f 10030 10022 10002
f 10002 10022 10017
f 10002 10017 9991
f 10002 9991 9977
f 10002 9977 9996
f 9977 9991 9966
f 10084 10063 10074
f 10084 10074 10094
f 10074 10063 10060
f 10060 10063 10050
f 9977 9966 9951
f 9977 9951 9957
f 9957 9951 9936
f 9936 9951 9928
f 9936 9928 9913
f 9913 9928 9891
f 9913 9891 9882
f 9882 9891 9885
f 9885 9891 9883
f 9882 9885 9886
f 9885 9883 9904
f 9885 9904 9886
f 10050 10030 10044
f 10050 10044 10060
f 10060 10044 10059
f 10059 10044 10043
f 10043 10044 10029
f 10029 10044 10030
f 10029 10030 10008
f 10008 10030 10002
f 9980 9996 9977
f 9996 9980 9995
f 9996 9995 10008
f 10094 10102 10084
f 10102 10094 10116
f 10102 10116 10100
f 10074 10060 10073
f 10073 10060 10059
f 10073 10059 10078
f 10074 10073 10089
f 10089 10073 10078
f 10089 10078 10096
f 10074 10089 10094
f 10089 10096 10111
f 10089 10111 10094
f 10094 10111 10116
f 10116 10111 10135
f 10008 10002 9996
f 10116 10127 10100
f 9980 9977 9957
f 10029 10008 10024
f 10029 10024 10043
f 10043 10024 10045
f 10043 10045 10055
f 10043 10055 10059
f 10055 10045 10069
f 10059 10055 10078
f 10078 10055 10069
f 10078 10069 10090
f 10078 10090 10096
f 10096 10090 10110
f 10096 10110 10111
f 9970 9980 9957
f 10024 10008 9995
f 10024 9995 9994
f 9994 9995 9970
f 9994 9970 9983
f 9983 9970 9959
f 9995 9980 9970
f 10127 10142 10143
f 10143 10142 10151
f 10143 10151 10129
f 9898 9883 9891
f 9883 9898 9881
f 9883 9881 9899
f 9883 9899 9921
f 9883 9921 9904
f 9921 9899 9924
f 9921 9924 9954
f 9921 9954 9949
f 10116 10142 10127
f 10142 10116 10135
f 10142 10135 10150
f 10142 10150 10151
f 9970 9957 9944
f 9944 9957 9936
f 10045 10024 10023
f 10023 10024 9994
f 10023 9994 10004
f 10004 9994 9983
f 9959 9970 9944
f 9959 9944 9940
f 9940 9944 9927
f 9936 9929 9944
f 9929 9936 9913
f 9929 9913 9903
f 10048 10069 10045
f 10069 10048 10071
f 10048 10045 10023
f 9999 10004 9983
f 9999 9983 9978
f 9978 9983 9963
f 9978 9963 9958
f 9963 9983 9959
f 9958 9963 9940
f 9940 9963 9959
f 10122 10135 10111
f 10135 10122 10134
f 10135 10134 10147
f 10135 10147 10149
f 10135 10149 10150
f 10149 10147 10139
f 10149 10139 10125
f 10130 10129 10151
f 10129 10130 10103
f 10110 10122 10111
f 10122 10110 10113
f 10071 10090 10069
f 10090 10071 10088
f 10090 10088 10113
f 10090 10113 10110
f 10042 10048 10026
f 10048 10042 10065
f 10065 10042 10062
f 10048 10065 10071
f 10071 10065 10088
f 10026 10048 10023
f 10026 10023 10004
f 10026 10004 9999
f 9913 9882 9903
f 9903 9882 9884
f 9884 9882 9886
f 9903 9884 9909
f 9989 9999 9978
f 9944 9929 9927
f 9927 9929 9909
f 9909 9929 9903
f 10006 10026 9999
f 10006 9999 9989
f 10036 10042 10026
f 9973 9989 9978
f 9973 9978 9958
f 10149 10151 10150
f 10151 10149 10128
f 10151 10128 10130
f 10130 10128 10112
f 10112 10103 10130
f 10103 10112 10092
f 10036 10026 10027
f 10027 10026 10006
f 10131 10122 10113
f 10082 10088 10065
f 10088 10082 10106
f 10082 10065 10062
f 10062 10036 10052
f 10036 10062 10042
f 9997 10006 9989
f 10006 9997 10014
f 10006 10014 10027
f 9989 9973 9979
f 9979 9973 9965
f 9979 9965 9975
f 9975 9965 9948
f 9948 9965 9947
f 9958 9940 9942
f 9958 9942 9947
f 9947 9942 9933
f 9958 9947 9965
f 9958 9965 9973
f 9940 9927 9922
f 9940 9922 9942
f 9909 9884 9888
f 9909 9888 9906
f 9906 9888 9895
f 9888 9884 9914
f 9895 9888 9901
f 9901 9888 9914
f 9901 9914 9926
f 9926 9914 9943
f 10106 10113 10088
f 10113 10106 10123
f 10041 10052 10036
f 10041 10036 10027
f 9997 9989 9979
f 9997 9979 9986
f 9986 9979 9975
f 9927 9909 9922
f 9932 9904 9921
f 9932 9921 9941
f 9941 9921 9949
f 9941 9949 9962
f 10131 10147 10122
f 10122 10147 10134
f 10125 10128 10149
f 10041 10027 10021
f 10021 10027 10014
f 10021 10014 10000
f 10021 10000 10015
f 10000 10014 9997
f 10000 9997 9986
f 9922 9909 9906
f 9922 9906 9911
f 9911 9906 9895
f 9911 9895 9894
f 9894 9895 9897
f 10098 10106 10082
f 10098 10082 10080
f 10080 10082 10062
f 10080 10062 10052
f 10092 10077 10103
f 10103 10077 10085
f 10077 10061 10085
f 10061 10077 10066
f 10061 10066 10034
f 10085 10061 10051
f 10051 10061 10034
f 10085 10051 10012
f 10051 10034 10028
f 9954 9992 9974
f 9954 9974 9949
f 9949 9974 9962
f 9962 9974 9985
f 9974 9992 10009
f 9974 10009 9985
f 10009 9992 10028
f 9985 10009 10007
f 10009 10028 10034
f 10009 10034 10007
f 9933 9942 9922
f 9933 9922 9911
f 10141 10147 10131
f 10123 10131 10113
f 10131 10123 10137
f 10131 10137 10141
f 10141 10137 10132
f 10141 10132 10138
f 10138 10132 10120
f 10120 10132 10119
f 10120 10119 10108
f 10125 10112 10128
f 10052 10041 10046
f 10046 10041 10021
f 10046 10021 10037
f 10052 10046 10070
f 10070 10046 10037
f 10052 10070 10080
f 10070 10037 10067
f 10080 10070 10095
f 10070 10067 10091
f 10070 10091 10095
f 9904 9932 9914
f 9904 9914 9886
f 9886 9914 9884
f 9914 9932 9943
f 9943 9932 9952
f 10109 10112 10125
f 9990 10000 9986
f 9990 9986 9975
f 9990 9975 9967
f 9967 9975 9953
f 9953 9975 9948
f 9967 9953 9950
f 9912 9933 9911
f 9912 9911 9894
f 9912 9894 9889
f 9889 9894 9902
f 9902 9894 9897
f 10138 10147 10141
f 10147 10138 10139
f 10139 10138 10120
f 10139 10120 10125
f 10125 10120 10109
f 10109 10120 10101
f 10109 10101 10093
f 10093 10101 10075
f 10075 10101 10086
f 10121 10123 10106
f 10121 10106 10098
f 10123 10121 10136
f 10123 10136 10137
f 10095 10098 10080
f 10098 10095 10115
f 10098 10115 10121
f 10121 10115 10126
f 10121 10126 10146
f 9947 9933 9935
f 9935 9933 9912
f 9947 9935 9948
f 10066 10077 10092
f 9968 9962 9985
f 9962 9968 9952
f 9962 9952 9941
f 10092 10112 10109
f 9895 9901 9897
f 9897 9901 9918
f 9897 9918 9902
f 10115 10095 10105
f 10115 10105 10126
f 10076 10066 10092
f 10066 10076 10049
f 10066 10049 10034
f 10007 10034 10049
f 10007 10049 10031
f 9987 9985 10007
f 9985 9987 9968
f 9987 10007 10003
f 9953 9948 9935
f 9932 9941 9952
f 9908 9935 9912
f 9935 9908 9919
f 9919 9908 9892
f 9892 9908 9889
f 9892 9889 9887
f 9892 9887 9890
f 9887 9889 9907
f 9890 9887 9893
f 9893 9887 9907
f 9893 9907 9916
f 10093 10092 10109
f 10092 10093 10076
f 10076 10093 10075
f 10076 10075 10054
f 9953 9935 9937
f 9937 9935 9919
f 9937 9919 9915
f 9915 9919 9892
f 9915 9892 9890
f 9937 9915 9925
f 9937 9925 9923
f 9923 9925 9910
f 9925 9915 9905
f 9905 9915 9890
f 9925 9905 9910
f 9905 9890 9900
f 9905 9900 9910
f 9910 9900 9920
f 9900 9890 9893
f 9920 9900 9917
f 9917 9900 9893
f 9917 9893 9916
f 9917 9916 9938
f 10146 10136 10121
f 10136 10146 10148
f 10148 10146 10153
f 10153 10146 10144
f 10144 10146 10126
f 10108 10101 10120
f 10101 10108 10086
f 10003 10007 10031
f 10003 10031 10018
f 9943 9952 9971
f 9901 9926 9918
f 9918 9926 9939
f 9939 9926 9943
f 9908 9912 9889
f 10054 10049 10076
f 10049 10054 10031
f 9952 9968 9971
f 9971 9968 10003
f 10003 9968 9987
f 9943 9971 9961
f 9961 9971 9984
f 9984 9971 10003
f 9984 10003 10018
f 9984 10018 10016
f 10016 10018 10040
f 10148 10137 10136
f 10137 10148 10119
f 10137 10119 10132
f 9907 9889 9902
f 9907 9902 9918
f 9939 9943 9961
f 10124 10144 10126
f 10031 10054 10040
f 10031 10040 10018
f 10040 10054 10064
f 10064 10054 10075
f 9939 9961 9956
f 9939 9956 9946
f 9956 9961 9976
f 9976 9961 9984
f 9976 9984 9998
f 9976 9998 9982
f 9930 9918 9939
f 9930 9939 9946
f 9930 9946 9945
f 9918 9930 9907
f 10133 10119 10148
f 10133 10148 10153
f 10133 10153 10140
f 10133 10140 10118
f 10097 10108 10119
f 10097 10119 10107
f 10107 10119 10133
f 10097 10107 10083
f 10097 10083 10068
f 10068 10083 10058
f 10068 10058 10047
f 10047 10058 10032
f 10145 10153 10144
f 10153 10145 10140
f 10097 10086 10108
f 10086 10097 10068
f 10086 10068 10064
f 10086 10064 10075
f 10064 10068 10047
f 10047 10040 10064
f 10040 10047 10016
f 9998 9984 10016
f 9998 10016 10019
f 10019 10016 10047
f 10118 10107 10133
f 10107 10118 10099
f 10107 10099 10083
f 10083 10099 10079
f 10083 10079 10058
f 9916 9907 9930
f 9916 9930 9938
f 9956 9976 9982
f 9956 9982 9969
f 9969 9982 10013
f 9956 9969 9946
f 9946 9969 9945
f 9930 9945 9938
f 10117 10118 10140
f 10118 10117 10099
f 10099 10117 10104
f 10099 10104 10079
f 10013 10019 10032
f 10019 10013 9998
f 9998 10013 9982
f 10019 10047 10032
f 9945 9969 9964
f 9945 9964 9938
f 9938 9964 9955
f 9993 9969 10013
f 9969 9993 9964
f 9964 9993 9972
f 10020 10013 10032
f 10013 10020 9993
f 10020 10032 10035
f 9955 9964 9972
f 10056 10058 10079
f 10058 10056 10035
f 10035 10032 10058
f 10005 9993 10020
f 9972 9993 10005
o tripo_part_11
v -0.336792 0.004760 -0.154037
v -0.336823 -0.011673 -0.156387
v -0.336853 0.101631 -0.140610
v -0.336884 0.014678 -0.151016
v -0.336884 0.017351 -0.152954
v -0.336884 -0.020134 -0.155807
v -0.336914 0.120552 -0.137894
v -0.336945 0.084030 -0.141556
v -0.336945 0.105354 -0.137634
v -0.336975 0.133865 -0.134552
v -0.337006 0.050903 -0.147888
v -0.337006 -0.028315 -0.159164
v -0.337036 0.034401 -0.150391
v -0.337036 0.061474 -0.145721
v -0.337036 0.121300 -0.135330
v -0.337097 0.000537 -0.151581
v -0.337097 0.030828 -0.148468
v -0.337097 0.052105 -0.145630
v -0.337097 0.088432 -0.143677
v -0.337128 0.105339 -0.141953
v -0.337128 -0.013430 -0.153351
v -0.337158 0.067650 -0.142838
v -0.337158 0.076775 -0.145126
v -0.337158 0.134140 -0.137497
v -0.337250 -0.000970 -0.157669
v -0.337280 0.034134 -0.151932
v -0.337280 0.037445 -0.146591
v -0.337280 -0.020796 -0.160294
v -0.337311 0.123726 -0.139587
v -0.337433 0.018389 -0.148346
v -0.337433 0.081009 -0.139771
v -0.337433 -0.029903 -0.155594
v -0.337463 0.013917 -0.156036
v -0.337463 0.061806 -0.148361
v -0.337463 0.114113 -0.134659
v -0.337494 0.131393 -0.132187
v -0.337524 0.098381 -0.144028
v -0.337646 0.092056 -0.137039
v -0.337677 0.049324 -0.151001
v -0.337830 0.008707 -0.148544
v -0.337830 0.049866 -0.143173
v -0.337860 0.117294 -0.142029
v -0.337860 -0.030039 -0.162170
v -0.337921 0.039776 -0.152939
v -0.337952 0.022821 -0.146591
v -0.337952 -0.005032 -0.150284
v -0.337982 0.069572 -0.140076
v -0.338074 0.025591 -0.155396
v -0.338074 0.076866 -0.147812
v -0.338165 0.091133 -0.146271
v -0.338165 -0.021397 -0.152084
v -0.338196 0.035316 -0.144562
v -0.338196 0.056164 -0.151077
v -0.338196 0.134491 -0.140244
v -0.338318 0.131424 -0.130325
v -0.338379 0.115082 -0.132523
v -0.338562 0.106911 -0.144791
v -0.338593 0.125122 -0.142151
v -0.338654 -0.019312 -0.162918
v -0.338898 0.008999 -0.159164
v -0.338898 0.095543 -0.134369
v -0.338928 0.064285 -0.150986
v -0.338928 0.082954 -0.136337
v -0.338928 -0.007948 -0.161530
v -0.338989 0.000897 -0.147720
v -0.338989 0.022766 -0.144943
v -0.339020 -0.032120 -0.152786
v -0.339142 0.062904 -0.139023
v -0.339264 0.093834 -0.147522
v -0.339294 0.049736 -0.153687
v -0.339325 0.041382 -0.141953
v -0.339355 -0.029394 -0.164734
v -0.339386 0.037621 -0.155563
v -0.339447 0.124420 -0.129761
v -0.339539 0.024452 -0.157654
v -0.339539 0.134705 -0.142105
v -0.339569 0.122482 -0.143784
v -0.339569 -0.017588 -0.149628
v -0.339630 0.109100 -0.131714
v -0.340027 0.108986 -0.146271
v -0.340179 0.083595 -0.149765
v -0.340332 0.133301 -0.127655
v -0.340424 0.014441 -0.160019
v -0.340454 0.070045 -0.151917
v -0.340515 0.031307 -0.142166
v -0.340607 0.007545 -0.145233
v -0.340637 0.051640 -0.139145
v -0.340668 0.040157 -0.156509
v -0.340790 0.080902 -0.134659
v -0.340973 -0.008392 -0.163620
v -0.341003 0.057835 -0.154190
v -0.341187 0.004576 -0.162094
v -0.341217 -0.029005 -0.166382
v -0.341248 0.120842 -0.145538
v -0.341278 -0.032558 -0.150711
v -0.341339 0.023371 -0.159393
v -0.341370 0.065170 -0.136581
v -0.341400 0.097931 -0.131653
v -0.341400 0.134903 -0.143799
v -0.341461 0.074188 -0.152130
v -0.341492 0.112892 -0.129730
v -0.341492 -0.009769 -0.146942
v -0.341644 0.100548 -0.148743
v -0.341858 0.046345 -0.156464
v -0.341858 0.133270 -0.126511
v -0.342072 -0.021864 -0.166290
v -0.342285 0.084465 -0.151215
v -0.342407 0.032162 -0.158768
v -0.342499 0.017628 -0.160934
v -0.342499 -0.023306 -0.148453
v -0.342529 0.030676 -0.140915
v -0.342773 0.063324 -0.154419
v -0.342926 0.013198 -0.143066
v -0.343018 -0.006309 -0.164474
v -0.343140 0.050217 -0.156509
v -0.343140 0.078064 -0.152496
v -0.343201 0.098167 -0.149826
v -0.343231 0.135040 -0.144760
v -0.343292 0.090851 -0.131744
v -0.343292 0.111847 -0.147919
v -0.343353 0.123589 -0.146271
v -0.343475 0.070137 -0.134857
v -0.343658 0.008283 -0.162720
v -0.343658 0.043709 -0.138550
v -0.343994 0.108040 -0.129227
v -0.344025 0.033371 -0.159210
v -0.344055 -0.032822 -0.149353
v -0.344116 0.065254 -0.154648
v -0.344177 0.133270 -0.125458
v -0.344269 0.135406 -0.147156
v -0.344666 -0.017834 -0.166687
v -0.344727 -0.028681 -0.167923
v -0.344849 0.090179 -0.151413
v -0.344910 -0.002900 -0.144730
v -0.344940 -0.025042 -0.147858
v -0.345245 0.135208 -0.145340
v -0.345337 0.078232 -0.153152
v -0.345428 0.049694 -0.157227
v -0.345459 0.011524 -0.142517
v -0.345520 0.021103 -0.161392
v -0.345642 0.119171 -0.147476
v -0.345856 0.108208 -0.149124
v -0.345917 0.051651 -0.136841
v -0.345917 0.060757 -0.155716
v -0.346100 -0.033356 -0.146698
v -0.346222 0.082603 -0.132294
v -0.346313 0.123619 -0.126465
v -0.346405 0.035088 -0.159439
v -0.346436 0.103920 -0.129349
v -0.346497 0.035007 -0.139328
v -0.346558 0.005279 -0.163712
v -0.346558 0.092529 -0.151367
v -0.346558 -0.008634 -0.165649
v -0.346832 0.008071 -0.142929
v -0.346832 0.133453 -0.145737
v -0.347076 0.121117 -0.147324
v -0.347382 0.069298 -0.134384
v -0.347565 0.071892 -0.154221
v -0.347626 -0.017830 -0.166992
v -0.347931 0.054504 -0.156662
v -0.347961 -0.014607 -0.146179
v -0.348206 0.102150 -0.149948
v -0.348236 -0.028496 -0.168228
v -0.348328 -0.032757 -0.149078
v -0.348572 0.111221 -0.128479
v -0.348633 0.020124 -0.161560
v -0.348633 0.084435 -0.152359
v -0.348724 0.132797 -0.125229
v -0.348877 0.012508 -0.142456
v -0.348907 0.068810 -0.154465
v -0.348969 0.050568 -0.137085
v -0.349030 0.135376 -0.145248
v -0.349274 -0.027924 -0.171219
v -0.349304 -0.004609 -0.164780
v -0.349365 0.033604 -0.159348
v -0.349487 0.092140 -0.131287
v -0.349701 0.120003 -0.147125
v -0.350189 0.033550 -0.140045
v -0.350250 -0.003194 -0.145187
v -0.350464 0.050957 -0.156631
v -0.350586 0.087929 -0.151413
v -0.350586 -0.018278 -0.147446
v -0.350739 -0.032490 -0.149765
v -0.350952 0.134903 -0.144699
v -0.351013 0.012222 -0.143204
v -0.351074 0.063721 -0.154541
v -0.351135 0.102364 -0.149094
v -0.351166 0.069466 -0.135315
v -0.351227 0.019909 -0.160736
v -0.351318 -0.020239 -0.166367
v -0.351379 0.133530 -0.125977
v -0.351471 0.116447 -0.128601
v -0.351532 0.049240 -0.138229
v -0.351654 0.098869 -0.131210
v -0.351685 0.127090 -0.145493
v -0.351898 0.116562 -0.146851
v -0.351959 0.036797 -0.157928
v -0.351990 0.135391 -0.144135
v -0.352386 0.036579 -0.140671
v -0.352600 0.002836 -0.145477
v -0.352600 -0.032307 -0.150742
v -0.352631 0.084953 -0.150925
v -0.352692 0.049152 -0.155792
v -0.352692 0.071869 -0.152649
v -0.352783 0.005873 -0.161896
v -0.352814 -0.014874 -0.148178
v -0.352875 0.022682 -0.142914
v -0.352936 0.100784 -0.148315
v -0.352936 0.134308 -0.143692
v -0.352997 -0.028742 -0.166412
v -0.353027 0.131287 -0.127258
v -0.353271 0.123070 -0.144974
v -0.353333 0.024559 -0.158676
v -0.353333 0.059502 -0.138031
v -0.353455 0.103363 -0.131805
v -0.353516 0.078842 -0.135391
v -0.353760 0.036453 -0.141754
v -0.353760 -0.017307 -0.164185
v -0.353851 -0.004852 -0.162369
v -0.353912 0.135391 -0.143112
v -0.353943 0.072594 -0.151550
v -0.354065 0.041588 -0.155670
v -0.354065 0.134979 -0.142548
v -0.354279 0.096031 -0.147751
v -0.354340 -0.031929 -0.152206
v -0.354492 0.007326 -0.146484
v -0.354523 0.135696 -0.146255
v -0.354675 0.057919 -0.152573
v -0.354706 0.048550 -0.140945
v -0.354736 0.125122 -0.143204
v -0.354767 0.109970 -0.145493
v -0.354889 -0.007974 -0.149338
v -0.354919 0.092606 -0.134933
v -0.354950 0.068466 -0.138397
v -0.354980 0.133926 -0.128906
v -0.355133 0.019190 -0.145737
v -0.355164 0.120354 -0.131058
v -0.355255 0.035572 -0.143677
v -0.355255 -0.029158 -0.163849
v -0.355286 0.007745 -0.159012
v -0.355408 -0.027700 -0.152939
v -0.355469 0.076141 -0.149261
v -0.355499 0.028030 -0.155640
v -0.355621 0.135132 -0.140442
v -0.355652 0.047939 -0.152618
v -0.355835 0.133392 -0.140488
v -0.356018 -0.012300 -0.151917
v -0.356049 0.117821 -0.142380
v -0.356140 0.046318 -0.143585
v -0.356262 -0.009738 -0.159409
v -0.356293 0.126556 -0.132065
v -0.356293 -0.031176 -0.155167
v -0.356354 0.027212 -0.154022
v -0.356354 0.104050 -0.143738
v -0.356354 0.108910 -0.134949
v -0.356354 0.134308 -0.131500
v -0.356384 0.006542 -0.149689
v -0.356445 0.080452 -0.146820
v -0.356537 0.074371 -0.140533
v -0.356537 0.091110 -0.138123
v -0.356567 0.056744 -0.143173
v -0.356628 0.026539 -0.147781
v -0.356689 0.057629 -0.148560
v -0.356689 0.132996 -0.138718
v -0.356689 -0.029865 -0.160568
v -0.356750 0.009177 -0.155777
v -0.356781 0.135010 -0.137924
v -0.356812 -0.030560 -0.157318
v -0.356873 -0.011306 -0.154724
v -0.356903 0.104408 -0.141815
v -0.356903 0.123909 -0.139160
v -0.356903 0.131134 -0.133255
v -0.356903 -0.012123 -0.156891
v -0.356934 0.045807 -0.146362
v -0.356964 0.009054 -0.151321
v -0.356995 0.032207 -0.150146
v -0.357025 0.081406 -0.144562
v -0.357025 0.092384 -0.140182
v -0.357056 0.009311 -0.153931
v -0.357086 0.070450 -0.143509
v -0.357086 0.098038 -0.141144
v -0.357086 0.109604 -0.137543
v -0.357086 0.133850 -0.135712
v -0.357086 0.134689 -0.134354
v -0.357208 0.123055 -0.136536
v -0.366302 0.136063 -0.145645
s 1
f 10300 10321 10318
f 10318 10321 10345
f 10345 10321 10344
f 10282 10300 10278
f 10282 10278 10254
f 10282 10254 10258
f 10258 10254 10235
f 10235 10254 10227
f 10235 10227 10208
f 10208 10227 10209
f 10209 10227 10232
f 10208 10209 10188
f 10208 10188 10189
f 10189 10188 10168
f 10189 10168 10163
f 10163 10168 10160
f 10163 10160 10177
f 10177 10160 10182
f 10182 10160 10173
f 10278 10300 10302
f 10302 10300 10318
f 10347 10318 10345
f 10345 10364 10368
f 10368 10364 10390
f 10227 10254 10232
f 10302 10318 10329
f 10329 10318 10347
f 10347 10345 10368
f 10347 10368 10369
f 10390 10388 10404
f 10251 10254 10278
f 10254 10251 10232
f 10251 10278 10272
f 10272 10278 10302
f 10232 10251 10214
f 10232 10214 10209
f 10272 10302 10299
f 10299 10302 10329
f 10390 10404 10408
f 10341 10299 10329
f 10299 10341 10310
f 10341 10329 10347
f 10368 10390 10386
f 10386 10390 10408
f 10386 10408 10413
f 10413 10408 10435
f 10413 10435 10431
f 10431 10435 10434
f 10434 10435 10438
f 10272 10242 10251
f 10251 10242 10214
f 10214 10242 10216
f 10242 10272 10275
f 10242 10275 10250
f 10275 10272 10299
f 10275 10299 10310
f 10404 10409 10425
f 10404 10425 10408
f 10341 10347 10369
f 10425 10409 10436
f 10436 10409 10437
f 10425 10436 10438
f 10425 10438 10435
f 10438 10436 10424
f 10424 10436 10417
f 10162 10168 10188
f 10162 10188 10191
f 10162 10191 10161
f 10168 10162 10160
f 10162 10161 10156
f 10162 10156 10160
f 10160 10156 10173
f 10275 10310 10296
f 10296 10310 10324
f 10324 10310 10341
f 10324 10341 10346
f 10275 10296 10277
f 10275 10277 10250
f 10250 10277 10240
f 10250 10240 10221
f 10250 10221 10242
f 10367 10341 10369
f 10341 10367 10346
f 10367 10369 10387
f 10214 10188 10209
f 10188 10214 10191
f 10368 10386 10369
f 10369 10386 10387
f 10408 10425 10435
f 10216 10191 10214
f 10191 10216 10200
f 10191 10200 10184
f 10184 10200 10175
f 10191 10184 10161
f 10161 10184 10175
f 10161 10175 10176
f 10161 10176 10172
f 10172 10176 10203
f 10172 10203 10190
f 10203 10176 10202
f 10221 10216 10242
f 10436 10437 10420
f 10436 10420 10417
f 10417 10420 10399
f 10399 10420 10397
f 10399 10397 10376
f 10399 10376 10383
f 10376 10397 10373
f 10383 10376 10362
f 10362 10376 10373
f 10362 10373 10351
f 10362 10351 10337
f 10337 10351 10325
f 10386 10413 10387
f 10387 10413 10412
f 10412 10413 10433
f 10433 10413 10431
f 10433 10431 10430
f 10430 10431 10434
f 10200 10216 10221
f 10200 10221 10194
f 10194 10221 10224
f 10224 10221 10240
f 10303 10296 10324
f 10296 10303 10277
f 10277 10303 10264
f 10303 10324 10331
f 10331 10324 10346
f 10331 10346 10352
f 10238 10240 10277
f 10240 10238 10224
f 10238 10277 10264
f 10346 10367 10352
f 10352 10367 10370
f 10352 10370 10360
f 10370 10367 10382
f 10370 10382 10391
f 10391 10382 10402
f 10370 10391 10389
f 10367 10387 10382
f 10382 10387 10402
f 10402 10387 10414
f 10438 10424 10434
f 10434 10424 10423
f 10423 10424 10407
f 10434 10423 10430
f 10430 10423 10407
f 10322 10292 10303
f 10292 10322 10307
f 10303 10292 10266
f 10322 10303 10331
f 10303 10266 10264
f 10264 10266 10238
f 10238 10266 10239
f 10322 10331 10338
f 10338 10331 10352
f 10338 10352 10360
f 10387 10412 10414
f 10414 10412 10433
f 10424 10417 10399
f 10424 10399 10401
f 10401 10399 10383
f 10424 10401 10407
f 10173 10195 10182
f 10195 10173 10190
f 10195 10190 10210
f 10195 10210 10230
f 10210 10190 10203
f 10230 10210 10233
f 10210 10203 10222
f 10210 10222 10233
f 10195 10211 10182
f 10182 10211 10207
f 10207 10211 10229
f 10211 10195 10230
f 10211 10230 10229
f 10229 10230 10252
f 10252 10230 10247
f 10247 10230 10233
f 10397 10420 10380
f 10380 10420 10439
f 10397 10380 10373
f 10373 10380 10351
f 10351 10380 10325
f 10325 10380 10283
f 10172 10156 10161
f 10172 10173 10156
f 10173 10172 10190
f 10194 10175 10200
f 10175 10194 10171
f 10175 10171 10167
f 10167 10171 10164
f 10167 10164 10187
f 10187 10164 10192
f 10205 10194 10224
f 10205 10224 10219
f 10219 10224 10238
f 10360 10370 10389
f 10360 10389 10379
f 10360 10379 10353
f 10360 10353 10338
f 10401 10383 10384
f 10384 10383 10365
f 10365 10383 10362
f 10384 10365 10349
f 10349 10365 10348
f 10349 10348 10330
f 10407 10401 10384
f 10407 10384 10411
f 10411 10384 10377
f 10377 10384 10361
f 10361 10384 10349
f 10361 10349 10340
f 10361 10340 10355
f 10340 10349 10330
f 10340 10330 10315
f 10340 10315 10334
f 10167 10176 10175
f 10287 10292 10307
f 10287 10307 10314
f 10292 10287 10266
f 10266 10287 10255
f 10322 10338 10332
f 10332 10338 10353
f 10322 10332 10307
f 10307 10332 10314
f 10414 10433 10427
f 10427 10433 10416
f 10416 10433 10430
f 10180 10171 10194
f 10171 10180 10164
f 10164 10180 10170
f 10164 10170 10166
f 10252 10271 10283
f 10271 10252 10247
f 10283 10271 10289
f 10283 10289 10325
f 10289 10271 10274
f 10325 10289 10308
f 10289 10274 10309
f 10289 10309 10308
f 10362 10337 10348
f 10362 10348 10365
f 10348 10337 10325
f 10348 10325 10330
f 10330 10325 10308
f 10330 10308 10309
f 10391 10402 10415
f 10415 10402 10427
f 10415 10427 10429
f 10429 10427 10416
f 10429 10416 10406
f 10430 10407 10411
f 10430 10411 10416
f 10205 10180 10194
f 10180 10205 10198
f 10219 10238 10239
f 10239 10266 10255
f 10239 10255 10218
f 10218 10255 10231
f 10218 10231 10199
f 10274 10271 10247
f 10274 10247 10273
f 10274 10273 10294
f 10274 10294 10309
f 10309 10294 10295
f 10288 10287 10314
f 10288 10314 10317
f 10287 10288 10255
f 10288 10317 10280
f 10255 10288 10263
f 10263 10288 10280
f 10255 10263 10231
f 10263 10280 10248
f 10263 10248 10231
f 10248 10280 10298
f 10231 10248 10220
f 10402 10414 10427
f 10187 10176 10167
f 10219 10198 10205
f 10198 10219 10193
f 10198 10193 10183
f 10193 10219 10218
f 10218 10219 10239
f 10314 10332 10335
f 10314 10335 10317
f 10317 10335 10336
f 10335 10332 10353
f 10335 10353 10359
f 10359 10353 10379
f 10359 10379 10385
f 10385 10379 10410
f 10385 10410 10400
f 10400 10410 10422
f 10422 10410 10428
f 10422 10428 10432
f 10422 10432 10426
f 10426 10432 10403
f 10403 10432 10419
f 10403 10419 10393
f 10391 10415 10389
f 10389 10415 10410
f 10389 10410 10379
f 10410 10415 10428
f 10428 10415 10429
f 10428 10429 10432
f 10432 10429 10406
f 10432 10406 10419
f 10419 10406 10393
f 10393 10406 10396
f 10393 10396 10366
f 10393 10366 10358
f 10411 10377 10395
f 10395 10377 10355
f 10355 10377 10361
f 10395 10355 10374
f 10374 10355 10357
f 10357 10355 10334
f 10334 10355 10340
f 10357 10334 10339
f 10183 10180 10198
f 10187 10202 10176
f 10202 10187 10215
f 10183 10170 10180
f 10170 10183 10157
f 10170 10157 10166
f 10166 10157 10158
f 10158 10157 10154
f 10166 10158 10179
f 10158 10154 10186
f 10158 10186 10179
f 10179 10186 10201
f 10201 10186 10213
f 10201 10213 10228
f 10228 10213 10236
f 10202 10222 10203
f 10222 10202 10234
f 10234 10202 10215
f 10222 10234 10256
f 10256 10234 10260
f 10256 10260 10270
f 10270 10260 10286
f 10260 10234 10253
f 10253 10234 10237
f 10260 10253 10269
f 10260 10269 10286
f 10286 10269 10290
f 10286 10290 10305
f 10305 10290 10311
f 10305 10311 10320
f 10305 10320 10315
f 10320 10311 10323
f 10315 10320 10334
f 10334 10320 10323
f 10256 10233 10222
f 10233 10256 10247
f 10247 10256 10273
f 10273 10256 10270
f 10273 10270 10295
f 10273 10295 10294
f 10315 10309 10295
f 10315 10330 10309
f 10354 10335 10359
f 10335 10354 10336
f 10354 10359 10378
f 10378 10359 10385
f 10378 10385 10394
f 10394 10385 10400
f 10378 10394 10405
f 10405 10394 10400
f 10405 10400 10422
f 10405 10422 10421
f 10421 10422 10426
f 10421 10426 10418
f 10199 10193 10218
f 10193 10199 10169
f 10193 10169 10183
f 10416 10411 10395
f 10192 10164 10166
f 10192 10166 10179
f 10192 10179 10197
f 10192 10197 10223
f 10192 10223 10206
f 10223 10197 10226
f 10223 10226 10241
f 10192 10206 10187
f 10187 10206 10215
f 10215 10206 10223
f 10215 10223 10244
f 10286 10295 10270
f 10295 10286 10305
f 10295 10305 10315
f 10416 10395 10381
f 10416 10381 10398
f 10169 10157 10183
f 10204 10199 10231
f 10199 10204 10174
f 10204 10231 10220
f 10199 10174 10169
f 10169 10174 10154
f 10169 10154 10157
f 10154 10174 10155
f 10154 10155 10178
f 10154 10178 10186
f 10186 10178 10213
f 10237 10234 10215
f 10237 10215 10244
f 10237 10244 10253
f 10253 10244 10265
f 10265 10244 10257
f 10381 10395 10374
f 10381 10374 10357
f 10416 10398 10406
f 10406 10398 10396
f 10396 10398 10375
f 10396 10375 10366
f 10366 10375 10350
f 10265 10269 10253
f 10269 10265 10281
f 10269 10281 10290
f 10290 10281 10297
f 10290 10297 10311
f 10297 10281 10291
f 10311 10297 10313
f 10313 10297 10291
f 10398 10381 10375
f 10375 10381 10356
f 10375 10356 10350
f 10350 10356 10333
f 10185 10174 10204
f 10174 10185 10159
f 10159 10185 10165
f 10179 10201 10197
f 10197 10201 10226
f 10323 10339 10334
f 10356 10381 10357
f 10356 10357 10339
f 10159 10155 10174
f 10155 10159 10165
f 10155 10165 10181
f 10155 10181 10178
f 10181 10165 10196
f 10241 10244 10223
f 10244 10241 10257
f 10313 10323 10311
f 10313 10333 10323
f 10323 10333 10339
f 10339 10333 10356
f 10268 10265 10257
f 10268 10281 10265
f 10281 10268 10291
f 10228 10226 10201
f 10228 10241 10226
f 10279 10291 10268
f 10291 10279 10301
f 10279 10268 10257
f 10328 10333 10313
f 10333 10328 10350
f 10328 10313 10301
f 10301 10313 10291
f 10228 10249 10241
f 10249 10228 10236
f 10249 10236 10262
f 10262 10236 10245
f 10261 10257 10241
f 10257 10261 10279
f 10261 10241 10249
f 10342 10366 10350
f 10342 10350 10328
f 10426 10403 10418
f 10418 10403 10392
f 10392 10403 10393
f 10217 10213 10178
f 10217 10178 10181
f 10213 10217 10245
f 10213 10245 10236
f 10245 10217 10243
f 10245 10243 10267
f 10245 10267 10276
f 10245 10276 10262
f 10276 10267 10306
f 10276 10306 10304
f 10304 10306 10327
f 10304 10327 10319
f 10262 10261 10249
f 10261 10262 10279
f 10279 10262 10293
f 10279 10293 10301
f 10293 10262 10276
f 10301 10293 10319
f 10293 10276 10304
f 10293 10304 10319
f 10319 10328 10301
f 10328 10319 10342
f 10342 10319 10327
f 10358 10366 10342
f 10372 10393 10358
f 10393 10372 10392
f 10372 10358 10343
f 10212 10217 10181
f 10217 10212 10243
f 10243 10212 10259
f 10259 10212 10225
f 10243 10259 10267
f 10267 10259 10284
f 10267 10284 10306
f 10284 10259 10285
f 10285 10259 10246
f 10306 10284 10312
f 10306 10312 10327
f 10284 10285 10316
f 10284 10316 10312
f 10316 10285 10326
f 10327 10312 10343
f 10343 10312 10316
f 10343 10316 10363
f 10343 10363 10371
f 10343 10371 10372
f 10371 10363 10392
f 10371 10392 10372
f 10327 10358 10342
f 10358 10327 10343
o tripo_part_12
v -0.095985 -0.019497 -0.308868
v -0.096046 -0.023762 -0.301147
v -0.096199 -0.026775 -0.294525
v -0.096474 -0.030045 -0.286804
v -0.097206 -0.033726 -0.275635
v -0.097404 -0.035889 -0.267853
v -0.097862 -0.038174 -0.259247
v -0.098747 -0.043793 -0.238113
v -0.099022 -0.045631 -0.230637
v -0.099197 -0.071671 -0.119720
v -0.099327 -0.047600 -0.222229
v -0.099449 -0.050819 -0.210159
v -0.099503 -0.068642 -0.132858
v -0.099747 -0.052475 -0.202423
v -0.099762 -0.062561 -0.159805
v -0.099785 -0.065506 -0.146866
v -0.099846 -0.013109 -0.320251
v -0.099854 -0.055405 -0.190140
v -0.100807 -0.008140 -0.325409
v -0.101334 -0.060627 -0.167175
v -0.101402 -0.023954 -0.303223
v -0.101463 -0.066116 -0.143082
v -0.101631 -0.027979 -0.293854
v -0.101677 -0.057816 -0.178955
v -0.101830 -0.061420 -0.163681
v -0.102234 -0.062347 -0.159195
v -0.102318 -0.018480 -0.313202
v -0.102356 -0.050571 -0.209930
v -0.102715 -0.052433 -0.201660
v -0.103157 -0.078819 -0.083885
v -0.103416 -0.066963 -0.138519
v -0.103470 -0.076477 -0.095001
v -0.103485 -0.014065 -0.317963
v -0.103516 -0.079994 -0.075623
v -0.103561 -0.080078 -0.071266
v -0.103821 -0.003028 -0.292511
v -0.103943 -0.040474 -0.250854
v -0.104050 -0.004817 -0.324249
v -0.104324 -0.030054 -0.288940
v -0.104408 -0.036724 -0.264923
v -0.104744 -0.078033 -0.068497
v -0.105011 -0.058220 -0.075539
v -0.105171 -0.000360 -0.309692
v -0.105759 -0.012000 -0.317780
v -0.105904 -0.071838 -0.065948
v -0.105934 -0.032467 -0.281036
v -0.106300 -0.062889 -0.070557
v -0.106308 -0.052162 -0.088081
v -0.106575 -0.077019 -0.089645
v -0.106590 -0.005083 -0.319885
v -0.106705 -0.077904 -0.077332
v -0.106979 -0.050213 -0.095444
v -0.107117 -0.052593 -0.087532
v -0.107147 -0.077721 -0.082047
v -0.107231 -0.049011 -0.099709
v -0.107277 -0.025091 -0.301819
v -0.107552 -0.071259 -0.118813
v -0.107689 -0.046570 -0.107399
v -0.108032 -0.011765 -0.315521
v -0.108063 -0.045074 -0.114235
v -0.108261 -0.043392 -0.121597
v -0.108376 -0.046772 -0.107941
v -0.108521 -0.065155 -0.070602
v -0.108543 -0.040955 -0.130020
v -0.108574 -0.002656 -0.310394
v -0.108612 -0.028091 -0.295105
v -0.108673 -0.072746 -0.071404
v -0.108727 -0.038780 -0.140656
v -0.108780 -0.017830 -0.228973
v -0.108864 -0.018984 -0.223694
v -0.108887 -0.036758 -0.148178
v -0.109032 -0.023462 -0.304352
v -0.109062 -0.034260 -0.127090
v -0.109070 -0.020727 -0.215134
v -0.109138 -0.028898 -0.180862
v -0.109146 -0.005368 -0.314331
v -0.109146 -0.030458 -0.174927
v -0.109215 -0.025782 -0.192764
v -0.109299 -0.035091 -0.156647
v -0.109444 -0.035629 -0.269531
v -0.109505 -0.042137 -0.127274
v -0.109596 -0.038666 -0.142624
v -0.109680 -0.021254 -0.215485
v -0.109688 -0.023188 -0.207520
v -0.109695 -0.027836 -0.187943
v -0.109718 -0.032536 -0.168549
v -0.109741 -0.025324 -0.198517
v -0.109840 -0.003247 -0.296997
v -0.109848 -0.009530 -0.313934
v -0.109879 -0.074646 -0.075706
v -0.109894 -0.002890 -0.302094
v -0.110069 -0.075180 -0.098618
v -0.110184 -0.067421 -0.071739
v -0.110573 -0.030773 -0.175751
v -0.110603 -0.076233 -0.079918
v -0.111038 -0.019213 -0.224670
v -0.111130 -0.004896 -0.288269
v -0.111465 -0.057224 -0.077309
v -0.111519 -0.030119 -0.289490
v -0.111610 -0.065628 -0.143524
v -0.111702 -0.005675 -0.308502
v -0.111900 -0.043522 -0.121231
v -0.111961 -0.006356 -0.281097
v -0.112045 -0.060074 -0.075035
v -0.112671 -0.015972 -0.308563
v -0.112747 -0.070869 -0.075371
v -0.112930 -0.054253 -0.081726
v -0.112968 -0.076248 -0.089951
v -0.113129 -0.004756 -0.303284
v -0.113266 -0.023108 -0.303131
v -0.113754 -0.063560 -0.074516
v -0.113777 -0.020376 -0.305237
v -0.113876 -0.012758 -0.308197
v -0.114288 -0.009355 -0.307037
v -0.114380 -0.004374 -0.296173
v -0.114929 -0.055393 -0.187943
v -0.115097 -0.051918 -0.087578
v -0.115112 -0.067413 -0.075645
v -0.115318 -0.075729 -0.083710
v -0.115494 -0.074020 -0.080269
v -0.115875 -0.055779 -0.079170
v -0.116249 -0.004864 -0.291595
v -0.116646 -0.015860 -0.239426
v -0.116692 -0.007653 -0.302185
v -0.117210 -0.032162 -0.282471
v -0.117737 -0.005828 -0.297699
v -0.118080 -0.027565 -0.295349
v -0.118164 -0.070358 -0.078392
v -0.118286 -0.075729 -0.086037
v -0.118355 -0.053921 -0.082001
v -0.118416 -0.017006 -0.303467
v -0.118568 -0.012259 -0.303162
v -0.118645 -0.058414 -0.077293
v -0.118698 -0.031080 -0.174896
v -0.118988 -0.021191 -0.301941
v -0.119110 -0.062988 -0.076622
v -0.119446 -0.008230 -0.273071
v -0.119514 -0.050137 -0.092934
v -0.119553 -0.005429 -0.293945
v -0.119682 -0.067497 -0.077690
v -0.120277 -0.011973 -0.256592
v -0.120422 -0.025896 -0.297668
v -0.121391 -0.052456 -0.085281
v -0.121414 -0.013716 -0.301483
v -0.121460 -0.074074 -0.082993
v -0.121483 -0.023630 -0.299622
v -0.121498 -0.006221 -0.295837
v -0.121758 -0.023386 -0.207886
v -0.121986 -0.047260 -0.104019
v -0.122147 -0.028845 -0.292358
v -0.122375 -0.010693 -0.299805
v -0.122391 -0.075592 -0.093361
v -0.122955 -0.008293 -0.297913
v -0.122963 -0.017174 -0.301056
v -0.122963 -0.075722 -0.089600
v -0.123085 -0.071396 -0.080452
v -0.123108 -0.062691 -0.155045
v -0.123146 -0.005299 -0.290009
v -0.123260 -0.060520 -0.164871
v -0.123306 -0.021227 -0.300385
v -0.123695 -0.065895 -0.077980
v -0.123962 -0.057964 -0.175690
v -0.123985 -0.005835 -0.285187
v -0.124214 -0.045067 -0.230652
v -0.124268 -0.058613 -0.077705
v -0.124413 -0.075508 -0.087173
v -0.124458 -0.033463 -0.164688
v -0.125107 -0.047020 -0.222198
v -0.125381 -0.074677 -0.084541
v -0.125732 -0.061184 -0.077400
v -0.126129 -0.056625 -0.078529
v -0.126358 -0.005671 -0.293060
v -0.127106 -0.013593 -0.299652
v -0.127350 -0.006510 -0.295013
v -0.127502 -0.071869 -0.081116
v -0.127716 -0.068817 -0.079277
v -0.127731 -0.025797 -0.296997
v -0.128098 -0.016407 -0.238159
v -0.128250 -0.064842 -0.077805
v -0.128418 -0.019989 -0.299957
v -0.128616 -0.044880 -0.114105
v -0.128952 -0.010519 -0.298401
v -0.129105 -0.023111 -0.299011
v -0.129120 -0.015568 -0.299927
v -0.129242 -0.008541 -0.297180
v -0.130493 -0.011735 -0.257935
v -0.132019 -0.042007 -0.242432
v -0.132202 -0.034771 -0.272217
v -0.132767 -0.054585 -0.080193
v -0.133377 -0.039299 -0.253693
v -0.133682 -0.009111 -0.269012
v -0.133804 -0.020432 -0.221100
v -0.133865 -0.006718 -0.279938
v -0.134857 -0.072968 -0.082024
v -0.135864 -0.074310 -0.083786
v -0.136276 -0.073868 -0.103203
v -0.137344 -0.075150 -0.085625
v -0.138031 -0.057636 -0.077469
v -0.138046 -0.025276 -0.199631
v -0.138077 -0.015636 -0.241348
v -0.138321 -0.027937 -0.293365
v -0.139069 -0.070946 -0.079880
v -0.141098 -0.053539 -0.081604
v -0.141281 -0.007154 -0.295166
v -0.141632 -0.012542 -0.298492
v -0.142593 -0.068497 -0.127182
v -0.142929 -0.038620 -0.141693
v -0.143143 -0.026268 -0.295563
v -0.143890 -0.070953 -0.116585
v -0.144043 -0.036953 -0.262268
v -0.145020 -0.024227 -0.297394
v -0.145294 -0.005406 -0.290863
v -0.145538 -0.064735 -0.076782
v -0.146133 -0.012977 -0.251831
v -0.146454 -0.055847 -0.078148
v -0.146530 -0.005720 -0.284393
v -0.146805 -0.011560 -0.257538
v -0.147095 -0.010781 -0.251190
v -0.147476 -0.018793 -0.298920
v -0.147644 -0.066406 -0.136444
v -0.148209 -0.008668 -0.257446
v -0.148270 -0.007265 -0.254303
v -0.148346 -0.019459 -0.224777
v -0.148621 -0.031712 -0.282379
v -0.148651 -0.013925 -0.247879
v -0.148697 -0.010883 -0.260345
v -0.149002 -0.041763 -0.127228
v -0.149124 -0.055950 -0.182358
v -0.149292 -0.051834 -0.085709
v -0.149399 -0.075455 -0.088043
v -0.149551 -0.009957 -0.247253
v -0.149582 -0.068420 -0.077835
v -0.149704 -0.008566 -0.296082
v -0.150116 -0.074905 -0.095314
v -0.150253 -0.061249 -0.159286
v -0.150269 -0.007450 -0.259430
v -0.150269 -0.052689 -0.196030
v -0.150589 -0.029850 -0.288177
v -0.150848 -0.012113 -0.245804
v -0.151123 -0.010390 -0.262177
v -0.151810 -0.054771 -0.078957
v -0.152191 -0.014403 -0.245407
v -0.152664 0.000796 -0.248489
v -0.152664 -0.044544 -0.114471
v -0.152710 -0.001239 -0.255615
v -0.152908 -0.007606 -0.261475
v -0.153366 0.000085 -0.245193
v -0.153412 -0.021101 -0.298157
v -0.153519 -0.031891 -0.169785
v -0.153870 -0.014654 -0.244781
v -0.155609 -0.015494 -0.298248
v -0.155838 -0.057766 -0.076347
v -0.156189 -0.005670 -0.241562
v -0.156296 -0.009919 -0.263336
v -0.156418 -0.060925 -0.075607
v -0.156586 -0.006406 -0.292969
v -0.156616 -0.010133 -0.296600
v -0.156754 -0.047451 -0.101830
v -0.157440 -0.028063 -0.291840
v -0.157608 -0.006482 -0.278961
v -0.157654 -0.025076 -0.198990
v -0.157700 -0.015434 -0.240265
v -0.157761 -0.071953 -0.079536
v -0.157944 0.003465 -0.256073
v -0.158524 -0.010226 -0.242050
v -0.158630 -0.049847 -0.207596
v -0.158661 -0.050282 -0.090637
v -0.158737 -0.005029 -0.261414
v -0.159149 0.008786 -0.239487
v -0.159195 0.004610 -0.238693
v -0.159225 -0.004632 -0.239975
v -0.159561 -0.044876 -0.228439
v -0.160141 -0.005359 -0.286041
v -0.160187 -0.074867 -0.083839
v -0.160233 -0.014515 -0.244522
v -0.161224 -0.073608 -0.081215
v -0.161392 0.004650 -0.256653
v -0.161911 -0.012024 -0.296997
v -0.162109 -0.007068 -0.261475
v -0.162170 -0.009089 -0.241470
v -0.162994 -0.014014 -0.245377
v -0.163452 -0.010196 -0.261230
v -0.163956 -0.017857 -0.229828
v -0.163956 -0.023966 -0.295898
v -0.164780 -0.054333 -0.078850
v -0.165649 -0.037712 -0.143814
v -0.165955 -0.005825 -0.291138
v -0.166321 -0.011039 -0.257751
v -0.166382 0.001398 -0.236465
v -0.166901 -0.005318 -0.288483
v -0.166992 0.000600 -0.257446
v -0.167114 -0.007051 -0.242065
v -0.167755 -0.012127 -0.252930
v -0.167923 -0.007935 -0.270874
v -0.168015 -0.003117 -0.257233
v -0.168381 -0.013197 -0.248108
v -0.169281 -0.039669 -0.249329
v -0.169556 -0.007761 -0.293854
v -0.170654 -0.075157 -0.084869
v -0.170990 -0.075142 -0.090179
v -0.171234 -0.005713 -0.282104
v -0.171356 -0.001753 -0.253845
v -0.171432 -0.073624 -0.099312
v -0.172394 -0.015386 -0.296967
v -0.172882 -0.062805 -0.074684
v -0.173370 -0.010578 -0.258728
v -0.173370 -0.066864 -0.075729
v -0.173935 -0.071152 -0.111420
v -0.174042 -0.059105 -0.074776
v -0.174179 -0.052547 -0.082001
v -0.174332 -0.055588 -0.076675
v -0.175278 -0.075241 -0.086571
v -0.175354 -0.006462 -0.277618
v -0.175613 -0.056831 -0.075577
v -0.176666 -0.074081 -0.081238
v -0.177139 -0.019123 -0.296692
v -0.177338 -0.065620 -0.136261
v -0.178375 -0.034519 -0.269287
v -0.178802 -0.018461 -0.225845
v -0.178940 -0.010270 -0.294983
v -0.179840 -0.032597 -0.276459
v -0.181259 -0.068214 -0.123695
v -0.181503 -0.047287 -0.216110
v -0.181808 -0.028036 -0.289886
v -0.181885 -0.069710 -0.076591
v -0.181915 -0.027384 -0.186646
v -0.182800 -0.037346 -0.257568
v -0.183472 -0.005303 -0.285797
v -0.183823 -0.030706 -0.282806
v -0.183945 -0.005747 -0.289459
v -0.184372 -0.071854 -0.078056
v -0.186295 -0.021297 -0.295624
v -0.187881 -0.006465 -0.290771
v -0.187881 -0.055641 -0.179596
v -0.188461 -0.057487 -0.170959
v -0.188919 -0.054264 -0.077492
v -0.189682 -0.012365 -0.295074
v -0.189941 -0.049610 -0.090553
v -0.190872 -0.074417 -0.081589
v -0.191193 -0.029507 -0.285858
v -0.191513 -0.044659 -0.110298
v -0.195236 -0.027105 -0.290436
v -0.195786 -0.007617 -0.291748
v -0.196823 -0.055950 -0.074875
v -0.197449 -0.022816 -0.147934
v -0.197693 -0.005429 -0.286499
v -0.198792 -0.050999 -0.084808
v -0.199219 -0.025116 -0.146637
v -0.199234 -0.073616 -0.079445
v -0.199310 -0.042137 -0.236481
v -0.199585 -0.024656 -0.152863
v -0.200241 -0.026602 -0.151291
v -0.200363 -0.059978 -0.073204
v -0.200684 -0.025042 -0.292358
v -0.200851 -0.016964 -0.230743
v -0.201004 -0.005550 -0.281769
v -0.201599 -0.009574 -0.292908
v -0.201859 -0.012817 -0.247879
v -0.201996 -0.036201 -0.146713
v -0.202469 -0.037586 -0.140930
v -0.202682 -0.016453 -0.294800
v -0.202927 -0.020134 -0.216858
v -0.203278 -0.064438 -0.073311
v -0.203384 -0.074806 -0.083862
v -0.203506 -0.032284 -0.163223
v -0.203918 -0.009974 -0.259827
v -0.203995 -0.026918 -0.141876
v -0.204102 -0.052376 -0.080132
v -0.204742 -0.025995 -0.157776
v -0.205017 -0.028261 -0.287750
v -0.205551 -0.033958 -0.147522
v -0.205612 -0.028711 -0.178986
v -0.205780 -0.035053 -0.151306
v -0.205811 -0.054661 -0.075684
v -0.205963 -0.034405 -0.153915
v -0.206009 -0.032932 -0.145157
v -0.206436 -0.005777 -0.279785
v -0.206543 -0.057415 -0.073418
v -0.207062 -0.050419 -0.200623
v -0.207245 -0.035763 -0.147736
v -0.207489 -0.033669 -0.156967
v -0.207565 -0.019180 -0.294434
v -0.207642 -0.060566 -0.155548
v -0.208282 -0.030922 -0.141830
v -0.208450 -0.067963 -0.074249
v -0.209549 -0.036373 -0.144592
v -0.210068 -0.072311 -0.077133
v -0.210342 -0.030197 -0.140884
v -0.211060 -0.032978 -0.159805
v -0.211349 -0.022053 -0.293518
v -0.211746 -0.036751 -0.143250
v -0.211945 -0.006822 -0.289520
v -0.212158 -0.071495 -0.105659
v -0.212479 -0.037971 -0.138184
v -0.212509 -0.074593 -0.088066
v -0.212708 -0.024544 -0.140030
v -0.212784 -0.005403 -0.283295
v -0.213409 -0.073982 -0.092293
v -0.213562 -0.047318 -0.097389
v -0.214035 -0.074783 -0.084076
v -0.214096 -0.036789 -0.142349
v -0.214615 -0.033497 -0.141312
v -0.214844 -0.030247 -0.160706
v -0.215424 -0.070290 -0.075142
v -0.216232 -0.068550 -0.118607
v -0.217438 -0.036808 -0.142044
v -0.218079 -0.032654 -0.160873
v -0.218689 -0.031178 -0.141815
v -0.219910 -0.013248 -0.293030
v -0.220062 -0.016748 -0.229568
v -0.220108 -0.042488 -0.117371
v -0.220139 -0.045078 -0.106094
v -0.220444 -0.036777 -0.142502
v -0.220642 -0.040688 -0.125549
v -0.221756 -0.074387 -0.080872
v -0.221970 -0.032829 -0.143326
v -0.222031 -0.005556 -0.284882
v -0.222061 -0.032837 -0.159805
v -0.222153 -0.055569 -0.073746
v -0.222458 -0.029863 -0.144592
v -0.222519 -0.036503 -0.143311
v -0.222656 -0.009634 -0.259521
v -0.222900 -0.025808 -0.149506
v -0.223007 -0.007402 -0.269897
v -0.225006 -0.035969 -0.145142
v -0.225067 -0.033138 -0.157593
v -0.225235 -0.006432 -0.274902
v -0.225830 -0.033100 -0.147308
v -0.226379 -0.008300 -0.290161
v -0.226639 -0.019918 -0.293030
v -0.226822 -0.035263 -0.147690
v -0.226898 -0.033749 -0.154602
v -0.227829 -0.034512 -0.151276
v -0.227982 -0.059513 -0.071648
v -0.228012 -0.010183 -0.291443
v -0.229416 -0.037514 -0.138840
v -0.229813 -0.066116 -0.128342
v -0.229889 -0.063324 -0.071617
v -0.230209 -0.032684 -0.272888
v -0.230347 -0.023375 -0.291565
v -0.230377 -0.044991 -0.221848
v -0.231476 -0.006511 -0.287476
v -0.231628 -0.031330 -0.165298
v -0.232849 -0.026331 -0.288757
v -0.232910 -0.005632 -0.279633
v -0.232910 -0.066307 -0.072250
v -0.233047 -0.053398 -0.075729
v -0.233078 -0.030005 -0.281677
v -0.233093 -0.033318 -0.156387
v -0.233109 -0.034538 -0.265656
v -0.233292 -0.039360 -0.246002
v -0.233414 -0.058018 -0.164246
v -0.233902 -0.047100 -0.212250
v -0.234238 -0.018055 -0.222885
v -0.234375 -0.036633 -0.256989
v -0.234680 -0.073502 -0.078064
v -0.235809 -0.068527 -0.073051
v -0.236694 -0.072273 -0.075966
v -0.236908 -0.063278 -0.140015
v -0.236923 -0.050446 -0.197952
v -0.238174 -0.013707 -0.240875
v -0.238434 -0.017632 -0.292389
v -0.238846 -0.024303 -0.290405
v -0.238907 -0.005884 -0.285126
v -0.239334 -0.052204 -0.077896
v -0.239716 -0.074242 -0.080353
v -0.239899 -0.071198 -0.074661
v -0.240097 -0.050537 -0.082993
v -0.240662 -0.021460 -0.207626
v -0.241837 -0.029451 -0.172958
v -0.242386 -0.056446 -0.071861
v -0.242783 -0.067757 -0.118996
v -0.242844 -0.043770 -0.109901
v -0.243088 -0.047443 -0.094574
v -0.243271 -0.024904 -0.192673
v -0.243393 -0.038731 -0.132828
v -0.243500 -0.072144 -0.098427
v -0.245529 -0.009824 -0.289917
v -0.246384 -0.010184 -0.255646
v -0.246521 -0.058777 -0.070625
v -0.247986 -0.028299 -0.284821
v -0.248886 -0.074318 -0.083504
v -0.251129 -0.021549 -0.290985
v -0.251801 -0.067047 -0.071526
v -0.253235 -0.070305 -0.106255
v -0.253754 -0.017513 -0.291382
v -0.253845 -0.042358 -0.231613
v -0.254944 -0.013060 -0.290649
v -0.255402 -0.059742 -0.069923
v -0.255890 -0.054478 -0.072731
v -0.256042 -0.055210 -0.175308
v -0.257050 -0.038410 -0.132843
v -0.257935 -0.021029 -0.208099
v -0.258240 -0.053822 -0.073456
v -0.258423 -0.074013 -0.085648
v -0.258667 -0.025881 -0.187195
v -0.259155 -0.056145 -0.070953
v -0.259186 -0.060623 -0.150070
v -0.259308 -0.052357 -0.076256
v -0.259583 -0.005625 -0.280579
v -0.259918 -0.032402 -0.158386
v -0.260284 -0.039448 -0.244186
v -0.260376 -0.049881 -0.084076
v -0.260468 -0.047070 -0.095032
v -0.260498 -0.007398 -0.286530
v -0.261322 -0.062843 -0.139496
v -0.261627 -0.057796 -0.162567
v -0.261719 -0.074181 -0.081360
v -0.261871 -0.030571 -0.278381
v -0.262177 -0.067574 -0.117767
v -0.262329 -0.073280 -0.076714
v -0.262421 -0.032497 -0.271881
v -0.262451 -0.044220 -0.106552
v -0.263000 -0.016336 -0.228271
v -0.263855 -0.008119 -0.264374
v -0.264008 -0.047390 -0.208847
v -0.265106 -0.006006 -0.275482
v -0.265442 -0.061649 -0.069351
v -0.265472 -0.006785 -0.270905
v -0.265717 -0.070587 -0.072906
v -0.265839 -0.073158 -0.090340
v -0.266174 -0.063789 -0.069633
v -0.266541 -0.036438 -0.256073
v -0.267303 -0.044945 -0.219543
v -0.267700 -0.057808 -0.069580
v -0.267975 -0.029354 -0.281433
v -0.268066 -0.025028 -0.287903
v -0.268860 -0.051044 -0.079430
v -0.269928 -0.006140 -0.283508
v -0.270020 -0.035282 -0.260834
v -0.270325 -0.065636 -0.126129
v -0.270935 -0.027018 -0.285461
v -0.273041 -0.050171 -0.196060
v -0.273254 -0.056221 -0.069923
v -0.274567 -0.010336 -0.288269
v -0.275116 -0.073959 -0.079063
v -0.276031 -0.028175 -0.283325
v -0.279053 -0.048656 -0.087013
v -0.279633 -0.021389 -0.289124
v -0.280029 -0.018995 -0.289520
v -0.280548 -0.054405 -0.071022
v -0.280731 -0.066116 -0.069534
v -0.281494 -0.042107 -0.230591
v -0.281921 -0.068268 -0.070465
v -0.282043 -0.023039 -0.288269
v -0.282074 -0.059307 -0.068451
v -0.283722 -0.016253 -0.289276
v -0.284912 -0.053112 -0.072731
v -0.286438 -0.031250 -0.160660
v -0.286713 -0.052116 -0.074768
v -0.287201 -0.009781 -0.287079
v -0.287323 -0.039753 -0.240723
v -0.287842 -0.010735 -0.250977
v -0.287994 -0.037457 -0.133698
v -0.288452 -0.060844 -0.145523
v -0.288879 -0.057407 -0.068459
v -0.289307 -0.014887 -0.232452
v -0.289459 -0.063385 -0.133804
v -0.289673 -0.034142 -0.263855
v -0.289917 -0.021261 -0.204269
v -0.290161 -0.032097 -0.271545
v -0.290558 -0.057564 -0.160080
v -0.290802 -0.030485 -0.276855
v -0.291016 -0.040947 -0.118286
v -0.291199 -0.055187 -0.171570
v -0.291473 -0.028330 -0.173340
v -0.291504 -0.060833 -0.067848
v -0.291534 -0.009320 -0.257294
v -0.292084 -0.005743 -0.279358
v -0.292572 -0.013002 -0.288086
v -0.293152 -0.073822 -0.080338
v -0.293213 -0.026018 -0.285156
v -0.293854 -0.055855 -0.068916
v -0.294800 -0.029364 -0.279602
v -0.295013 -0.007506 -0.284271
v -0.297607 -0.063972 -0.067970
v -0.297607 -0.071838 -0.072609
v -0.298035 -0.025282 -0.186142
v -0.299133 -0.054649 -0.069519
v -0.302032 -0.051804 -0.185989
v -0.302460 -0.071487 -0.094673
v -0.302795 -0.053150 -0.071167
v -0.303375 -0.027937 -0.281799
v -0.304352 -0.058720 -0.067268
v -0.304474 -0.021927 -0.287140
v -0.304749 -0.068474 -0.108437
v -0.305756 -0.006051 -0.273285
v -0.306305 -0.006662 -0.269348
v -0.306305 -0.024815 -0.285370
v -0.306488 -0.010223 -0.286133
v -0.306824 -0.039467 -0.240524
v -0.309143 -0.056492 -0.067642
v -0.309204 -0.060417 -0.145584
v -0.309692 -0.008048 -0.262054
v -0.310638 -0.073204 -0.075485
v -0.310699 -0.035210 -0.257965
v -0.311096 -0.019274 -0.287292
v -0.312225 -0.060631 -0.066719
v -0.312439 -0.010895 -0.248459
v -0.312805 -0.046410 -0.092735
v -0.312866 -0.044174 -0.102051
v -0.312988 -0.047436 -0.204285
v -0.313080 -0.016468 -0.223999
v -0.314514 -0.020979 -0.203873
v -0.314545 -0.073151 -0.083252
v -0.316254 -0.049454 -0.080376
v -0.316345 -0.053745 -0.069374
v -0.316895 -0.062828 -0.066719
v -0.318359 -0.051296 -0.074165
v -0.318420 -0.005812 -0.275787
v -0.318420 -0.032459 -0.268036
v -0.319672 -0.069893 -0.069794
v -0.319855 -0.027096 -0.176926
v -0.320282 -0.073433 -0.078934
v -0.320496 -0.016096 -0.286713
v -0.320587 -0.030397 -0.274902
v -0.320587 -0.065964 -0.067444
v -0.320862 -0.013260 -0.286285
v -0.321014 -0.055080 -0.067795
v -0.321564 -0.027761 -0.280823
v -0.321838 -0.066498 -0.116226
v -0.322754 -0.072350 -0.087463
v -0.323090 -0.008066 -0.283142
v -0.323792 -0.045212 -0.213577
v -0.323822 -0.041809 -0.228653
v -0.324310 -0.047901 -0.085648
v -0.324646 -0.056545 -0.066704
v -0.324951 -0.058109 -0.154648
v -0.325409 -0.058601 -0.066032
v -0.325714 -0.010282 -0.284790
v -0.327179 -0.006463 -0.279968
v -0.327209 -0.026104 -0.282684
v -0.327850 -0.063843 -0.127960
v -0.328094 -0.009026 -0.256470
v -0.328094 -0.023369 -0.284912
v -0.328308 -0.037262 -0.131317
v -0.329285 -0.029108 -0.277618
v -0.330292 -0.067947 -0.108055
v -0.330597 -0.020849 -0.285736
v -0.331024 -0.069115 -0.068535
v -0.331055 -0.050179 -0.191055
v -0.331665 -0.052753 -0.069832
v -0.332001 -0.033520 -0.147385
v -0.332428 -0.067123 -0.067299
v -0.333221 -0.070854 -0.094116
v -0.333344 -0.021221 -0.201889
v -0.333832 -0.032021 -0.268494
v -0.335602 -0.018574 -0.285736
v -0.335632 -0.028408 -0.169861
v -0.336151 -0.055683 -0.165161
v -0.336639 -0.051922 -0.071198
v -0.337006 -0.028315 -0.159164
v -0.337006 -0.030657 -0.159790
v -0.337280 -0.020796 -0.160294
v -0.337433 -0.029903 -0.155594
v -0.337433 -0.030598 -0.159836
v -0.337738 -0.031460 -0.156189
v -0.337860 -0.030039 -0.162170
v -0.338104 -0.060604 -0.065208
v -0.338165 -0.021397 -0.152084
v -0.338654 -0.019312 -0.162918
v -0.338776 -0.053867 -0.067863
v -0.339020 -0.032120 -0.152786
v -0.339081 -0.011378 -0.284393
v -0.339111 -0.035042 -0.256683
v -0.339355 -0.029394 -0.164734
v -0.341217 -0.029005 -0.166382
v -0.341278 -0.032558 -0.150711
v -0.342072 -0.021864 -0.166290
v -0.342957 -0.033928 -0.260956
v -0.344055 -0.032822 -0.149353
v -0.344299 -0.006076 -0.272400
v -0.344543 -0.063515 -0.065384
v -0.344727 -0.028681 -0.167923
v -0.345276 -0.008970 -0.282501
v -0.345337 -0.073097 -0.078293
v -0.345520 -0.055695 -0.065903
v -0.346008 -0.039341 -0.238449
v -0.346100 -0.033356 -0.146698
v -0.346191 -0.057735 -0.065002
v -0.346436 -0.030375 -0.272919
v -0.347168 -0.027687 -0.279022
v -0.348114 -0.060738 -0.140686
v -0.348236 -0.028496 -0.168228
v -0.348328 -0.032757 -0.149078
v -0.348602 -0.072464 -0.072456
v -0.349091 -0.007471 -0.280701
v -0.349274 -0.027924 -0.171219
v -0.349609 -0.039921 -0.118019
v -0.349762 -0.016697 -0.221359
v -0.350433 -0.012631 -0.239105
v -0.350616 -0.006555 -0.268707
v -0.350739 -0.032490 -0.149765
v -0.352051 -0.014691 -0.284363
v -0.352112 -0.007663 -0.262268
v -0.352234 -0.026554 -0.176682
v -0.352600 -0.032307 -0.150742
v -0.352936 -0.070396 -0.068710
v -0.352997 -0.028742 -0.166412
v -0.353210 -0.024292 -0.282471
v -0.353485 -0.006168 -0.276611
v -0.354340 -0.031929 -0.152206
v -0.355133 -0.072701 -0.081108
v -0.355225 -0.010350 -0.249146
v -0.355255 -0.029158 -0.163849
v -0.355560 -0.042416 -0.223953
v -0.356293 -0.031176 -0.155167
v -0.356689 -0.029865 -0.160568
v -0.356812 -0.030560 -0.157318
v -0.356812 -0.062614 -0.130951
v -0.357666 -0.049156 -0.078651
v -0.357727 -0.046936 -0.203476
v -0.358429 -0.047798 -0.083900
v -0.358826 -0.065887 -0.115715
v -0.359009 -0.028816 -0.165756
v -0.359070 -0.023790 -0.188599
v -0.359833 -0.052189 -0.068977
v -0.359985 -0.049644 -0.191299
v -0.360382 -0.039719 -0.235825
v -0.360718 -0.010350 -0.282440
v -0.360840 -0.053627 -0.066750
v -0.361115 -0.008224 -0.280792
v -0.361511 -0.030863 -0.156448
v -0.362091 -0.029293 -0.274567
v -0.362122 -0.025530 -0.280731
v -0.362183 -0.035885 -0.134293
v -0.362671 -0.061314 -0.064049
v -0.364227 -0.068329 -0.103012
v -0.364410 -0.052929 -0.175140
v -0.365265 -0.019888 -0.283478
v -0.365509 -0.065720 -0.065117
v -0.365692 -0.070427 -0.092972
v -0.365875 -0.057487 -0.153534
v -0.367004 -0.006910 -0.278259
v -0.367981 -0.035679 -0.251770
v -0.368286 -0.056633 -0.064056
v -0.369049 -0.068367 -0.066437
v -0.370117 -0.058678 -0.063560
v -0.370575 -0.071877 -0.084396
v -0.370880 -0.023718 -0.281616
v -0.372162 -0.026348 -0.175919
v -0.373016 -0.055149 -0.064514
v -0.374573 -0.072647 -0.075348
v -0.375305 -0.008887 -0.280487
v -0.375641 -0.041237 -0.110130
v -0.376678 -0.008565 -0.256775
v -0.377106 -0.006235 -0.275024
v -0.377777 -0.012449 -0.282166
v -0.378662 -0.071587 -0.070007
v -0.379608 -0.030365 -0.270264
v -0.379974 -0.034054 -0.257172
v -0.380035 -0.026918 -0.277588
v -0.380127 -0.006160 -0.271057
v -0.380402 -0.007750 -0.278748
v -0.380432 -0.032196 -0.264008
v -0.380920 -0.029560 -0.160736
v -0.380981 -0.050819 -0.070984
v -0.381104 -0.014978 -0.227173
v -0.382965 -0.060520 -0.063004
v -0.383057 -0.027924 -0.275726
v -0.383820 -0.021084 -0.199554
v -0.385437 -0.060608 -0.137146
v -0.385590 -0.007299 -0.262970
v -0.385986 -0.006638 -0.275970
v -0.386230 -0.021761 -0.281525
v -0.386444 -0.010674 -0.280914
v -0.386963 -0.057594 -0.062813
v -0.387573 -0.016136 -0.282166
v -0.389343 -0.066399 -0.064461
v -0.391205 -0.055397 -0.063385
v -0.391602 -0.019321 -0.281799
v -0.392120 -0.072121 -0.079163
v -0.393951 -0.041927 -0.222336
v -0.395142 -0.036808 -0.244629
v -0.395264 -0.039631 -0.232788
v -0.395325 -0.053345 -0.064941
v -0.395691 -0.055515 -0.159943
v -0.395844 -0.013484 -0.281250
v -0.396271 -0.065331 -0.113686
v -0.396454 -0.007549 -0.277191
v -0.396606 -0.008836 -0.278809
v -0.396759 -0.023338 -0.279999
v -0.397369 -0.063019 -0.062744
v -0.398102 -0.047279 -0.082397
v -0.399841 -0.025970 -0.277527
v -0.400574 -0.028915 -0.272522
v -0.401581 -0.031023 -0.266449
v -0.402069 -0.050014 -0.185120
v -0.402344 -0.057407 -0.062180
v -0.403778 -0.044079 -0.095360
v -0.403900 -0.069046 -0.065796
v -0.404175 -0.060219 -0.061924
v -0.404388 -0.006982 -0.275543
v -0.405334 -0.047401 -0.196304
v -0.407074 -0.048855 -0.075493
v -0.407074 -0.068054 -0.098785
v -0.407715 -0.006286 -0.269623
v -0.407867 -0.009645 -0.278717
v -0.408173 -0.029707 -0.270050
v -0.408600 -0.060688 -0.134415
v -0.409241 -0.026022 -0.174545
v -0.409363 -0.057846 -0.147308
v -0.409790 -0.040558 -0.110023
v -0.410126 -0.006512 -0.273315
v -0.410522 -0.018484 -0.209610
v -0.411682 -0.033924 -0.138031
v -0.411682 -0.067116 -0.064011
v -0.411957 -0.010592 -0.245392
v -0.412109 -0.064804 -0.062775
v -0.412140 -0.035049 -0.250824
v -0.412170 -0.032818 -0.259399
v -0.412537 -0.046745 -0.083557
v -0.414246 -0.064781 -0.114151
v -0.414795 -0.055885 -0.062012
v -0.415253 -0.029833 -0.156372
v -0.417511 -0.011861 -0.279297
v -0.418304 -0.036118 -0.128159
v -0.418365 -0.021486 -0.195190
v -0.418549 -0.044388 -0.208847
v -0.418732 -0.069740 -0.089317
v -0.418945 -0.071091 -0.082306
v -0.419495 -0.033691 -0.255646
v -0.419586 -0.070473 -0.067528
v -0.419708 -0.006616 -0.265564
v -0.419861 -0.007532 -0.259827
v -0.420349 -0.062782 -0.061829
v -0.421021 -0.052505 -0.064323
v -0.421539 -0.058132 -0.061245
v -0.421814 -0.036514 -0.243622
v -0.423553 -0.027121 -0.274323
v -0.424103 -0.007672 -0.275299
v -0.424652 -0.030743 -0.265900
v -0.425446 -0.018818 -0.279602
v -0.428711 -0.024658 -0.276886
v -0.429871 -0.039490 -0.230331
v -0.431244 -0.060413 -0.060978
v -0.431366 -0.054581 -0.062023
v -0.431702 -0.029497 -0.269104
v -0.432037 -0.066315 -0.104301
v -0.432159 -0.068359 -0.064529
v -0.432312 -0.010163 -0.277435
v -0.433563 -0.021509 -0.278412
v -0.433777 -0.015558 -0.279053
v -0.434082 -0.065598 -0.062561
v -0.434265 -0.071602 -0.072960
v -0.434601 -0.006384 -0.269501
v -0.435638 -0.019226 -0.205017
v -0.438263 -0.055996 -0.061134
v -0.440643 -0.006925 -0.272308
v -0.442780 -0.010735 -0.244232
v -0.443237 -0.024275 -0.181458
v -0.443909 -0.060440 -0.131516
v -0.443909 -0.070305 -0.067421
v -0.444061 -0.052402 -0.169464
v -0.444275 -0.034714 -0.250275
v -0.444641 -0.050358 -0.067802
v -0.444824 -0.069061 -0.065353
v -0.444824 -0.071060 -0.069572
v -0.445007 -0.063019 -0.118599
v -0.445190 -0.028385 -0.270813
v -0.445312 -0.040245 -0.109329
v -0.445374 -0.057987 -0.142822
v -0.445435 -0.055077 -0.156998
v -0.445709 -0.052464 -0.063377
v -0.446320 -0.008211 -0.274628
v -0.446320 -0.057491 -0.060619
v -0.446930 -0.032543 -0.258392
v -0.446960 -0.033157 -0.139771
v -0.447021 -0.036461 -0.125397
v -0.447083 -0.047722 -0.076508
v -0.447723 -0.067734 -0.095421
v -0.447754 -0.071175 -0.076996
v -0.447815 -0.062515 -0.061222
v -0.448059 -0.066208 -0.062813
v -0.448059 -0.070374 -0.082619
v -0.448120 -0.059692 -0.060627
v -0.449036 -0.013556 -0.277679
v -0.450012 -0.054317 -0.061653
v -0.452087 -0.029991 -0.266602
v -0.452942 -0.018625 -0.277649
v -0.453644 -0.049786 -0.181000
v -0.453888 -0.042477 -0.214386
v -0.454865 -0.047256 -0.192245
v -0.455048 -0.007635 -0.259369
v -0.455353 -0.007764 -0.273102
v -0.455902 -0.060501 -0.129486
v -0.455933 -0.020788 -0.277008
v -0.456116 -0.039627 -0.227692
v -0.456329 -0.016510 -0.217194
v -0.456421 -0.021704 -0.193344
v -0.456451 -0.062775 -0.117996
v -0.456635 -0.026617 -0.272766
v -0.456879 -0.035252 -0.130753
v -0.457001 -0.034576 -0.249924
v -0.457092 -0.027674 -0.165375
v -0.457153 -0.068359 -0.090752
v -0.457184 -0.052063 -0.063660
v -0.457214 -0.055679 -0.152328
v -0.457336 -0.007010 -0.271088
v -0.457397 -0.032383 -0.258179
v -0.457428 -0.009797 -0.275391
v -0.457550 -0.023586 -0.275665
v -0.457947 -0.069801 -0.067062
v -0.457977 -0.071045 -0.072166
v -0.458221 -0.006699 -0.269073
v -0.458252 -0.067848 -0.064369
v -0.458435 -0.055721 -0.061043
v -0.458710 -0.043716 -0.093391
v -0.459564 -0.006815 -0.265167
v -0.459808 -0.062462 -0.061531
v -0.460358 -0.047993 -0.075272
v -0.460724 -0.065224 -0.062653
v -0.461121 -0.058357 -0.060925
v -0.461243 -0.012293 -0.276154
v -0.461365 -0.029190 -0.267700
v -0.461823 -0.058044 -0.139618
v -0.462830 -0.017797 -0.276489
v -0.463074 -0.049675 -0.069351
v -0.463226 -0.070076 -0.080940
v -0.463440 -0.032085 -0.258484
v -0.464569 -0.038837 -0.229874
v -0.464813 -0.011032 -0.242462
v -0.465271 -0.022081 -0.275330
v -0.465393 -0.031681 -0.147644
v -0.465454 -0.020634 -0.198761
v -0.465454 -0.070053 -0.068840
v -0.465668 -0.063194 -0.113617
v -0.465759 -0.052616 -0.164780
v -0.465851 -0.008137 -0.257019
v -0.465881 -0.027241 -0.270691
v -0.466064 -0.042336 -0.213058
v -0.466278 -0.046379 -0.194214
v -0.466309 -0.025389 -0.177002
v -0.466614 -0.008114 -0.272003
v -0.466675 -0.007027 -0.264771
v -0.466675 -0.051521 -0.065025
v -0.467896 -0.054161 -0.062458
v -0.468170 -0.067604 -0.065132
v -0.468872 -0.024719 -0.273041
v -0.468933 -0.063095 -0.062744
v -0.468964 -0.037258 -0.123337
v -0.469513 -0.057861 -0.062042
v -0.469635 -0.014877 -0.274902
v -0.469727 -0.011366 -0.273987
v -0.470001 -0.070160 -0.076736
v -0.470093 -0.007402 -0.269165
v -0.470123 -0.029896 -0.263916
v -0.470490 -0.019062 -0.274719
v -0.470917 -0.064072 -0.107552
v -0.471039 -0.055141 -0.151047
v -0.471130 -0.034687 -0.246887
v -0.471161 -0.047718 -0.077438
v -0.471375 -0.060780 -0.123772
v -0.471466 -0.045330 -0.197769
v -0.471497 -0.041885 -0.103111
v -0.471619 -0.039436 -0.225388
v -0.471680 -0.050838 -0.171463
v -0.471680 -0.057579 -0.138672
v -0.471832 -0.010675 -0.245056
v -0.471893 -0.019457 -0.205353
v -0.472443 -0.031296 -0.150620
v -0.472565 -0.008005 -0.259552
v -0.472931 -0.050209 -0.068932
v -0.473480 -0.069923 -0.073326
v -0.473694 -0.052643 -0.064659
v -0.473907 -0.025286 -0.270782
v -0.473938 -0.060047 -0.063217
v -0.473969 -0.055641 -0.063232
v -0.474182 -0.031982 -0.256012
v -0.474518 -0.027817 -0.266815
v -0.475006 -0.066765 -0.066124
v -0.475159 -0.007828 -0.264893
v -0.475189 -0.009676 -0.271027
v -0.475830 -0.068764 -0.082542
v -0.475830 -0.068939 -0.070068
v -0.476074 -0.039375 -0.223602
v -0.476440 -0.014199 -0.272247
v -0.476532 -0.021963 -0.271759
v -0.476532 -0.047958 -0.077873
v -0.476593 -0.033905 -0.247925
v -0.476837 -0.064125 -0.104286
v -0.476929 -0.018068 -0.213333
v -0.477020 -0.025043 -0.181366
v -0.477051 -0.040051 -0.113319
v -0.477264 -0.010139 -0.249573
v -0.477448 -0.008920 -0.267944
v -0.477448 -0.031269 -0.152512
v -0.477509 -0.045147 -0.195511
v -0.477753 -0.030323 -0.259430
v -0.477875 -0.054565 -0.065178
v -0.477936 -0.064262 -0.065758
v -0.478149 -0.025654 -0.267609
v -0.478394 -0.018883 -0.271332
v -0.478638 -0.055607 -0.144592
v -0.478668 -0.052055 -0.067970
v -0.478729 -0.049671 -0.072998
v -0.478851 -0.009107 -0.257202
v -0.478943 -0.059822 -0.123787
v -0.478973 -0.051895 -0.161896
v -0.479004 -0.067154 -0.068626
v -0.479462 -0.032719 -0.250824
v -0.479584 -0.060078 -0.065407
v -0.479706 -0.040638 -0.215118
v -0.480164 -0.012975 -0.269623
v -0.480225 -0.046154 -0.188507
v -0.480377 -0.068237 -0.081100
v -0.480591 -0.066772 -0.089180
v -0.480621 -0.034954 -0.240631
v -0.480713 -0.022644 -0.267822
v -0.480835 -0.040257 -0.114594
v -0.481049 -0.031033 -0.155899
v -0.481232 -0.015291 -0.228348
v -0.481262 -0.045048 -0.093323
v -0.481293 -0.066856 -0.071327
v -0.481354 -0.020111 -0.268280
v -0.481354 -0.055027 -0.067657
v -0.481384 -0.057549 -0.066841
v -0.481476 -0.021624 -0.200134
v -0.481628 -0.009716 -0.258240
v -0.481781 -0.029905 -0.257324
v -0.481812 -0.010782 -0.249786
v -0.481903 -0.064529 -0.068954
v -0.482025 -0.011989 -0.266296
v -0.482025 -0.025200 -0.183929
v -0.482086 -0.048168 -0.080261
v -0.482178 -0.010556 -0.262482
v -0.482178 -0.035862 -0.134964
v -0.482239 -0.050251 -0.166214
v -0.482330 -0.061569 -0.111748
v -0.482483 -0.036919 -0.228989
v -0.482605 -0.061180 -0.068565
v -0.482635 -0.015593 -0.266846
v -0.482788 -0.049503 -0.076469
v -0.482910 -0.044918 -0.190826
v -0.483337 -0.041187 -0.207870
v -0.483521 -0.013352 -0.239822
v -0.483521 -0.031277 -0.251831
v -0.483582 -0.027836 -0.258789
v -0.483612 -0.051025 -0.074402
v -0.483643 -0.055305 -0.139664
v -0.483643 -0.066444 -0.086716
v -0.483704 -0.067101 -0.080513
v -0.483826 -0.019016 -0.214874
v -0.483856 -0.041122 -0.113808
v -0.483917 -0.029417 -0.166687
v -0.484161 -0.011275 -0.251221
v -0.484161 -0.032734 -0.151459
v -0.484528 -0.056324 -0.072136
v -0.484680 -0.035137 -0.232941
v -0.484772 -0.046062 -0.093163
v -0.484772 -0.050053 -0.162323
v -0.484863 -0.038513 -0.216599
v -0.484894 -0.024136 -0.193222
v -0.484985 -0.062321 -0.103294
v -0.485046 -0.046417 -0.179260
v -0.485352 -0.063164 -0.075531
v -0.485626 -0.060059 -0.074532
v -0.485687 -0.028873 -0.254486
v -0.485687 -0.041107 -0.117294
v -0.485687 -0.056229 -0.130325
v -0.485901 -0.036713 -0.137238
v -0.486145 -0.042290 -0.195129
v -0.486237 -0.013364 -0.257538
v -0.486359 -0.012345 -0.252228
v -0.486389 -0.064934 -0.080788
v -0.486420 -0.029453 -0.171844
v -0.486481 -0.015064 -0.238434
v -0.486511 -0.019852 -0.216827
v -0.486542 -0.065147 -0.085350
v -0.486603 -0.062065 -0.099777
v -0.486694 -0.030115 -0.248611
v -0.486694 -0.049221 -0.083504
v -0.486908 -0.034191 -0.229752
v -0.486938 -0.025492 -0.256348
v -0.486969 -0.050545 -0.080040
v -0.487000 -0.045547 -0.100998
v -0.487030 -0.052807 -0.077477
v -0.487183 -0.037876 -0.211533
v -0.487213 -0.024357 -0.198547
v -0.487396 -0.039455 -0.129242
v -0.487549 -0.026611 -0.254120
v -0.487579 -0.047146 -0.166702
v -0.487579 -0.052567 -0.140961
v -0.487671 -0.034027 -0.154770
v -0.487762 -0.016611 -0.255951
v -0.487823 -0.057056 -0.117996
v -0.487885 -0.051872 -0.079819
v -0.487915 -0.041550 -0.191040
v -0.488007 -0.014164 -0.251160
v -0.488068 -0.062222 -0.092438
v -0.488190 -0.042664 -0.119057
v -0.488220 -0.019640 -0.225250
v -0.488403 -0.029818 -0.178314
v -0.488403 -0.061806 -0.080635
v -0.488434 -0.030499 -0.236786
v -0.488434 -0.048248 -0.095856
v -0.488495 -0.020559 -0.255035
v -0.488495 -0.035492 -0.214233
v -0.488647 -0.026093 -0.251434
v -0.488739 -0.062645 -0.083862
v -0.488770 -0.025980 -0.199570
v -0.488770 -0.051048 -0.085136
v -0.488800 -0.059101 -0.101776
v -0.488861 -0.039158 -0.138260
v -0.488861 -0.045551 -0.110435
v -0.488922 -0.042324 -0.180939
v -0.489014 -0.046825 -0.159088
v -0.489105 -0.051571 -0.135803
v -0.489166 -0.061787 -0.086082
v -0.489227 -0.018759 -0.239594
v -0.489227 -0.035362 -0.158203
v -0.489227 -0.038200 -0.195084
v -0.489227 -0.055489 -0.115196
v -0.489349 -0.018015 -0.249466
v -0.489380 -0.023535 -0.219208
v -0.489380 -0.024261 -0.249176
v -0.489380 -0.032104 -0.218887
v -0.489410 -0.029753 -0.187408
v -0.489410 -0.049362 -0.099159
v -0.489502 -0.056271 -0.081078
v -0.489594 -0.045387 -0.118149
v -0.489655 -0.054390 -0.082848
v -0.489746 -0.033459 -0.174194
v -0.489777 -0.050751 -0.131363
v -0.489807 -0.042282 -0.133377
v -0.489838 -0.023949 -0.236084
v -0.489838 -0.037968 -0.153946
v -0.489838 -0.040813 -0.176590
v -0.489868 -0.046581 -0.150558
v -0.489868 -0.059254 -0.084755
v -0.489899 -0.057228 -0.096443
v -0.489990 -0.033527 -0.201263
v -0.490021 -0.053940 -0.089500
v -0.490051 -0.029253 -0.213943
v -0.490082 -0.031879 -0.191864
v -0.490082 -0.050861 -0.104301
v -0.490143 -0.051826 -0.117775
v -0.490143 -0.056717 -0.086929
v -0.490204 -0.047264 -0.121048
v -0.490204 -0.052273 -0.107170
v -0.490234 -0.041431 -0.144730
v -0.490295 -0.036282 -0.182632
v -0.490356 -0.038925 -0.162201
v -0.490387 -0.041767 -0.160980
v -0.490387 -0.045887 -0.132919
v -0.490448 -0.044849 -0.143845
s 1
f 11275 11267 11305
f 11305 11267 11287
f 11305 11287 11317
f 11317 11287 11276
f 11317 11276 11303
f 11303 11276 11266
f 11303 11266 11295
f 11317 11303 11336
f 11336 11303 11295
f 11305 11317 11346
f 11346 11317 11336
f 11305 11346 11315
f 11305 11315 11275
f 11275 11315 11312
f 11275 11312 11265
f 11265 11312 11283
f 11346 11336 11376
f 11283 11312 11313
f 11283 11313 11279
f 11279 11313 11296
f 11352 11315 11346
f 11352 11346 11376
f 11349 11312 11315
f 11349 11315 11352
f 11351 11313 11312
f 11351 11312 11349
f 11345 11296 11313
f 11345 11313 11351
f 11349 11352 11379
f 11349 11379 11351
f 11345 11351 11377
f 11377 11351 11379
f 11296 11345 11342
f 11342 11345 11377
f 11296 11342 11292
f 11296 11292 11262
f 11262 11292 11297
f 11297 11292 11342
f 11262 11297 11284
f 11342 11377 11365
f 11342 11365 11297
f 11284 11297 11343
f 11343 11297 11365
f 11284 11343 11311
f 11365 11377 11414
f 11343 11365 11403
f 11403 11365 11414
f 11311 11343 11384
f 11384 11343 11403
f 11311 11384 11358
f 11414 11377 11410
f 11410 11377 11379
f 11403 11414 11481
f 11384 11403 11445
f 11445 11403 11481
f 11384 11445 11413
f 11384 11413 11358
f 11413 11445 11446
f 11413 11446 11420
f 11446 11445 11480
f 11480 11445 11481
f 11358 11413 11388
f 11358 11388 11366
f 11358 11366 11335
f 11480 11481 11508
f 11358 11335 11314
f 11358 11314 11311
f 11311 11314 11260
f 11314 11335 11310
f 11314 11310 11259
f 11548 11529 11508
f 11548 11508 11539
f 11548 11539 11569
f 11539 11508 11504
f 11504 11508 11481
f 11569 11539 11533
f 11533 11539 11504
f 11569 11533 11559
f 11569 11559 11577
f 11577 11559 11561
f 11504 11481 11453
f 11453 11481 11414
f 11533 11504 11495
f 11495 11504 11453
f 11559 11533 11496
f 11496 11533 11495
f 11453 11414 11439
f 11439 11414 11410
f 11495 11453 11461
f 11461 11453 11439
f 11439 11410 11430
f 11439 11430 11461
f 11430 11410 11379
f 11495 11461 11470
f 11495 11470 11496
f 11461 11430 11441
f 11461 11441 11470
f 11430 11379 11406
f 11430 11406 11441
f 11406 11379 11381
f 11381 11379 11352
f 11381 11352 11376
f 11406 11381 11407
f 11406 11407 11441
f 11407 11381 11376
f 11487 11496 11470
f 11496 11487 11559
f 11456 11470 11441
f 11470 11456 11487
f 11441 11407 11429
f 11441 11429 11456
f 11407 11376 11404
f 11407 11404 11429
f 11404 11376 11375
f 11375 11376 11336
f 11429 11404 11434
f 11456 11429 11455
f 11456 11455 11487
f 11455 11429 11434
f 11375 11336 11357
f 11404 11375 11402
f 11402 11375 11357
f 11404 11402 11434
f 11357 11336 11295
f 11357 11295 11350
f 11350 11295 11309
s 0
f 11350 11309 11347
f 11347 11309 11300
s 1
f 11357 11350 11391
f 11391 11350 11347
f 11357 11391 11402
f 11391 11347 11394
f 11391 11394 11418
f 11391 11418 11402
f 11402 11418 11435
f 11402 11435 11434
f 11435 11418 11464
f 11464 11418 11452
f 11434 11435 11472
f 11472 11435 11464
f 11472 11464 11511
f 11511 11464 11489
f 11434 11472 11478
f 11434 11478 11455
f 11472 11511 11514
f 11472 11514 11478
f 11514 11511 11541
f 11514 11541 11526
f 11514 11526 11478
f 11526 11541 11561
f 11455 11478 11516
f 11516 11478 11526
f 11516 11526 11561
f 11455 11516 11487
f 11516 11561 11559
f 11516 11559 11487
f 11231 11228 11267
f 11231 11267 11275
f 11231 11275 11265
f 11267 11228 11253
f 11267 11253 11287
f 11287 11253 11276
f 11253 11228 11209
f 11276 11253 11215
f 11215 11253 11209
f 11276 11215 11266
f 11266 11215 11196
f 11215 11209 11181
f 11209 11228 11206
f 11206 11228 11231
f 11206 11231 11198
f 11198 11231 11222
f 11222 11231 11265
f 11222 11265 11248
f 11248 11265 11283
f 11222 11248 11208
f 11248 11283 11246
f 11248 11246 11208
f 11246 11283 11279
f 11208 11246 11230
f 11230 11246 11279
f 11208 11230 11176
f 11230 11279 11262
f 11262 11279 11296
f 11230 11262 11188
f 11188 11262 11284
f 11188 11284 11182
f 11182 11284 11211
f 11211 11284 11311
f 11170 11198 11222
f 11170 11222 11208
f 11170 11208 11176
f 11198 11170 11166
f 11198 11166 11177
f 11198 11177 11206
f 11166 11170 11112
f 11206 11177 11175
f 11206 11175 11181
f 11206 11181 11209
f 11112 11170 11083
f 11112 11083 11056
f 11056 11083 11051
f 11083 11170 11079
f 11079 11170 11176
f 11083 11079 11051
f 11079 11176 11137
f 11079 11137 11051
f 11137 11176 11230
f 11137 11230 11188
f 11137 11188 11125
f 11137 11125 11051
f 11051 11125 11034
f 11051 11034 11016
f 11016 11034 10950
f 10950 11034 10975
f 11166 11119 11177
f 11177 11119 11175
f 11119 11166 11098
f 11098 11166 11112
f 11175 11119 11116
f 11175 11116 11181
f 11181 11116 11160
f 11181 11160 11215
f 11116 11119 11066
f 11116 11066 11058
f 11119 11098 11068
f 11119 11068 11066
f 11058 11066 11031
f 11031 11066 11068
f 11058 11031 11018
f 11068 11098 11037
f 11018 11031 11012
f 11018 11012 10980
f 10980 11012 10973
f 10973 11012 10995
f 10995 11012 11031
f 10973 10995 10964
f 10964 10995 10985
f 10995 11031 11023
f 10995 11023 10985
f 11023 11031 11068
f 11023 11068 11037
f 10985 11023 11006
f 11006 11023 11037
f 10985 11006 10957
f 11047 11037 11098
f 11037 11047 11006
f 11047 11098 11112
f 11047 11112 11056
f 11006 11047 11015
f 11015 11047 11056
f 11006 11015 10961
f 10961 11015 10981
f 10981 11015 11056
f 10981 11056 11051
f 10981 11051 10983
f 10983 11051 10959
f 10959 11051 11016
f 11266 11196 11295
f 11295 11196 11234
f 11295 11234 11309
f 11309 11234 11251
f 11309 11251 11229
s 0
f 11309 11229 11300
f 11300 11229 11242
f 11300 11242 11256
f 11242 11229 11184
f 11256 11242 11245
f 11245 11242 11184
f 11245 11184 11165
s 1
f 11116 11101 11160
f 11101 11116 11058
f 11160 11101 11081
f 11101 11058 11046
f 11101 11046 11081
f 11046 11058 11018
f 11046 11018 11021
f 11046 11021 11081
f 11021 11018 10980
f 11021 10980 10987
f 11021 10987 11048
f 11021 11048 11081
f 11048 10987 10989
f 11081 11048 11090
f 11090 11048 11196
f 11081 11090 11156
f 11156 11090 11196
f 11081 11156 11160
f 11156 11196 11215
f 11156 11215 11160
f 10928 10964 10985
f 10928 10985 10957
f 10928 10957 10877
f 10928 10877 10873
f 10964 10928 10919
f 10919 10928 10873
f 10919 10873 10910
f 10919 10910 10964
f 10910 10873 10858
f 10964 10910 10936
f 10964 10936 10973
f 10973 10936 10980
f 10936 10910 10929
f 10929 10910 10858
f 10936 10929 10980
f 10929 10858 10886
f 10980 10929 10933
f 10933 10929 10886
f 10980 10933 10987
f 10933 10886 10938
f 10933 10938 10987
f 10938 10886 10904
f 10987 10938 10989
f 10938 10904 10907
f 10989 10938 10967
f 10967 10938 10907
f 10967 10907 10942
f 10942 10907 10913
f 10942 10913 10943
f 10942 10943 10977
f 10961 10957 11006
f 10957 10961 10877
f 10877 10961 10885
f 10877 10885 10802
f 10802 10885 10824
f 10885 10961 10923
f 10923 10961 10981
f 10923 10981 10983
f 10824 10885 10896
f 10896 10885 10923
f 10923 10983 10959
f 10923 10959 10896
f 10824 10896 10843
f 10896 10959 10906
f 10896 10906 10843
f 10906 10959 10950
f 10950 10959 11016
f 10843 10906 10897
f 10897 10906 10950
f 10843 10897 10826
f 10843 10826 10770
f 10826 10897 10895
f 10895 10897 10950
f 10826 10895 10788
f 10895 10950 10905
f 10788 10895 10854
f 10854 10895 10905
f 10788 10854 10778
f 10778 10854 10803
f 10905 10950 10975
f 10803 10854 10839
f 10839 10854 10905
f 10803 10839 10834
f 10905 10975 10947
f 10947 10975 11010
f 10839 10905 10921
f 10921 10905 10947
f 10839 10921 10834
f 10947 11010 10934
f 10947 10934 10921
f 10921 10934 10834
f 10834 10934 10837
f 10837 10934 10960
f 10484 10532 10506
f 10506 10532 10545
f 10506 10545 10529
f 10506 10529 10480
f 10545 10532 10557
f 10480 10529 10490
f 10480 10490 10474
f 10474 10490 10473
f 10557 10532 10550
f 10473 10490 10493
f 10473 10493 10469
f 10550 10532 10502
f 10469 10493 10488
f 10493 10490 10534
f 10534 10490 10529
f 10488 10493 10547
f 10488 10547 10471
f 10493 10534 10558
f 10493 10558 10547
f 10534 10529 10559
f 10534 10559 10558
f 10559 10529 10545
f 10559 10545 10567
f 10567 10545 10557
f 10558 10559 10584
f 10584 10559 10567
f 10567 10557 10579
f 10558 10584 10568
f 10558 10568 10547
f 10584 10567 10595
f 10595 10567 10579
f 10579 10557 10550
f 10584 10595 10614
f 10568 10584 10608
f 10608 10584 10614
f 10568 10608 10605
f 10605 10608 10636
f 10568 10605 10594
f 10594 10605 10636
f 10568 10594 10547
f 10594 10636 10669
f 10669 10636 10713
f 10594 10669 10591
f 10594 10591 10547
f 10591 10669 10739
s 0
f 10591 10739 10673
s 1
f 10547 10591 10531
f 10531 10591 10673
f 10547 10531 10471
s 0
f 10531 10673 10635
s 1
f 10471 10531 10496
f 10496 10531 10635
f 10471 10496 10449
f 10496 10635 10648
f 10648 10635 10747
f 10496 10648 10645
f 10496 10645 10470
f 10543 10550 10502
f 10543 10502 10486
f 10543 10486 10537
f 10537 10486 10481
f 10537 10481 10546
f 10543 10537 10560
f 10560 10537 10546
f 10550 10543 10572
f 10572 10543 10560
f 10550 10572 10575
f 10550 10575 10579
f 10579 10575 10600
f 10579 10600 10595
f 10595 10600 10615
f 10595 10615 10614
f 10614 10615 10641
f 10641 10615 10671
f 10671 10615 10652
f 10615 10600 10618
f 10615 10618 10652
f 10618 10600 10609
f 10618 10609 10652
f 10609 10600 10575
f 10652 10609 10694
f 10609 10575 10604
f 10604 10575 10572
f 10694 10609 10637
f 10637 10609 10604
f 10694 10637 10691
f 10691 10637 10654
f 10637 10604 10610
f 10610 10604 10572
f 10637 10610 10654
f 10610 10572 10560
f 10654 10610 10628
f 10628 10610 10560
f 10654 10628 10680
f 10680 10628 10642
f 10628 10560 10569
f 10628 10569 10642
f 10569 10560 10546
f 10642 10569 10582
f 10582 10569 10546
f 10642 10582 10668
f 10668 10582 10577
f 10582 10546 10556
f 10582 10556 10577
f 10556 10546 10492
f 10577 10556 10491
f 10491 10556 10492
f 10491 10492 10487
f 10877 10792 10873
f 10792 10877 10802
f 10873 10792 10817
f 10873 10817 10858
f 10858 10817 10783
f 10858 10783 10813
f 10858 10813 10886
f 10886 10813 10775
f 10886 10775 10807
f 10744 10748 10792
f 10792 10748 10753
f 10792 10753 10817
f 10744 10792 10802
f 10817 10753 10783
f 10748 10744 10694
f 10748 10694 10691
f 10748 10691 10753
f 10694 10744 10652
f 10753 10691 10654
f 10783 10753 10750
f 10750 10753 10654
f 10783 10750 10813
f 10813 10750 10775
f 10750 10654 10680
f 10775 10750 10724
f 10724 10750 10680
f 10724 10680 10642
f 10746 10652 10744
f 10746 10744 10802
f 10652 10746 10671
f 10746 10802 10824
f 10671 10746 10764
f 10764 10746 10824
f 10671 10764 10641
f 10764 10824 10843
f 10641 10764 10702
f 10764 10843 10770
f 10764 10770 10702
f 10702 10770 10715
f 10715 10770 10754
f 10715 10754 10713
f 10713 10754 10778
f 10778 10754 10788
f 10788 10754 10770
f 10788 10770 10826
f 11125 11188 11182
f 11125 11182 11115
f 11115 11182 11142
f 11142 11182 11211
f 11142 11211 11178
f 11142 11178 11061
f 10967 11048 10989
f 11048 10967 11045
f 11045 10967 10942
f 11045 10942 10977
f 11150 11234 11196
f 11234 11150 11152
f 11150 11196 11048
f 11034 11125 11053
f 11053 11125 11115
f 11053 11115 11044
f 11044 11115 11142
f 10807 10904 10886
f 10904 10807 10907
s 0
f 10907 10807 10786
f 10907 10786 10777
s 1
f 10907 10777 10838
f 10907 10838 10913
f 10913 10838 10912
f 10913 10912 10952
f 10913 10952 10943
f 10943 10952 11040
f 10912 10838 10851
s 0
f 10912 10851 10850
s 1
f 10851 10838 10780
s 0
f 10851 10780 10850
f 10850 10780 10853
s 1
f 11048 11045 11150
f 11150 11045 11065
f 11150 11065 11152
f 11065 11045 10977
f 11152 11065 11039
f 11039 11065 10977
f 11152 11039 11040
f 11039 10977 10943
f 11039 10943 11040
f 10975 11034 11010
f 11010 11034 11053
f 11010 11053 11044
f 11010 11044 10934
f 10934 11044 10960
f 10960 11044 11061
f 11211 11311 11260
f 11211 11260 11178
f 11178 11260 11171
f 11171 11260 11259
f 11259 11260 11314
f 11171 11259 11235
f 11235 11259 11310
f 11235 11310 11278
f 10724 10749 10775
f 10775 10749 10807
f 10749 10724 10642
f 10749 10642 10668
f 10807 10749 10786
f 10749 10668 10706
f 10749 10706 10786
f 10786 10706 10777
f 10777 10706 10697
f 10777 10697 10838
f 10838 10697 10780
f 10780 10697 10683
f 11223 11234 11152
f 11234 11223 11251
f 11223 11152 11229
f 11223 11229 11251
f 10633 10641 10702
f 10641 10633 10614
f 10633 10702 10715
f 10614 10633 10608
f 10633 10715 10634
f 10633 10634 10608
f 10634 10715 10713
f 10608 10634 10636
f 10636 10634 10713
f 10713 10778 10738
f 10738 10778 10803
f 10713 10738 10669
f 10738 10803 10751
f 10738 10751 10669
f 10751 10803 10834
f 10669 10751 10739
f 10739 10751 10834
f 10739 10834 10837
f 10739 10837 10673
f 11577 11561 11572
f 11572 11561 11541
f 11577 11572 11579
f 11579 11572 11575
f 11575 11572 11558
f 11558 11572 11541
f 11558 11541 11535
f 11535 11541 11511
f 11535 11511 11515
f 11577 11579 11570
f 11577 11570 11569
f 11570 11579 11576
f 11569 11570 11548
f 11548 11570 11542
f 11548 11542 11529
f 11570 11576 11552
f 11570 11552 11542
f 11552 11576 11563
f 11563 11576 11585
f 11542 11552 11525
f 11529 11542 11509
f 11509 11542 11525
f 11529 11509 11508
f 11508 11509 11480
f 11480 11509 11493
f 11493 11509 11525
f 11480 11493 11446
f 11547 11525 11552
f 11547 11552 11563
f 11568 11563 11585
f 11563 11568 11547
f 11568 11585 11583
f 11568 11583 11567
f 11568 11567 11546
f 11568 11546 11547
f 11547 11546 11522
f 11547 11522 11525
f 11522 11546 11521
f 11522 11521 11490
f 11525 11522 11499
f 11525 11499 11493
f 11522 11490 11479
f 11522 11479 11499
f 11493 11499 11468
f 11468 11499 11479
f 11493 11468 11446
f 11446 11468 11420
f 11420 11468 11437
f 11437 11468 11479
f 11467 11479 11490
f 11467 11490 11494
f 11437 11479 11433
f 11433 11479 11467
f 11437 11433 11397
f 11433 11467 11438
f 11397 11433 11389
f 11389 11433 11438
s 0
f 11389 11438 11396
s 1
f 11397 11389 11355
f 11355 11389 11337
f 11337 11389 11367
f 11044 11142 11061
f 11178 11171 11061
f 11061 11171 11084
f 11084 11171 11077
f 11061 11084 11020
f 11084 11077 11025
f 11084 11025 11020
f 11452 11489 11464
f 11489 11452 11483
f 11515 11511 11489
f 11515 11489 11483
f 11483 11452 11449
f 11449 11452 11423
f 11423 11452 11418
f 11483 11449 11466
f 11466 11449 11423
f 11423 11418 11394
f 11515 11483 11498
f 11498 11483 11466
f 11423 11394 11380
s 0
f 11380 11394 11347
f 11380 11347 11332
s 1
f 11380 11332 11363
f 11380 11363 11400
f 11380 11400 11423
f 11423 11400 11426
f 11423 11426 11466
f 11426 11400 11422
f 11426 11422 11450
f 11426 11450 11466
f 11466 11450 11486
f 11486 11450 11484
f 11486 11484 11505
f 11486 11505 11523
f 11466 11486 11500
f 11500 11486 11523
f 11466 11500 11498
f 11500 11523 11519
f 11500 11519 11498
f 11532 11550 11523
f 11519 11523 11543
f 11543 11523 11550
f 11498 11519 11530
f 11530 11519 11543
f 11498 11530 11515
f 11543 11550 11566
f 11566 11550 11562
f 11566 11562 11582
f 11515 11530 11544
f 11515 11544 11535
f 11535 11544 11558
f 11544 11530 11560
f 11544 11560 11558
f 11560 11530 11543
f 11558 11560 11575
f 11564 11543 11566
f 11543 11564 11560
f 11575 11560 11578
f 11578 11560 11564
f 11575 11578 11579
f 11579 11578 11576
f 11576 11578 11584
f 11584 11578 11564
f 11576 11584 11585
f 11580 11564 11566
f 11564 11580 11584
f 11584 11580 11585
f 11580 11566 11582
f 11580 11582 11585
f 11585 11582 11583
f 11061 11020 10960
f 10837 10960 10916
f 10837 10916 10832
f 10577 10706 10668
f 10706 10577 10588
f 10706 10588 10697
f 10588 10577 10501
f 10501 10577 10494
f 10501 10494 10497
f 10501 10497 10499
f 10501 10499 10541
f 10501 10541 10588
f 10541 10499 10500
f 10620 10697 10588
f 10620 10588 10541
f 10697 10620 10683
f 10620 10541 10520
s 0
f 10683 10620 10666
s 1
f 10666 10620 10520
f 11413 11420 11388
f 11388 11420 11437
f 11388 11437 11392
f 11392 11437 11397
f 11388 11392 11366
f 11392 11397 11355
f 11366 11392 11325
f 11325 11392 11355
f 11330 11335 11366
f 11330 11366 11325
f 11330 11325 11298
f 11298 11325 11291
f 11291 11325 11301
f 11301 11325 11355
f 11301 11355 11337
f 10673 10837 10742
f 10742 10837 10832
s 0
f 10673 10742 10635
s 1
f 10742 10832 10747
f 10742 10747 10635
f 10916 10960 11020
f 10916 11020 10924
f 11171 11235 11167
f 11171 11167 11077
f 11152 11184 11229
f 11184 11152 11128
f 11128 11152 11040
s 0
f 11128 11040 11003
f 11003 11040 10952
s 1
f 10916 10924 10832
f 10844 10747 10832
f 10844 10832 10911
f 10911 10832 10924
f 10844 10911 10876
f 10911 10924 10949
f 10911 10949 10876
f 10949 10924 11025
f 10876 10949 10970
f 10970 10949 11025
f 11020 11025 10924
f 11167 11235 11218
f 11218 11235 11252
f 11252 11235 11278
f 11252 11278 11298
f 11252 11298 11239
f 11252 11239 11218
f 11218 11239 11201
f 11310 11298 11278
f 11298 11310 11330
f 11330 11310 11335
s 0
f 11300 11332 11347
f 11332 11300 11308
f 11332 11308 11307
f 11308 11300 11256
s 1
f 11025 11077 11060
f 11025 11060 10970
f 10970 11060 11072
f 11060 11077 11167
f 11072 11060 11153
f 11153 11060 11167
f 11153 11167 11218
s 0
f 10683 10666 10780
f 10780 10666 10853
s 1
f 10844 10761 10747
f 10747 10761 10645
f 10747 10645 10648
f 10645 10761 10659
f 10659 10761 10756
f 10756 10761 10876
s 0
f 10912 10931 10952
f 10952 10931 10993
f 10952 10993 11003
f 10931 10912 10915
f 10915 10912 10850
f 11003 11075 11128
f 11075 11003 10993
f 11128 11075 11165
f 11128 11165 11184
f 11075 10993 11082
f 11082 10993 10988
f 11005 11052 10988
f 10988 11052 11092
f 10988 11092 11082
f 11092 11052 11088
f 11075 11082 11118
f 11075 11118 11165
f 11118 11082 11107
s 1
f 11107 11082 11102
f 11110 11124 11118
f 11118 11124 11132
s 0
f 11118 11132 11165
s 1
f 11165 11132 11136
f 11165 11136 11141
s 0
f 11165 11141 11162
f 11162 11141 11146
s 1
f 11162 11146 11148
s 0
f 11165 11162 11195
s 1
f 11162 11148 11147
f 11195 11162 11154
f 11154 11162 11147
f 11195 11154 11180
f 11154 11147 11144
f 11094 11099 11102
f 11094 11102 11096
f 11096 11102 11082
f 11096 11082 11092
f 11094 11096 11095
f 11095 11096 11092
f 11094 11095 11091
f 11091 11095 11097
f 11097 11095 11092
f 11097 11092 11088
f 11097 11088 11105
f 11097 11105 11093
f 11093 11105 11100
f 11105 11088 11106
f 11105 11106 11108
f 11106 11088 11113
f 11113 11088 11127
f 11127 11088 11135
f 11127 11135 11154
f 11127 11154 11138
f 11138 11154 11144
f 11127 11138 11123
f 10503 10500 10512
f 10503 10512 10507
f 10500 10503 10520
f 10500 10520 10541
f 10503 10507 10521
f 10503 10521 10520
f 10521 10507 10510
f 10521 10510 10518
f 10521 10518 10606
f 10520 10521 10646
f 10646 10521 10606
f 10520 10646 10666
f 10606 10518 10525
s 0
f 10666 10646 10725
f 10646 10606 10688
f 10646 10688 10725
f 10798 10799 10725
s 1
f 10798 10725 10814
f 10814 10725 10804
s 0
f 10804 10725 10688
f 10804 10688 10765
f 10765 10688 10700
f 10700 10688 10638
f 10638 10688 10606
f 10638 10606 10573
f 10573 10606 10525
s 1
f 10573 10525 10533
f 10533 10525 10516
f 10533 10516 10514
f 10573 10533 10524
f 10524 10533 10514
f 10573 10524 10526
f 10524 10514 10517
s 0
f 10853 10915 10850
f 10725 10799 10853
s 1
f 10853 10799 10833
s 0
f 10915 10853 10875
s 1
f 10875 10853 10833
s 0
f 10915 10875 10888
f 10915 10888 10940
f 10915 10940 10931
f 10988 10993 10931
f 10988 10931 10940
f 10988 10940 11005
f 11005 10940 10935
f 11005 10935 11017
f 11017 10935 10999
f 10935 10940 10909
f 10909 10940 10888
f 10935 10909 10914
f 10914 10909 10811
f 10811 10909 10882
f 10882 10909 10888
f 10765 10811 10804
f 10804 10811 10882
s 1
f 10804 10882 10846
f 10846 10882 10857
f 10857 10882 10865
f 10865 10882 10888
f 10865 10888 10871
f 10871 10888 10872
f 10804 10846 10828
f 10828 10846 10842
f 10804 10828 10820
f 10804 10820 10814
f 10820 10828 10808
f 10872 10888 10875
f 10867 10862 10872
f 10867 10872 10870
f 10870 10872 10875
f 10867 10870 10864
f 10864 10870 10875
f 10867 10864 10859
f 10859 10864 10855
f 10855 10864 10860
f 10860 10864 10875
f 10855 10860 10847
f 10847 10860 10852
f 10852 10860 10875
f 10852 10875 10833
f 10852 10833 10845
f 10852 10845 10835
f 10845 10833 10840
f 10845 10840 10841
f 10840 10833 10830
f 10841 10840 10827
f 10840 10830 10823
f 10840 10823 10827
f 10997 10970 11072
f 11153 11218 11149
f 11149 11218 11201
f 11153 11149 11072
f 11149 11201 11122
f 11149 11122 11072
f 11122 11201 11172
f 11072 11122 11032
f 11072 11032 10997
f 10997 11032 10994
f 10994 11032 11001
f 11032 11122 11067
f 11067 11122 11172
f 11032 11067 11001
f 11067 11172 11089
f 11067 11089 11001
f 11089 11172 11216
f 11001 11089 11004
f 11089 11216 11168
f 11004 11089 11019
f 11019 11089 11168
f 10761 10844 10876
f 11298 11291 11239
f 11239 11291 11301
f 11239 11301 11241
f 11239 11241 11201
f 11241 11301 11302
f 11302 11301 11337
f 11241 11302 11216
f 11241 11216 11172
f 11216 11302 11293
f 11293 11302 11337
f 11216 11293 11168
f 11293 11337 11320
f 11320 11337 11367
f 10496 10470 10452
s 0
f 10666 10725 10853
f 11256 11307 11308
f 11307 11256 11245
s 1
f 11307 11245 11254
f 11307 11254 11290
f 11307 11290 11334
f 11254 11245 11195
s 0
f 11195 11245 11165
s 1
f 11254 11195 11240
f 11240 11195 11180
f 11307 11334 11332
f 11332 11334 11363
f 11363 11334 11372
f 11363 11372 11400
f 10470 10645 10539
f 10470 10539 10461
f 10539 10645 10659
s 0
f 10461 10539 10465
s 1
f 10461 10465 10455
f 10539 10659 10596
s 0
f 10539 10596 10465
s 1
f 10596 10659 10674
f 10674 10659 10756
f 10674 10756 10822
s 0
f 10674 10822 10774
f 10465 10596 10598
f 10598 10596 10674
s 1
f 10454 10465 10464
s 0
f 10464 10465 10598
f 10464 10598 10459
f 10459 10598 10463
f 10674 10774 10667
f 10598 10674 10601
f 10598 10601 10463
f 10601 10674 10667
f 10667 10774 10773
f 10463 10601 10555
f 10555 10601 10667
f 10463 10555 10457
f 10457 10555 10468
f 10468 10555 10676
f 10676 10555 10667
f 10676 10667 10773
f 10676 10773 10705
f 10705 10773 10818
s 1
f 10970 10997 10945
f 10970 10945 10898
f 10970 10898 10876
f 10945 10997 10994
f 10945 10994 10937
f 10945 10937 10898
f 10756 10876 10898
f 10756 10898 10822
f 10822 10898 10937
f 10937 10994 10946
f 10946 10994 11001
f 10946 11001 11004
f 10822 10937 10891
f 10891 10937 10946
f 10822 10891 10774
f 10774 10891 10773
f 10891 10946 10930
f 10930 10946 11004
f 10891 10930 10773
f 10930 11004 10972
f 10972 11004 11019
f 10930 10972 10899
f 10930 10899 10773
s 0
f 10773 10899 10818
s 1
f 10799 10830 10833
f 10830 10799 10825
f 10830 10825 10823
f 10823 10825 10806
f 10825 10799 10798
f 10806 10825 10815
f 10815 10825 10819
f 10819 10825 10798
f 10815 10819 10810
f 10819 10798 10812
f 10819 10812 10810
f 10812 10798 10814
f 10810 10812 10787
f 11172 11201 11241
f 10812 10791 10784
f 10791 10812 10814
f 10791 10814 10790
f 10790 10814 10820
f 11367 11389 11396
f 11532 11523 11505
f 11532 11505 11518
f 11532 11518 11540
f 11540 11518 11531
f 11531 11518 11507
f 11531 11507 11506
f 11506 11507 11482
f 11507 11518 11492
f 11507 11492 11482
f 11492 11518 11505
f 11492 11505 11463
f 11463 11505 11484
f 11463 11484 11450
f 11463 11450 11422
f 11463 11422 11421
f 11492 11463 11457
f 11457 11463 11421
f 11492 11457 11482
f 11457 11421 11451
f 11457 11451 11482
f 11482 11451 11475
f 11546 11567 11545
f 11546 11545 11521
f 11545 11567 11551
f 11521 11545 11527
f 11527 11545 11551
f 11490 11521 11494
f 11494 11521 11527
f 11527 11551 11537
f 11494 11527 11501
f 11551 11567 11571
f 11527 11537 11517
f 11527 11517 11501
f 11517 11537 11512
f 11512 11537 11534
f 11517 11512 11488
f 11534 11537 11556
f 11556 11537 11551
f 11556 11551 11571
f 11517 11488 11491
f 11517 11491 11501
f 11491 11488 11469
f 11469 11488 11447
f 11501 11491 11474
f 11474 11491 11469
f 11469 11447 11442
f 11469 11442 11474
f 11501 11474 11473
f 11473 11474 11442
f 11501 11473 11494
f 11494 11473 11467
f 11442 11447 11415
f 11467 11473 11444
f 11444 11473 11442
f 11467 11444 11438
f 11444 11442 11427
f 11444 11427 11438
f 11427 11442 11415
f 11438 11427 11396
f 11396 11427 11371
f 11396 11371 11367
f 11367 11371 11320
f 11427 11415 11393
f 11427 11393 11371
f 11393 11415 11395
f 11395 11415 11390
f 11393 11395 11370
f 11393 11370 11371
f 11370 11395 11360
f 11370 11360 11327
f 11370 11327 11321
f 11370 11321 11371
f 11321 11327 11274
f 11371 11321 11322
f 11371 11322 11320
f 11322 11321 11258
f 11320 11322 11233
f 11233 11322 11258
f 11233 11258 11151
f 11135 11180 11154
f 11180 11135 11155
f 11180 11155 11200
f 11200 11155 11085
f 11085 11155 11135
f 11200 11085 11129
s 0
f 11052 11135 11088
f 11135 11052 11085
f 11085 11052 11017
f 11017 11052 11005
f 11085 11017 11043
f 11043 11017 10999
f 11129 11085 11042
f 11043 10999 11042
f 11043 11042 11085
f 11129 11042 11130
s 1
f 11130 11042 11038
f 11038 11042 10996
f 11583 11582 11581
f 11583 11581 11567
f 11567 11581 11571
f 11581 11582 11562
f 11571 11581 11574
f 11574 11581 11562
f 11532 11562 11550
f 11562 11532 11557
f 11562 11557 11574
f 11557 11532 11540
f 11557 11540 11574
f 11574 11540 11554
f 11554 11540 11531
f 11554 11531 11549
f 11554 11549 11565
f 11574 11554 11573
f 11573 11554 11565
f 11574 11573 11571
f 11573 11565 11556
f 11573 11556 11571
f 11290 11329 11334
f 11329 11290 11286
f 11334 11329 11372
f 11329 11286 11328
f 11372 11329 11364
f 11364 11329 11328
f 11364 11328 11361
f 11372 11364 11400
f 11364 11361 11399
f 11364 11399 11400
f 11400 11399 11422
f 11422 11399 11421
f 11421 11399 11398
f 11240 11290 11254
f 11290 11240 11257
f 11290 11257 11286
f 11257 11240 11180
f 11286 11257 11244
f 11257 11180 11200
f 11257 11200 11244
f 11168 11293 11227
f 11227 11293 11320
f 11227 11320 11233
f 11168 11080 11019
f 11019 11080 10972
f 10972 11080 11041
f 11080 11168 11157
f 11157 11168 11227
f 11157 11227 11233
f 11157 11233 11151
f 11157 11151 11080
f 11080 11151 11041
s 0
f 11041 11151 11063
f 11041 11063 10963
s 1
f 10526 10587 10573
s 0
f 10573 10587 10638
f 10765 10801 10811
f 10811 10801 10893
f 10893 10801 10849
f 10849 10801 10794
f 10849 10794 10797
f 10811 10893 10908
f 10811 10908 10914
f 10914 10908 10932
f 10914 10932 10935
f 10935 10932 10999
f 10932 10908 10953
f 10908 10893 10900
f 10908 10900 10953
f 10900 10893 10849
f 10953 10900 10918
f 10918 10900 10861
f 10861 10900 10849
f 10861 10849 10797
f 10861 10797 10805
s 1
f 10861 10805 10863
f 10861 10863 10954
s 0
f 10700 10801 10765
f 10801 10700 10758
f 10801 10758 10794
f 10794 10758 10797
s 1
f 10797 10758 10735
f 10524 10517 10526
s 0
f 10638 10662 10700
s 1
f 10700 10662 10722
f 10700 10722 10758
s 0
f 10662 10638 10631
f 10662 10631 10639
f 10631 10638 10587
f 10639 10631 10617
f 10617 10631 10587
f 10639 10617 10625
f 10625 10617 10580
f 10580 10617 10562
s 1
f 10562 10617 10535
f 10535 10617 10587
f 10535 10587 10522
f 10522 10587 10523
f 10522 10523 10513
f 10522 10513 10509
f 10522 10509 10535
f 10535 10509 10508
f 10457 10468 10453
f 10453 10468 10467
f 10453 10467 10451
s 0
f 10467 10468 10705
f 10705 10468 10676
s 1
f 10467 10705 10607
f 10467 10607 10450
f 10607 10705 10762
s 0
f 10762 10705 10818
s 1
f 10450 10607 10603
f 10450 10603 10448
f 10448 10603 10447
f 10447 10603 10476
f 10607 10762 10711
f 10607 10711 10603
s 0
f 10711 10762 10880
s 1
f 10476 10603 10626
f 10626 10603 10711
f 10476 10626 10629
f 10626 10711 10789
f 10629 10626 10736
f 10736 10626 10789
s 0
f 10899 10972 10955
f 10899 10955 10892
f 10899 10892 10818
f 10818 10892 10762
f 10892 10955 10963
f 10762 10892 10880
f 10880 10892 10963
f 10880 10963 10926
f 10880 10926 10789
f 10880 10789 10711
f 10789 10926 10890
s 1
f 10789 10890 10736
s 0
f 10890 10926 10941
s 1
f 10890 10941 10894
s 0
f 10955 10972 11041
f 10955 11041 10963
s 1
f 11244 11200 11197
f 11197 11200 11129
s 0
f 10932 10996 10999
f 10999 10996 11042
f 10996 10932 10953
f 10996 10953 10992
s 1
f 10996 10992 11038
s 0
f 10992 10953 10918
s 1
f 11038 10992 11007
f 11007 10992 10918
f 11151 11212 11145
f 11151 11145 11063
f 11063 11145 11064
f 11064 11145 11158
s 0
f 11063 11064 10982
f 11064 11158 11117
f 10982 11064 11030
f 11030 11064 11117
s 1
f 11030 11117 11104
f 11030 11104 11035
f 11258 11321 11212
f 11151 11258 11212
s 0
f 10963 11063 10982
f 10963 10982 10926
f 10926 10982 10991
f 10991 10982 11030
f 10926 10991 10941
f 10991 11030 10962
f 10991 10962 10941
s 1
f 10962 11030 11035
f 10941 10962 10894
f 10962 11035 10969
f 10962 10969 10894
f 10969 11035 10998
f 10894 10969 10889
f 10969 10998 10951
f 10969 10951 10889
f 10889 10951 10878
f 11286 11289 11328
f 11328 11289 11361
f 11361 11289 11323
f 11399 11361 11398
f 11361 11323 11368
f 11361 11368 11398
f 11368 11323 11374
f 11374 11323 11348
f 11398 11368 11424
f 11374 11348 11344
f 11398 11424 11421
f 11374 11344 11385
f 11421 11424 11451
f 11385 11344 11338
f 11424 11368 11401
f 11401 11368 11374
f 11451 11424 11460
f 11451 11460 11475
f 11424 11401 11436
f 11424 11436 11460
f 11401 11374 11411
f 11401 11411 11436
f 11411 11374 11385
f 11460 11436 11458
f 11458 11436 11411
f 11485 11475 11460
f 11485 11460 11458
f 11475 11485 11506
f 11458 11411 11425
f 11425 11411 11385
f 11485 11458 11503
f 11485 11503 11506
f 11503 11458 11465
f 11465 11458 11425
f 11506 11503 11528
f 11506 11528 11531
f 11531 11528 11549
f 11528 11503 11502
f 11502 11503 11465
f 11549 11528 11553
f 11549 11553 11565
f 11528 11502 11524
f 11528 11524 11553
f 11502 11465 11462
f 11502 11462 11524
f 11462 11465 11425
f 11553 11524 11536
f 11565 11553 11555
f 11555 11553 11536
f 11565 11555 11556
f 11556 11555 11534
f 11524 11462 11471
f 11524 11471 11536
f 11462 11425 11443
f 11462 11443 11471
f 11536 11471 11454
f 11454 11471 11443
f 11538 11555 11536
f 11555 11538 11534
f 11538 11536 11513
f 11513 11536 11454
f 11534 11538 11510
f 11534 11510 11512
f 11538 11513 11520
f 11538 11520 11510
f 11512 11510 11488
f 11520 11513 11497
f 11520 11497 11510
f 11488 11510 11476
f 11476 11510 11497
f 11488 11476 11447
f 11497 11513 11477
f 11477 11513 11448
f 11448 11513 11454
f 11497 11477 11459
f 11497 11459 11476
f 11477 11448 11431
f 11477 11431 11459
f 11448 11454 11417
f 11448 11417 11431
f 11459 11431 11409
f 11476 11459 11428
f 11428 11459 11409
f 11409 11431 11405
f 11405 11431 11417
f 11476 11428 11440
f 11476 11440 11447
f 11447 11440 11419
f 11447 11419 11415
f 11415 11419 11390
f 11419 11440 11408
f 11419 11408 11390
f 11408 11440 11428
f 11390 11408 11359
f 11408 11428 11386
f 11408 11386 11359
f 11386 11428 11409
f 11359 11386 11354
f 11359 11354 11318
f 11318 11354 11299
f 11299 11354 11331
f 11354 11386 11369
f 11369 11386 11409
f 11354 11369 11331
f 11369 11409 11405
f 11331 11369 11378
f 11378 11369 11405
f 11331 11378 11341
f 11378 11405 11417
f 11341 11378 11362
f 11362 11378 11417
f 11341 11362 11326
f 11326 11362 11356
f 11326 11356 11319
f 11362 11417 11387
f 11362 11387 11356
f 11387 11417 11432
f 11432 11417 11454
f 11432 11454 11443
f 11387 11432 11416
f 11416 11432 11443
f 11356 11387 11382
f 11382 11387 11416
f 11353 11319 11356
f 11353 11356 11382
f 11319 11353 11316
f 11316 11353 11340
f 11353 11382 11383
f 11353 11383 11340
f 11383 11382 11416
f 11340 11383 11373
f 11340 11373 11324
f 11324 11373 11338
f 11338 11373 11385
f 11373 11383 11412
f 11412 11383 11416
f 11373 11412 11385
f 11412 11416 11443
f 11385 11412 11425
f 11425 11412 11443
f 11212 11321 11214
f 11214 11321 11274
s 0
f 11214 11274 11268
f 11214 11268 11213
s 1
f 11213 11268 11249
f 11268 11274 11294
f 11268 11294 11249
f 11294 11274 11333
f 11249 11294 11261
f 11294 11333 11306
f 11294 11306 11261
f 11261 11306 11250
f 11250 11306 11271
f 11271 11306 11318
f 11212 11158 11145
f 11158 11212 11214
s 0
f 11158 11214 11213
s 1
f 11158 11213 11174
f 11158 11174 11117
f 11174 11213 11249
f 11117 11174 11104
f 11174 11249 11190
f 11174 11190 11104
f 11190 11249 11261
f 11190 11261 11250
f 11190 11250 11194
f 11104 11190 11109
f 11109 11190 11194
f 11104 11109 11035
f 11035 11109 11050
f 11194 11250 11226
f 11050 11109 11086
f 11086 11109 11194
f 11050 11086 11055
f 11050 11055 11000
f 11086 11194 11120
f 11086 11120 11055
f 11194 11226 11189
f 11194 11189 11120
f 11189 11226 11238
f 11189 11238 11225
f 11055 11120 11076
f 11055 11076 11013
f 11120 11189 11163
f 11163 11189 11225
f 11120 11163 11076
f 11013 11076 11022
f 11022 11076 11059
f 11022 11059 11071
f 11022 11071 11028
f 11071 11059 11121
f 11121 11059 11076
f 11121 11076 11163
f 11121 11163 11199
f 11199 11163 11225
f 11121 11199 11191
f 11199 11225 11269
f 11191 11199 11224
f 11224 11199 11269
s 0
f 11129 11130 11197
s 1
f 11197 11130 11247
f 11247 11244 11197
f 11244 11247 11286
f 11286 11247 11289
f 11289 11247 11264
f 11289 11264 11323
f 11323 11264 11348
f 11348 11264 11263
f 11327 11360 11333
f 11327 11333 11274
f 11333 11360 11390
f 11390 11360 11395
f 11333 11390 11359
f 11333 11359 11339
f 11333 11339 11306
f 11339 11359 11318
f 11339 11318 11306
f 11506 11482 11475
f 10662 10639 10681
f 10662 10681 10722
f 10735 10758 10722
f 10735 10722 10701
f 10701 10722 10681
f 10735 10701 10720
f 10720 10701 10714
f 10720 10714 10731
f 10731 10714 10719
f 10719 10714 10704
f 10719 10704 10728
f 10714 10701 10689
f 10714 10689 10704
f 10689 10701 10681
f 10704 10689 10710
f 10710 10689 10681
f 10710 10681 10692
f 10692 10681 10678
f 10692 10678 10709
f 10709 10678 10670
f 10678 10681 10664
f 10678 10664 10670
f 10664 10681 10639
f 10664 10639 10653
f 10664 10653 10670
f 10653 10639 10625
f 10686 10708 10670
f 10686 10670 10657
f 10657 10670 10653
f 10686 10657 10682
f 10682 10657 10661
f 10661 10657 10653
f 10661 10653 10656
f 10656 10653 10630
f 10661 10656 10660
f 10661 10660 10684
f 10660 10656 10665
f 10684 10660 10675
f 10675 10660 10665
f 10684 10675 10703
f 10675 10665 10679
f 10703 10675 10685
f 10685 10675 10679
f 11038 11143 11130
f 11143 11038 11073
f 11143 11073 11185
f 11185 11073 11134
f 11134 11073 11033
f 11134 11033 11027
f 11134 11027 11131
f 11185 11134 11202
f 11202 11134 11131
f 11185 11202 11264
f 11264 11202 11263
f 11263 11202 11236
f 11202 11131 11192
f 11202 11192 11236
f 11192 11131 11111
f 11192 11111 11140
f 11192 11140 11186
f 11192 11186 11236
f 11236 11186 11243
f 11130 11143 11247
f 11247 11143 11185
f 11247 11185 11264
f 10736 10890 10766
f 10736 10766 10629
f 10629 10766 10649
f 10649 10766 10757
f 10757 10766 10889
f 10649 10757 10627
f 10627 10757 10760
f 10760 10757 10878
f 10732 10745 10735
f 10735 10745 10797
f 10745 10732 10727
s 0
f 10797 10745 10805
s 1
f 10745 10727 10721
f 10721 10727 10741
f 10721 10741 10734
f 10721 10734 10730
f 10721 10730 10718
f 10805 10745 10733
f 10733 10745 10721
f 10805 10733 10863
f 10863 10733 10752
f 10733 10721 10693
f 10693 10721 10718
f 10733 10693 10679
f 10693 10718 10707
f 10679 10693 10685
f 10685 10693 10707
f 10685 10707 10716
f 11007 11073 11038
f 11073 11007 11033
f 10766 10890 10894
f 10766 10894 10889
f 10625 10630 10653
s 0
f 10630 10625 10576
f 10576 10625 10580
s 1
f 10630 10576 10632
f 10630 10632 10699
f 10632 10576 10542
f 10446 10476 10479
f 10479 10476 10519
s 0
f 10479 10519 10445
s 1
f 10519 10476 10629
f 10519 10629 10649
f 10445 10519 10444
f 10519 10649 10627
f 10519 10627 10564
f 10564 10627 10663
f 10564 10663 10677
f 10519 10564 10485
f 10519 10485 10444
f 10564 10677 10538
f 10564 10538 10485
f 10444 10485 10478
f 10478 10485 10538
f 10444 10478 10443
f 10538 10677 10589
f 10589 10677 10640
f 10478 10538 10505
f 10505 10538 10589
f 10443 10478 10462
f 10462 10478 10505
f 10443 10462 10442
f 10442 10462 10460
f 10460 10462 10505
f 10442 10460 10441
f 10460 10505 10495
f 10495 10505 10566
f 10566 10505 10589
f 10566 10589 10640
f 10566 10640 10616
f 10616 10640 10647
f 10647 10640 10723
f 10861 10954 10918
f 10918 10954 11007
f 11007 10954 11033
f 11033 10954 11027
f 10630 10665 10656
f 11035 11050 10998
f 10863 10958 10954
f 10954 10958 11027
f 10958 10863 10866
f 11027 10958 10956
f 10956 10958 10866
f 11027 10956 11026
f 10956 10866 10884
f 11026 10956 11008
f 11026 11008 11049
f 10956 10884 10939
f 10956 10939 11008
f 10939 10884 10856
f 10939 10856 10903
f 11008 10939 10968
f 10968 10939 10903
f 11008 10968 11014
f 11008 11014 11070
f 10968 10903 10944
f 10968 10944 11014
f 10944 10903 10881
f 10944 10881 10868
f 11014 10944 10990
f 11014 10990 11029
f 11029 10990 11009
f 11029 11009 11057
f 11009 10990 10974
f 10974 10990 10944
f 11009 10974 10927
f 10944 10868 10917
f 10944 10917 10974
f 10974 10917 10927
f 10917 10868 10874
f 10927 10917 10848
f 10848 10917 10874
f 10998 11000 10951
f 11000 10998 11050
f 10951 11000 11002
f 11002 11000 11055
f 11002 11055 11013
f 10951 11002 10948
f 10951 10948 10878
f 10878 10948 10887
f 10948 11002 10965
f 10948 10965 10887
f 10965 11002 11013
f 10887 10965 10920
f 10920 10965 10976
f 10976 10965 11013
f 10976 11013 11022
f 11250 11271 11226
f 11226 11271 11238
f 11238 11271 11277
f 11277 11271 11318
f 11238 11277 11225
f 11277 11318 11299
f 11277 11299 11225
f 11225 11299 11269
f 11269 11299 11331
f 10630 10679 10665
f 10679 10630 10733
f 11263 11285 11348
f 11285 11263 11236
f 11348 11285 11344
f 11285 11236 11243
f 11344 11285 11288
f 11288 11285 11243
f 11344 11288 11338
f 11338 11288 11324
f 11288 11243 11270
f 11270 11243 11232
f 11324 11288 11304
f 11304 11288 11270
f 11324 11304 11340
f 11304 11270 11280
f 11304 11280 11340
f 11280 11270 11237
f 11340 11280 11316
f 11280 11237 11255
f 11280 11255 11316
f 11316 11255 11282
f 11316 11282 11319
f 11282 11255 11217
f 11027 11111 11131
f 11111 11027 11026
f 11111 11026 11049
f 11111 11049 11140
f 10757 10889 10878
f 10630 10699 10733
f 10733 10699 10752
s 0
f 10752 10699 10740
s 1
f 11331 11273 11269
f 11269 11273 11224
f 11273 11331 11341
f 11273 11341 11281
f 11281 11341 11326
f 11281 11326 11319
f 11281 11319 11272
f 11281 11272 11210
f 11272 11319 11282
f 11272 11282 11207
f 10752 10866 10863
f 10866 10752 10816
f 10866 10816 10884
f 10884 10816 10795
f 10884 10795 10836
f 10884 10836 10856
f 10856 10836 10785
f 10760 10878 10887
f 11070 11140 11049
f 11070 11049 11008
f 11186 11203 11243
f 11243 11203 11232
f 11203 11186 11173
f 11232 11203 11219
f 11219 11203 11173
f 11232 11219 11270
f 11173 11186 11140
f 11270 11219 11220
f 11270 11220 11237
f 11219 11173 11193
f 11219 11193 11220
f 11173 11140 11126
f 11237 11220 11205
f 11126 11140 11070
f 11237 11205 11255
f 11255 11205 11217
f 11220 11193 11183
f 11220 11183 11205
f 11161 11193 11173
f 11161 11173 11126
f 11193 11161 11183
f 11205 11183 11159
f 11159 11183 11161
f 11187 11217 11205
f 11187 11205 11159
f 11217 11187 11207
f 11161 11126 11114
f 11161 11114 11159
f 11210 11272 11207
f 11210 11207 11169
f 11207 11187 11133
f 11133 11187 11159
f 11207 11133 11169
f 11159 11114 11103
f 11159 11103 11133
f 11062 11114 11126
f 11062 11126 11070
f 11062 11070 11014
f 11114 11062 11069
f 11069 11062 11014
f 11114 11069 11103
f 11069 11014 11029
f 11069 11029 11057
f 11069 11057 11103
f 11103 11057 11133
f 11133 11057 11054
f 11054 11057 11009
f 11133 11054 11087
f 11133 11087 11169
f 11087 11054 11036
f 11087 11036 11078
f 11087 11078 11169
f 11078 11036 11024
f 11169 11078 11074
f 11074 11078 11024
f 11169 11074 11139
f 11074 11024 11028
f 11139 11074 11071
f 11071 11074 11028
f 10627 10760 10663
f 10760 10887 10768
f 11273 11281 11221
f 10760 10768 10663
f 10663 10768 10677
f 10677 10768 10779
f 11191 11224 11164
f 11191 11164 11121
f 11121 11164 11071
f 11224 11221 11164
f 11221 11224 11273
f 11164 11221 11179
f 11179 11221 11204
f 11204 11221 11281
f 11179 11204 11169
f 11204 11281 11210
f 11204 11210 11169
f 10655 10699 10632
s 0
f 10699 10655 10740
f 10740 10655 10712
s 1
f 10632 10602 10655
f 10602 10632 10542
f 10602 10542 10536
f 10655 10602 10597
f 10597 10602 10536
f 10655 10597 10712
f 10712 10597 10651
f 10597 10536 10561
f 10561 10536 10527
f 10527 10536 10475
f 10597 10561 10578
f 10651 10597 10611
f 10611 10597 10578
f 10651 10611 10613
f 10651 10613 10695
f 10611 10578 10586
f 10611 10586 10613
f 10695 10613 10643
f 10554 10561 10527
f 10561 10554 10578
f 10554 10527 10530
f 10530 10527 10482
f 10578 10554 10565
f 10565 10554 10530
f 10578 10565 10586
f 10565 10530 10548
f 10548 10530 10504
f 10586 10565 10592
f 10586 10592 10613
f 10592 10565 10563
f 10624 10643 10613
f 10624 10613 10592
f 10643 10624 10672
f 10624 10592 10621
f 10624 10621 10672
f 10672 10621 10696
f 10696 10621 10644
f 10621 10592 10590
f 10644 10621 10612
f 10612 10621 10590
f 10612 10590 10583
f 10740 10795 10752
f 10752 10795 10816
f 11207 11282 11217
f 11179 11139 11164
f 11164 11139 11071
f 11139 11179 11169
f 10712 10795 10740
f 10795 10712 10767
f 10795 10767 10836
f 10836 10767 10785
f 10976 11022 10971
f 10976 10971 10920
f 10920 10971 10883
f 10971 11022 11011
f 11011 11022 11028
f 10971 11011 10966
f 10966 11011 11028
f 10971 10966 10883
f 10883 10966 10902
f 10883 10902 10879
f 10966 11028 10984
f 10984 11028 11024
f 10902 10966 10922
f 10902 10922 10879
f 10922 10966 10984
f 10879 10922 10829
f 10829 10922 10869
f 10984 11024 10978
f 10984 10978 10922
f 10978 11024 11036
f 10869 10922 10901
f 10978 11036 10979
f 10978 10979 10922
f 10979 11036 10986
f 10986 11036 11054
f 10986 11054 11009
f 10986 11009 10927
f 10848 10901 10927
f 10979 10986 10925
f 10925 10986 10927
f 10925 10927 10901
f 10979 10925 10922
f 10922 10925 10901
f 10779 10768 10887
f 10779 10887 10809
f 10809 10887 10920
f 10809 10920 10883
f 10809 10883 10781
f 10781 10883 10793
f 10793 10883 10879
f 10793 10879 10829
f 10881 10903 10856
f 10881 10856 10831
f 10831 10856 10772
f 10881 10831 10868
f 10868 10831 10782
f 10868 10782 10796
f 10868 10796 10874
f 10874 10796 10848
f 10848 10796 10776
f 10848 10776 10800
f 10848 10800 10901
f 10901 10800 10869
f 10869 10800 10821
f 10869 10821 10829
f 10729 10767 10712
f 10767 10729 10785
f 10729 10712 10651
f 10785 10729 10769
f 10729 10651 10726
f 10729 10726 10769
f 10726 10651 10695
f 10769 10726 10772
f 10779 10763 10677
f 10779 10809 10763
f 10763 10809 10781
f 10769 10856 10785
f 10856 10769 10772
f 10677 10763 10698
f 10677 10698 10640
f 10640 10698 10723
f 10723 10698 10763
f 10723 10763 10781
f 10723 10781 10793
f 10723 10793 10771
f 10723 10771 10687
f 10771 10793 10829
f 10831 10772 10782
f 10695 10772 10726
f 10772 10695 10737
f 10772 10737 10782
f 10737 10695 10643
f 10796 10782 10737
f 10796 10737 10759
f 10776 10796 10759
f 10829 10821 10771
f 10759 10737 10672
f 10672 10737 10643
f 10759 10672 10696
f 10771 10821 10755
f 10771 10755 10687
f 10755 10821 10800
f 10687 10755 10658
f 10755 10800 10743
f 10755 10743 10658
f 10743 10800 10776
f 10658 10743 10690
f 10743 10776 10717
f 10743 10717 10690
f 10717 10776 10759
f 10690 10717 10644
f 10717 10759 10696
f 10717 10696 10644
f 10647 10723 10650
f 10650 10723 10687
f 10566 10616 10581
f 10647 10650 10616
f 10616 10650 10622
f 10616 10622 10581
f 10622 10650 10687
f 10566 10581 10511
f 10566 10511 10495
f 10511 10581 10549
f 10495 10511 10466
f 10466 10511 10549
f 10495 10466 10460
f 10460 10466 10440
f 10585 10581 10622
f 10581 10585 10549
f 10619 10622 10687
f 10619 10687 10658
f 10585 10622 10599
f 10599 10622 10619
f 10549 10585 10574
f 10574 10585 10599
f 10599 10619 10593
f 10599 10593 10574
f 10619 10658 10623
f 10619 10623 10593
f 10623 10658 10690
f 10623 10690 10644
f 10623 10644 10612
f 10623 10612 10593
f 10593 10612 10583
f 10570 10574 10593
f 10570 10593 10583
f 10574 10570 10551
f 10574 10551 10549
f 10570 10583 10571
f 10571 10583 10590
f 10551 10570 10544
f 10544 10570 10571
f 10549 10551 10472
f 10472 10551 10544
f 10549 10472 10466
f 10466 10472 10456
f 10472 10544 10483
f 10472 10483 10458
f 10483 10544 10498
f 10483 10498 10477
f 10498 10544 10552
f 10552 10544 10571
f 10498 10552 10528
f 10498 10528 10489
f 10489 10528 10515
f 10528 10552 10553
f 10528 10553 10515
f 10553 10552 10571
f 10515 10553 10540
f 10515 10540 10504
f 10504 10540 10548
f 10540 10553 10563
f 10540 10563 10548
f 10563 10553 10571
f 10548 10563 10565
f 10563 10571 10590
f 10563 10590 10592
o tripo_part_13
v 0.095543 -0.028664 -0.293457
v 0.095634 -0.031616 -0.286255
v 0.095703 -0.016304 -0.315552
v 0.096008 -0.035198 -0.275574
v 0.096512 -0.038654 -0.263977
v 0.097023 -0.041050 -0.254913
v 0.097466 -0.043995 -0.243607
v 0.097481 -0.074379 -0.111694
v 0.097832 -0.046017 -0.235291
v 0.097984 -0.005935 -0.329224
v 0.098030 -0.071297 -0.125320
v 0.098396 -0.051262 -0.213684
v 0.098503 -0.022421 -0.307281
v 0.098648 -0.054794 -0.198212
v 0.098709 -0.068146 -0.138626
v 0.098763 -0.056461 -0.190765
v 0.098869 -0.064163 -0.156357
v 0.099136 -0.061707 -0.167160
v 0.099144 -0.058758 -0.180222
v 0.099815 -0.017975 -0.314697
v 0.099846 -0.026215 -0.301147
v 0.099915 -0.001925 -0.331482
v 0.100624 0.003281 -0.320923
v 0.100807 -0.013917 -0.319794
v 0.101143 0.003160 -0.328247
v 0.101219 -0.083870 -0.073608
v 0.101639 0.001054 -0.311096
v 0.101639 -0.083893 -0.059837
v 0.101974 -0.080475 -0.056744
v 0.102089 0.000023 -0.329041
v 0.102180 -0.032417 -0.287933
v 0.102417 -0.035007 -0.280060
v 0.102524 -0.001084 -0.303619
v 0.102646 -0.074135 -0.059669
v 0.103264 -0.069740 -0.064056
v 0.103302 -0.003104 -0.295166
v 0.103439 -0.030525 -0.293549
v 0.103630 -0.012544 -0.319550
v 0.103783 -0.024561 -0.305328
v 0.104187 -0.063477 -0.070686
v 0.104256 -0.005171 -0.285614
v 0.104530 -0.006618 -0.322418
v 0.104874 -0.000802 -0.314850
v 0.105034 -0.042255 -0.252502
v 0.105339 -0.079247 -0.089325
v 0.105347 -0.057182 -0.079720
v 0.105438 -0.008353 -0.273163
v 0.105515 -0.046886 -0.233154
v 0.105736 -0.002607 -0.302338
v 0.106033 -0.078568 -0.067024
v 0.106232 -0.053120 -0.090012
v 0.106369 -0.011282 -0.260376
v 0.106560 -0.050236 -0.219604
v 0.106590 -0.051407 -0.095520
v 0.106689 -0.004210 -0.317078
v 0.107048 -0.070129 -0.067017
v 0.107101 -0.048706 -0.105286
v 0.107155 -0.014220 -0.248611
v 0.107208 -0.073097 -0.066490
v 0.107414 -0.003221 -0.305695
v 0.107498 -0.046043 -0.114983
v 0.107613 -0.041313 -0.099564
v 0.107773 -0.043728 -0.123001
v 0.107803 -0.017637 -0.234818
v 0.108063 -0.040901 -0.135162
v 0.108093 -0.015720 -0.243881
v 0.108116 -0.020321 -0.224121
v 0.108131 -0.043751 -0.125839
v 0.108177 -0.045212 -0.119843
v 0.108238 -0.008164 -0.315613
v 0.108238 -0.028881 -0.298553
v 0.108246 -0.079323 -0.076714
v 0.108269 -0.022879 -0.214066
v 0.108292 -0.037563 -0.151672
v 0.108292 -0.041702 -0.134232
v 0.108376 -0.040512 -0.139771
v 0.108383 -0.025362 -0.201721
v 0.108421 -0.027327 -0.194748
v 0.108444 -0.028688 -0.189087
v 0.108505 -0.014597 -0.313507
v 0.108521 -0.076805 -0.099937
v 0.108597 -0.064056 -0.071877
v 0.108704 -0.019285 -0.230072
v 0.108803 -0.021866 -0.219299
v 0.109024 -0.025156 -0.205582
v 0.109070 -0.075981 -0.103973
v 0.109085 -0.035221 -0.162231
v 0.109322 -0.079414 -0.083595
v 0.109337 -0.004979 -0.307373
v 0.109512 -0.021532 -0.307831
v 0.109550 -0.046890 -0.113014
v 0.110153 -0.025860 -0.303040
v 0.110260 -0.075302 -0.072975
v 0.110268 -0.071144 -0.126968
v 0.110527 -0.039398 -0.266510
v 0.110786 -0.070427 -0.071632
v 0.110802 -0.066246 -0.072121
v 0.110901 -0.011731 -0.262817
v 0.111328 -0.059540 -0.076691
v 0.111382 -0.008331 -0.308411
v 0.111450 -0.034672 -0.284668
v 0.111725 -0.030508 -0.183731
v 0.111885 -0.005853 -0.298492
v 0.111977 -0.012984 -0.309937
v 0.112442 -0.006564 -0.291199
v 0.112633 -0.008047 -0.282257
v 0.112755 -0.020990 -0.306488
v 0.113495 -0.007526 -0.302490
v 0.113663 -0.016132 -0.245865
v 0.113731 -0.025028 -0.208618
v 0.114204 -0.072639 -0.075638
v 0.114525 -0.055653 -0.082184
v 0.114738 -0.058872 -0.181946
v 0.114960 -0.077301 -0.081192
v 0.115257 -0.055458 -0.197922
v 0.115532 -0.066681 -0.075317
v 0.115562 -0.062660 -0.075836
v 0.115891 -0.078354 -0.088562
v 0.115997 -0.057297 -0.079575
v 0.116196 -0.041885 -0.135849
v 0.116318 -0.036816 -0.158112
v 0.116661 -0.021461 -0.225159
v 0.116699 -0.016857 -0.304932
v 0.116730 -0.009846 -0.276642
v 0.116783 -0.054577 -0.084579
v 0.116814 -0.008789 -0.299347
v 0.117111 -0.012559 -0.303284
v 0.118393 -0.051369 -0.216034
v 0.118629 -0.008277 -0.294983
v 0.118988 -0.049374 -0.103783
v 0.119141 -0.010495 -0.299500
v 0.119156 -0.078110 -0.091934
v 0.119354 -0.051971 -0.093300
v 0.119400 -0.033249 -0.290802
v 0.119408 -0.066322 -0.148834
v 0.119453 -0.032059 -0.179489
v 0.119675 -0.022490 -0.302460
v 0.119904 -0.035713 -0.283051
v 0.120674 -0.013594 -0.261017
v 0.120697 -0.024031 -0.215607
v 0.120743 -0.073418 -0.079460
v 0.121185 -0.028172 -0.299316
v 0.121223 -0.008472 -0.290771
v 0.121567 -0.077095 -0.083046
v 0.121758 -0.058144 -0.078972
v 0.122139 -0.009926 -0.296875
v 0.122200 -0.009932 -0.279266
v 0.122215 -0.041485 -0.138702
v 0.122322 -0.068291 -0.077637
v 0.122498 -0.060867 -0.077690
v 0.122665 -0.013005 -0.299805
v 0.122765 -0.017134 -0.301300
v 0.122879 -0.077934 -0.085312
v 0.123207 -0.025980 -0.300476
v 0.123421 -0.016443 -0.249130
v 0.123543 -0.039536 -0.268097
v 0.123734 -0.064186 -0.077156
v 0.123795 -0.030638 -0.296600
v 0.123802 -0.042316 -0.255371
v 0.124199 -0.045444 -0.121300
v 0.124504 -0.056042 -0.081390
v 0.125488 -0.076279 -0.105019
v 0.126511 -0.062996 -0.164200
v 0.126862 -0.023216 -0.300903
v 0.127502 -0.066887 -0.077324
v 0.127731 -0.047527 -0.233124
v 0.127899 -0.032150 -0.180542
v 0.128082 -0.032864 -0.292603
v 0.128098 -0.009921 -0.295135
v 0.128860 -0.012517 -0.298340
v 0.128922 -0.072487 -0.079056
v 0.129089 -0.015932 -0.299957
v 0.129517 -0.011031 -0.275940
v 0.130203 -0.025955 -0.208801
v 0.130676 -0.075928 -0.081253
v 0.131256 -0.020027 -0.300598
v 0.131607 -0.021986 -0.226776
v 0.132034 -0.015779 -0.254059
v 0.132080 -0.036236 -0.162964
v 0.132690 -0.009270 -0.291748
v 0.132950 -0.009450 -0.286499
v 0.139084 -0.060703 -0.076996
v 0.139648 -0.054104 -0.086449
v 0.140472 -0.073372 -0.078476
v 0.140488 -0.052341 -0.092743
v 0.140961 -0.063339 -0.076233
v 0.141708 -0.058495 -0.078117
v 0.143707 -0.077782 -0.082222
v 0.144196 -0.033916 -0.290863
v 0.144318 -0.036560 -0.282013
v 0.144379 -0.055260 -0.083191
v 0.145111 -0.012843 -0.269135
v 0.145584 -0.016329 -0.253326
v 0.145950 -0.030499 -0.296906
v 0.146088 -0.015069 -0.258392
v 0.146301 -0.028631 -0.298279
v 0.146347 -0.010895 -0.254608
v 0.146362 -0.049469 -0.105423
v 0.146378 -0.039379 -0.270691
v 0.146423 -0.011761 -0.257294
v 0.146423 -0.066811 -0.075943
v 0.147278 -0.010187 -0.250854
v 0.147324 -0.025803 -0.299255
v 0.147568 -0.017063 -0.250061
v 0.147797 -0.011081 -0.259796
v 0.148514 -0.013468 -0.247925
v 0.148712 -0.014297 -0.261841
v 0.149048 -0.018559 -0.299011
v 0.149353 -0.009254 -0.247467
v 0.149445 -0.005178 -0.254028
v 0.149582 -0.010185 -0.292053
v 0.149658 -0.018957 -0.242065
v 0.150513 -0.013469 -0.246002
v 0.150543 -0.017750 -0.247513
v 0.150955 -0.042301 -0.257690
v 0.151031 -0.011526 -0.262573
v 0.151184 -0.011374 -0.294586
v 0.151657 -0.027983 -0.201935
v 0.151917 -0.057453 -0.191467
v 0.152161 -0.013321 -0.244827
v 0.152969 -0.055481 -0.200806
v 0.153107 -0.006391 -0.260681
v 0.153275 -0.022612 -0.299164
v 0.153336 -0.068405 -0.142685
v 0.153519 -0.046299 -0.119896
v 0.153732 -0.057266 -0.079269
v 0.153793 -0.076462 -0.106972
v 0.153976 -0.070969 -0.131790
v 0.154068 -0.060684 -0.177551
v 0.154282 -0.070374 -0.076187
v 0.154434 -0.035595 -0.286926
v 0.154922 -0.016375 -0.245056
v 0.155060 0.003424 -0.244232
v 0.155518 -0.050102 -0.224808
v 0.155548 -0.014227 -0.263977
v 0.155594 -0.047668 -0.235031
v 0.155685 -0.018127 -0.246078
v 0.155792 -0.010465 -0.263245
v 0.155838 -0.001785 -0.241364
v 0.155930 -0.078423 -0.096642
v 0.156433 -0.013841 -0.296509
v 0.156845 -0.033146 -0.293304
v 0.156998 -0.045197 -0.246140
v 0.157196 -0.079399 -0.084938
v 0.157471 -0.031395 -0.187225
v 0.158173 0.006510 -0.240097
v 0.158478 -0.016062 -0.244690
v 0.158676 -0.059849 -0.076645
v 0.158875 -0.007537 -0.240692
v 0.159241 -0.010191 -0.288635
v 0.159790 -0.055378 -0.083702
v 0.159851 -0.021273 -0.232574
v 0.159943 -0.012418 -0.262817
v 0.160370 -0.018021 -0.246979
v 0.160873 0.001966 -0.237473
v 0.161072 -0.007056 -0.261414
v 0.161880 -0.012747 -0.271576
v 0.162186 -0.040676 -0.146545
v 0.162247 -0.014875 -0.261353
v 0.162735 -0.063606 -0.075035
v 0.163025 -0.017689 -0.248444
v 0.163162 -0.012096 -0.261017
v 0.163895 -0.018522 -0.245392
v 0.163895 -0.079628 -0.089600
v 0.164124 -0.003782 -0.238434
v 0.164124 -0.015454 -0.258911
v 0.164337 -0.011600 -0.243530
v 0.164764 -0.017208 -0.251221
v 0.165161 -0.014208 -0.258453
v 0.165176 -0.016214 -0.255707
v 0.165512 -0.035015 -0.171967
v 0.166641 -0.061535 -0.075462
v 0.166824 -0.031929 -0.295044
v 0.167419 -0.057095 -0.079872
v 0.167664 -0.010665 -0.284515
v 0.167801 -0.024426 -0.219589
v 0.168167 -0.011927 -0.252411
v 0.168564 -0.002054 -0.238052
v 0.169342 -0.003075 -0.255676
v 0.169342 -0.010883 -0.290619
v 0.170624 -0.077454 -0.079269
v 0.171188 -0.004236 -0.241959
v 0.171616 -0.037590 -0.281769
v 0.171860 -0.005044 -0.244873
v 0.172104 -0.065727 -0.074379
v 0.172913 -0.072891 -0.075836
v 0.174149 -0.017763 -0.296692
v 0.174332 -0.060104 -0.076103
v 0.174744 -0.028328 -0.296875
v 0.174805 -0.054935 -0.086365
v 0.174881 -0.053055 -0.093170
v 0.175385 -0.047039 -0.118668
v 0.175522 -0.035549 -0.288788
v 0.176498 -0.039326 -0.275269
v 0.178070 -0.075943 -0.112335
v 0.178452 -0.013308 -0.293518
v 0.178665 -0.058754 -0.077393
v 0.179565 -0.034397 -0.291443
v 0.180939 -0.040630 -0.148468
v 0.181686 -0.069252 -0.074142
v 0.181732 -0.056641 -0.081604
v 0.183868 -0.011842 -0.290527
v 0.184341 -0.080124 -0.082657
v 0.184967 -0.021185 -0.236084
v 0.185532 -0.030561 -0.295380
v 0.187119 -0.026051 -0.296631
v 0.187622 -0.015555 -0.294342
v 0.187744 -0.021635 -0.296448
v 0.187943 -0.027290 -0.209244
v 0.188141 -0.063972 -0.073799
v 0.188416 -0.032684 -0.293610
v 0.188797 -0.063171 -0.169647
v 0.189224 -0.062222 -0.074310
v 0.189529 -0.043018 -0.259369
v 0.191727 -0.011688 -0.288177
v 0.192169 -0.027664 -0.142853
v 0.192215 -0.047501 -0.240143
v 0.193741 -0.055351 -0.206284
v 0.193756 -0.016302 -0.258759
v 0.193817 -0.045189 -0.250641
v 0.193909 -0.058334 -0.192383
v 0.194153 -0.061283 -0.074654
v 0.194397 -0.033562 -0.138641
v 0.194458 -0.033005 -0.141342
v 0.194733 -0.079857 -0.094795
v 0.195129 -0.052162 -0.098724
v 0.195770 -0.034657 -0.135330
v 0.195892 -0.031864 -0.145004
v 0.196167 -0.060841 -0.181412
v 0.196701 -0.038239 -0.281464
v 0.197357 -0.012337 -0.279144
v 0.197723 -0.066162 -0.157410
v 0.197876 -0.068047 -0.148712
v 0.198029 -0.071320 -0.134811
v 0.198227 -0.041687 -0.145355
v 0.198425 -0.036697 -0.133057
v 0.198471 -0.065796 -0.073097
v 0.199310 -0.034180 -0.130890
v 0.199982 -0.042812 -0.140228
v 0.200378 -0.042191 -0.143066
v 0.200623 -0.043430 -0.137680
v 0.200745 -0.017944 -0.294281
v 0.200867 -0.059132 -0.076813
v 0.200958 -0.028534 -0.295227
v 0.200989 -0.013759 -0.291321
v 0.201660 -0.041550 -0.145798
v 0.202240 -0.044159 -0.134628
v 0.202774 -0.046284 -0.125061
v 0.202805 -0.011904 -0.284668
v 0.202805 -0.054432 -0.090172
v 0.202881 -0.029730 -0.200012
v 0.203400 -0.037506 -0.164764
v 0.203934 -0.041279 -0.147888
v 0.204254 -0.036110 -0.129578
v 0.204468 -0.052120 -0.221664
v 0.204544 -0.044674 -0.132401
v 0.204742 -0.069267 -0.072845
v 0.205109 -0.030691 -0.294250
v 0.206528 -0.044960 -0.131317
v 0.207397 -0.035591 -0.129303
v 0.207458 -0.063560 -0.073189
v 0.208237 -0.035568 -0.289032
v 0.208740 -0.080116 -0.078758
v 0.209167 -0.045292 -0.130569
v 0.209778 -0.077751 -0.075912
v 0.210144 -0.013066 -0.288727
v 0.210541 -0.043774 -0.129929
v 0.211014 -0.040474 -0.273895
v 0.211243 -0.033916 -0.130463
v 0.211273 -0.050209 -0.231064
v 0.211487 -0.017105 -0.257080
v 0.211548 -0.026159 -0.217026
v 0.211670 -0.021364 -0.238235
v 0.212128 -0.074554 -0.073822
v 0.212387 -0.041134 -0.149338
v 0.212875 -0.037460 -0.284729
v 0.214005 -0.042713 -0.130264
v 0.214233 -0.033726 -0.291595
v 0.214310 -0.045303 -0.130600
v 0.214584 -0.013865 -0.272980
v 0.214981 -0.045433 -0.130585
v 0.215698 -0.041412 -0.148636
v 0.216339 -0.043468 -0.131088
v 0.216507 -0.012603 -0.285706
v 0.216614 -0.012994 -0.278351
v 0.218262 -0.038029 -0.135162
v 0.218445 -0.068039 -0.071999
v 0.218475 -0.039024 -0.280365
v 0.218506 -0.042519 -0.132614
v 0.218536 -0.042011 -0.147018
v 0.218628 -0.037022 -0.142273
v 0.218704 -0.060482 -0.075035
v 0.218842 -0.036831 -0.138763
v 0.218994 -0.078423 -0.104851
v 0.219009 -0.062820 -0.073120
v 0.219391 -0.045059 -0.132782
v 0.220032 -0.081703 -0.082115
v 0.221039 -0.042744 -0.143982
v 0.221085 -0.040142 -0.154922
v 0.221207 -0.066353 -0.071938
v 0.221542 -0.071472 -0.072220
v 0.221802 -0.044365 -0.136108
v 0.222137 -0.046879 -0.124733
v 0.222321 -0.043568 -0.140106
v 0.222641 -0.059231 -0.076950
v 0.223129 -0.045238 -0.132523
v 0.223755 -0.060532 -0.186478
v 0.223877 -0.025087 -0.293762
v 0.224457 -0.034546 -0.180786
v 0.225006 -0.056721 -0.083679
v 0.225266 -0.030216 -0.293243
v 0.225601 -0.015804 -0.264893
v 0.226929 -0.042576 -0.144974
v 0.227097 -0.017122 -0.291290
v 0.228531 -0.020960 -0.292786
v 0.229050 -0.053333 -0.097527
v 0.230057 -0.032459 -0.292023
v 0.230713 -0.044613 -0.258667
v 0.232178 -0.013798 -0.286560
v 0.232712 -0.015350 -0.289001
v 0.233063 -0.055428 -0.089211
v 0.233093 -0.057999 -0.080231
v 0.235321 -0.013322 -0.281403
v 0.235367 -0.065956 -0.071342
v 0.235779 -0.081886 -0.089684
v 0.236557 -0.076576 -0.115944
v 0.238663 -0.063293 -0.175308
v 0.238708 -0.062889 -0.072487
v 0.239334 -0.020874 -0.244095
v 0.239670 -0.037502 -0.286011
v 0.239700 -0.025085 -0.225266
v 0.240158 -0.041073 -0.153107
v 0.240356 -0.047634 -0.246460
v 0.240448 -0.052856 -0.223083
v 0.240479 -0.069397 -0.070877
v 0.240570 -0.030293 -0.202164
v 0.241547 -0.046112 -0.130554
v 0.242172 -0.036774 -0.287445
v 0.242371 -0.061462 -0.073524
v 0.242676 -0.082207 -0.079079
v 0.243103 -0.056053 -0.209366
v 0.243256 -0.050343 -0.111916
v 0.243896 -0.075150 -0.072052
v 0.244263 -0.064880 -0.071274
v 0.244537 -0.073502 -0.130310
v 0.245071 -0.080757 -0.075829
v 0.246216 -0.035416 -0.289185
v 0.246597 -0.070702 -0.143066
v 0.246796 -0.041553 -0.274017
v 0.246826 -0.057278 -0.083015
v 0.247635 -0.057766 -0.201874
v 0.247925 -0.060204 -0.075256
v 0.248169 -0.013987 -0.282715
v 0.248993 -0.034821 -0.182602
v 0.249237 -0.018238 -0.257263
v 0.249588 -0.072029 -0.070717
v 0.250153 -0.068398 -0.153442
v 0.250610 -0.052250 -0.104019
v 0.250610 -0.065765 -0.165726
v 0.250824 -0.054581 -0.094048
v 0.252197 -0.030357 -0.291534
v 0.252502 -0.078781 -0.073425
v 0.252991 -0.017389 -0.288727
v 0.253326 -0.067001 -0.070328
v 0.253357 -0.050194 -0.237122
v 0.253815 -0.070511 -0.070221
v 0.254883 -0.063019 -0.071877
v 0.255402 -0.041832 -0.151520
v 0.255737 -0.038990 -0.283173
v 0.255768 -0.023502 -0.291168
v 0.255798 -0.015473 -0.286011
v 0.256165 -0.061512 -0.073189
v 0.256775 -0.025984 -0.223099
v 0.257202 -0.026766 -0.291473
v 0.257355 -0.021997 -0.241333
v 0.258392 -0.059471 -0.076958
v 0.258881 -0.045795 -0.134003
v 0.259308 -0.033253 -0.290344
v 0.259705 -0.037167 -0.173203
v 0.260040 -0.031727 -0.197662
v 0.260437 -0.049908 -0.115387
v 0.260895 -0.064690 -0.070702
v 0.262115 -0.015827 -0.270477
v 0.262543 -0.020378 -0.289551
v 0.262848 -0.081245 -0.096802
v 0.262939 -0.015283 -0.273956
v 0.263092 -0.083260 -0.080719
v 0.265228 -0.014967 -0.282684
v 0.265228 -0.052689 -0.226959
v 0.265625 -0.082359 -0.076462
v 0.266083 -0.081139 -0.074509
v 0.266235 -0.062996 -0.179840
v 0.267090 -0.035080 -0.288971
v 0.267609 -0.061066 -0.189163
v 0.267731 -0.040649 -0.279419
v 0.268951 -0.069298 -0.069374
v 0.269531 -0.015003 -0.278473
v 0.269714 -0.078392 -0.110802
v 0.272308 -0.061058 -0.073685
v 0.272644 -0.055126 -0.093216
v 0.273621 -0.071762 -0.069313
v 0.274811 -0.066246 -0.069565
v 0.274841 -0.059753 -0.076584
v 0.274872 -0.047710 -0.127014
v 0.275818 -0.016428 -0.284729
v 0.276184 -0.062744 -0.071526
v 0.276642 -0.046379 -0.257385
v 0.277832 -0.018970 -0.287262
v 0.278046 -0.026276 -0.224197
v 0.278595 -0.037712 -0.286041
v 0.278839 -0.042870 -0.272400
v 0.279602 -0.063957 -0.070435
v 0.280090 -0.027304 -0.289856
v 0.280914 -0.020838 -0.249756
v 0.281006 -0.025074 -0.289459
v 0.281036 -0.076843 -0.070305
v 0.281128 -0.045380 -0.262451
v 0.281464 -0.054962 -0.218460
v 0.281647 -0.049812 -0.242950
v 0.282471 -0.075035 -0.069550
v 0.283051 -0.058884 -0.079628
v 0.283539 -0.057495 -0.084442
v 0.283752 -0.070946 -0.145950
v 0.284210 -0.040367 -0.162003
v 0.285339 -0.034134 -0.288605
v 0.285614 -0.018629 -0.260895
v 0.287811 -0.030687 -0.289276
v 0.288177 -0.016087 -0.281555
v 0.288483 -0.033943 -0.191010
v 0.289001 -0.057629 -0.206711
v 0.289368 -0.016979 -0.269501
v 0.289459 -0.016083 -0.274994
v 0.289490 -0.018553 -0.285675
v 0.289856 -0.040195 -0.281830
v 0.290009 -0.061604 -0.072914
v 0.290497 -0.082359 -0.073883
v 0.291534 -0.083580 -0.076317
v 0.293030 -0.065155 -0.069374
v 0.293518 -0.079903 -0.071205
v 0.293549 -0.015980 -0.278778
v 0.294067 -0.070831 -0.068245
v 0.294891 -0.068268 -0.068314
v 0.295563 -0.036503 -0.286835
v 0.295624 -0.062988 -0.070938
v 0.296051 -0.023741 -0.287872
v 0.296539 -0.084045 -0.084686
v 0.298035 -0.037971 -0.285431
v 0.299377 -0.074646 -0.068451
v 0.299896 -0.054523 -0.098358
v 0.300415 -0.075996 -0.125229
v 0.300507 -0.023594 -0.239349
v 0.301819 -0.060749 -0.194641
v 0.302551 -0.017649 -0.282776
v 0.304016 -0.029068 -0.214905
v 0.304871 -0.049664 -0.121559
v 0.306030 -0.027895 -0.287933
v 0.306183 -0.069954 -0.067703
v 0.307404 -0.016827 -0.279724
v 0.307434 -0.060863 -0.075089
v 0.307861 -0.066536 -0.068344
v 0.308014 -0.052223 -0.109726
v 0.308746 -0.022177 -0.286194
v 0.308838 -0.065994 -0.171570
v 0.309448 -0.020151 -0.256714
v 0.309570 -0.034847 -0.287079
v 0.309753 -0.036572 -0.286255
v 0.309998 -0.059788 -0.078613
v 0.310791 -0.045757 -0.140396
v 0.311310 -0.053135 -0.230515
v 0.311340 -0.063431 -0.070389
v 0.311676 -0.068535 -0.159637
v 0.311676 -0.073044 -0.067482
v 0.311890 -0.084900 -0.079269
v 0.312225 -0.058426 -0.083763
v 0.312561 -0.045662 -0.264893
v 0.312836 -0.072914 -0.139908
v 0.312988 -0.038704 -0.172913
v 0.313721 -0.084007 -0.088142
v 0.313782 -0.042583 -0.276459
v 0.315094 -0.038670 -0.284454
v 0.315613 -0.065681 -0.068535
v 0.316833 -0.071404 -0.147461
v 0.317749 -0.017258 -0.274261
v 0.317871 -0.039921 -0.282867
v 0.317902 -0.017143 -0.276978
v 0.319489 -0.041656 -0.160202
v 0.319641 -0.051197 -0.241180
v 0.319885 -0.025890 -0.231339
v 0.319977 -0.062057 -0.072739
v 0.320160 -0.080719 -0.105568
v 0.321045 -0.078758 -0.068550
v 0.321136 -0.068375 -0.067360
v 0.321655 -0.017895 -0.280029
v 0.321960 -0.056667 -0.215622
v 0.322540 -0.033302 -0.286682
v 0.323151 -0.019701 -0.282684
v 0.323975 -0.049721 -0.248734
v 0.324127 -0.047600 -0.257812
v 0.324219 -0.036812 -0.285522
v 0.324646 -0.024757 -0.285797
v 0.325104 -0.041607 -0.279816
v 0.325989 -0.084145 -0.073189
v 0.326233 -0.057297 -0.089653
v 0.326538 -0.018393 -0.268616
v 0.326538 -0.077980 -0.118820
v 0.326874 -0.023129 -0.245255
v 0.327148 -0.047955 -0.132568
v 0.327332 -0.019537 -0.262695
v 0.328186 -0.032085 -0.286469
v 0.328949 -0.021906 -0.283966
v 0.329102 -0.071518 -0.066566
v 0.330872 -0.028158 -0.286072
v 0.331085 -0.044750 -0.270782
v 0.331635 -0.018141 -0.271729
v 0.332062 -0.035648 -0.189636
v 0.332184 -0.065468 -0.068405
v 0.332581 -0.082863 -0.096504
v 0.332977 -0.054787 -0.100960
v 0.333191 -0.038364 -0.284149
v 0.333252 -0.074471 -0.066551
v 0.333374 -0.034832 -0.285767
v 0.333405 -0.018192 -0.277985
v 0.333801 -0.039757 -0.170792
v 0.334686 -0.050850 -0.119911
v 0.335114 -0.045395 -0.145035
v 0.335419 -0.019028 -0.280060
v 0.336700 -0.042393 -0.158676
v 0.337006 -0.039104 -0.161972
v 0.337036 -0.041683 -0.161942
v 0.337280 -0.043163 -0.155365
v 0.337555 -0.018156 -0.275635
v 0.337708 -0.082085 -0.069511
v 0.337921 -0.042732 -0.154099
v 0.337982 -0.026117 -0.233154
v 0.338043 -0.025457 -0.162308
v 0.338562 -0.041008 -0.165009
v 0.338593 -0.062000 -0.073784
v 0.338959 -0.043793 -0.152802
v 0.339111 -0.077522 -0.066933
v 0.339203 -0.030716 -0.150391
v 0.339233 -0.025766 -0.163849
v 0.339844 -0.052250 -0.113579
v 0.340302 -0.042652 -0.151230
v 0.340820 -0.030033 -0.165833
v 0.340942 -0.036442 -0.284821
v 0.341827 -0.040524 -0.167618
v 0.341888 -0.062881 -0.189819
v 0.341919 -0.044258 -0.150543
v 0.342255 -0.040287 -0.282104
v 0.342346 -0.044521 -0.149826
v 0.342438 -0.042747 -0.277802
v 0.342468 -0.068657 -0.066574
v 0.342499 -0.042084 -0.149826
v 0.343048 -0.021280 -0.256836
v 0.343292 -0.031998 -0.285461
v 0.343811 -0.031303 -0.147690
v 0.344299 -0.041431 -0.280487
v 0.344391 -0.027586 -0.166992
v 0.345367 -0.043812 -0.149246
v 0.345917 -0.021944 -0.166412
v 0.346039 -0.039608 -0.168533
v 0.346283 -0.034706 -0.147781
v 0.347076 -0.032154 -0.207352
v 0.347870 -0.040565 -0.168579
v 0.347992 -0.043983 -0.274811
v 0.348297 -0.026865 -0.166901
v 0.348419 -0.043381 -0.149185
v 0.348450 -0.044865 -0.149384
v 0.348480 -0.064697 -0.069069
v 0.348969 -0.039757 -0.172989
v 0.349365 -0.044693 -0.150085
v 0.349640 -0.019482 -0.267792
v 0.349792 -0.018934 -0.271759
v 0.350403 -0.021313 -0.281128
v 0.350555 -0.030613 -0.166763
v 0.351196 -0.076141 -0.130417
v 0.351288 -0.040688 -0.167542
v 0.351410 -0.043896 -0.150406
v 0.351501 -0.060066 -0.081474
v 0.351562 -0.063408 -0.071007
v 0.351776 -0.040840 -0.168213
v 0.351837 -0.072632 -0.065430
v 0.351959 -0.045166 -0.148499
v 0.352448 -0.026817 -0.165161
v 0.352692 -0.020086 -0.279083
v 0.352722 -0.022675 -0.251648
v 0.352997 -0.044502 -0.151825
v 0.353088 -0.039402 -0.282593
v 0.353210 -0.041279 -0.166321
v 0.353516 -0.043686 -0.151978
v 0.353729 -0.036682 -0.187943
v 0.353912 -0.030161 -0.150269
v 0.354309 -0.019220 -0.276093
v 0.354675 -0.041607 -0.164764
v 0.354706 -0.057396 -0.092674
v 0.354797 -0.041298 -0.152954
v 0.354858 -0.044086 -0.153824
v 0.355621 -0.041969 -0.163177
v 0.356018 -0.043713 -0.155777
v 0.356018 -0.045441 -0.270782
v 0.356079 -0.025955 -0.153229
v 0.356262 -0.042492 -0.161285
v 0.356506 -0.025494 -0.283234
v 0.356506 -0.029102 -0.159134
v 0.356537 -0.030848 -0.155731
v 0.356537 -0.043045 -0.158920
v 0.356537 -0.061539 -0.076668
v 0.356567 -0.042519 -0.158875
v 0.356842 -0.041702 -0.165054
v 0.356842 -0.068138 -0.167374
v 0.357666 -0.080208 -0.066849
v 0.358002 -0.054565 -0.105492
v 0.358307 -0.086205 -0.082718
v 0.358917 -0.037369 -0.283447
v 0.358978 -0.073380 -0.143738
v 0.359955 -0.060345 -0.204102
v 0.360992 -0.086700 -0.076477
v 0.361816 -0.047058 -0.141159
v 0.361938 -0.050983 -0.248322
v 0.363312 -0.086189 -0.072784
v 0.363403 -0.021318 -0.260101
v 0.363647 -0.041180 -0.280609
v 0.363678 -0.035217 -0.283783
v 0.364136 -0.075752 -0.065071
v 0.365234 -0.050995 -0.123276
v 0.365570 -0.031841 -0.211380
v 0.365631 -0.039387 -0.282104
v 0.365875 -0.040348 -0.172653
v 0.366302 -0.082100 -0.104256
v 0.366547 -0.049179 -0.256805
v 0.366699 -0.023922 -0.281555
v 0.366821 -0.054943 -0.230515
v 0.367279 -0.031849 -0.283691
v 0.367615 -0.028456 -0.283234
v 0.367615 -0.063934 -0.070648
v 0.368164 -0.025873 -0.239166
v 0.368256 -0.041733 -0.166321
v 0.370026 -0.057907 -0.216461
v 0.370056 -0.078812 -0.119698
v 0.370575 -0.083206 -0.067810
v 0.371002 -0.043560 -0.276855
v 0.372284 -0.066208 -0.178558
v 0.372375 -0.019962 -0.271790
v 0.373383 -0.068993 -0.165497
v 0.373993 -0.022303 -0.279327
v 0.374023 -0.020140 -0.274414
v 0.374298 -0.085899 -0.086662
v 0.374664 -0.037338 -0.282623
v 0.374664 -0.044861 -0.273926
v 0.375397 -0.020800 -0.265228
v 0.375763 -0.062698 -0.074295
v 0.375824 -0.020908 -0.276764
v 0.375824 -0.052574 -0.117218
v 0.376129 -0.048424 -0.137146
v 0.378387 -0.070305 -0.064751
v 0.378540 -0.023540 -0.251495
v 0.378784 -0.085640 -0.069633
v 0.380585 -0.058399 -0.091652
v 0.381012 -0.073616 -0.064087
v 0.381439 -0.022139 -0.259003
v 0.381836 -0.042877 -0.278107
v 0.381836 -0.052380 -0.244415
v 0.382568 -0.048553 -0.261322
v 0.382843 -0.035183 -0.198853
v 0.384491 -0.036003 -0.282349
v 0.384674 -0.077209 -0.064270
v 0.384949 -0.038277 -0.185089
v 0.385925 -0.066017 -0.067490
v 0.386353 -0.068253 -0.065491
v 0.386871 -0.080956 -0.065392
v 0.387482 -0.022322 -0.277618
v 0.389313 -0.027779 -0.233810
v 0.389496 -0.041363 -0.279785
v 0.390289 -0.046494 -0.269897
v 0.390442 -0.084625 -0.094322
v 0.390747 -0.054924 -0.108551
v 0.390869 -0.039597 -0.280884
v 0.391724 -0.030321 -0.281738
v 0.393311 -0.024487 -0.279114
v 0.394012 -0.021030 -0.273285
v 0.394440 -0.065102 -0.069061
v 0.394470 -0.021795 -0.275757
v 0.394684 -0.038383 -0.281189
v 0.394745 -0.026417 -0.280212
v 0.394958 -0.040733 -0.175278
v 0.397827 -0.031673 -0.216995
v 0.397919 -0.087479 -0.071960
v 0.398071 -0.037045 -0.281342
v 0.398499 -0.050529 -0.255096
v 0.399506 -0.021236 -0.269073
v 0.400513 -0.044815 -0.274963
v 0.400604 -0.087402 -0.080620
v 0.400665 -0.022015 -0.263519
v 0.401276 -0.060791 -0.207458
v 0.401276 -0.083969 -0.066414
v 0.401794 -0.063316 -0.195312
v 0.401886 -0.086639 -0.069344
v 0.402466 -0.059238 -0.090523
v 0.403687 -0.023056 -0.258087
v 0.403717 -0.041477 -0.279297
v 0.404266 -0.043568 -0.163452
v 0.404724 -0.081703 -0.109627
v 0.404999 -0.055290 -0.234131
v 0.405121 -0.048935 -0.139420
v 0.405182 -0.033600 -0.281128
v 0.405640 -0.064362 -0.071373
v 0.405701 -0.025343 -0.247482
v 0.406433 -0.021515 -0.270355
v 0.406830 -0.051067 -0.129623
v 0.407288 -0.065361 -0.186447
v 0.408691 -0.062149 -0.078957
v 0.409027 -0.076027 -0.136902
v 0.409302 -0.063225 -0.075066
v 0.411682 -0.043789 -0.276703
v 0.411865 -0.079681 -0.063591
v 0.411987 -0.074173 -0.062859
v 0.412079 -0.088112 -0.074013
v 0.412231 -0.067032 -0.066460
v 0.412750 -0.069908 -0.064003
v 0.413452 -0.029335 -0.279816
v 0.413605 -0.076340 -0.062843
v 0.414276 -0.037624 -0.192535
v 0.414459 -0.086189 -0.067726
v 0.414978 -0.068192 -0.173325
v 0.415466 -0.087685 -0.070488
v 0.415619 -0.039825 -0.279724
v 0.415802 -0.022572 -0.273346
v 0.416931 -0.071960 -0.063095
v 0.417999 -0.024332 -0.276123
v 0.419342 -0.046593 -0.271637
v 0.421600 -0.031487 -0.221725
v 0.422272 -0.041218 -0.176971
v 0.422302 -0.037376 -0.279938
v 0.422729 -0.073448 -0.149811
v 0.423370 -0.034721 -0.207031
v 0.423859 -0.049545 -0.139084
v 0.424347 -0.086266 -0.089226
v 0.424774 -0.057102 -0.103508
v 0.424866 -0.057846 -0.224396
v 0.425293 -0.064941 -0.071144
v 0.425293 -0.078644 -0.125610
v 0.425415 -0.083389 -0.064514
v 0.426331 -0.066040 -0.068512
v 0.426514 -0.041813 -0.278259
v 0.426575 -0.087982 -0.079727
v 0.426971 -0.026995 -0.277466
v 0.427185 -0.083496 -0.102272
v 0.427216 -0.022797 -0.266724
v 0.427612 -0.068054 -0.065437
v 0.428040 -0.049900 -0.261688
v 0.428070 -0.025856 -0.249313
v 0.428375 -0.028822 -0.235443
v 0.428619 -0.023554 -0.273193
v 0.428894 -0.023846 -0.259918
v 0.428925 -0.088409 -0.076294
v 0.429474 -0.088318 -0.071487
v 0.429688 -0.048370 -0.267212
v 0.430359 -0.024776 -0.275055
v 0.430481 -0.022867 -0.270111
v 0.431396 -0.051842 -0.254059
v 0.431946 -0.079475 -0.062538
v 0.432617 -0.045883 -0.273682
v 0.433563 -0.060722 -0.212051
v 0.433746 -0.060242 -0.090523
v 0.434296 -0.062729 -0.080025
v 0.435059 -0.085899 -0.066170
v 0.435425 -0.075508 -0.061890
v 0.435516 -0.070190 -0.063469
v 0.435608 -0.076340 -0.137558
v 0.435822 -0.034458 -0.279022
v 0.435822 -0.087593 -0.068642
v 0.436005 -0.055157 -0.114082
v 0.437042 -0.071251 -0.161819
v 0.437927 -0.044212 -0.275879
v 0.438263 -0.040607 -0.278259
v 0.440216 -0.030701 -0.277924
v 0.440643 -0.038910 -0.278564
v 0.441101 -0.026854 -0.275818
v 0.441589 -0.088646 -0.073967
v 0.441895 -0.043911 -0.167007
v 0.442169 -0.062935 -0.201981
v 0.442322 -0.040638 -0.182632
v 0.442596 -0.065498 -0.189865
v 0.443237 -0.083405 -0.063843
v 0.443604 -0.046642 -0.154617
v 0.443604 -0.081718 -0.112015
v 0.443665 -0.047440 -0.270569
v 0.444092 -0.073586 -0.150925
v 0.444122 -0.042412 -0.277069
v 0.444611 -0.036613 -0.201736
v 0.445282 -0.088295 -0.070312
v 0.445587 -0.030912 -0.228531
v 0.445953 -0.050255 -0.262024
v 0.446320 -0.024412 -0.260468
v 0.446472 -0.072922 -0.062088
v 0.447510 -0.068100 -0.177353
v 0.447968 -0.026566 -0.249008
v 0.448334 -0.057926 -0.102623
v 0.448792 -0.025227 -0.272827
v 0.449127 -0.087128 -0.086273
v 0.449158 -0.057629 -0.227951
v 0.449585 -0.054684 -0.243103
v 0.450104 -0.087074 -0.067352
v 0.450378 -0.078354 -0.061775
v 0.450500 -0.068649 -0.064949
v 0.451141 -0.083496 -0.103035
v 0.451965 -0.051929 -0.131088
v 0.452454 -0.046219 -0.272919
v 0.452454 -0.070114 -0.063522
v 0.452667 -0.034367 -0.277405
v 0.452972 -0.088577 -0.072144
v 0.453247 -0.035786 -0.207092
v 0.453278 -0.024462 -0.270508
v 0.453613 -0.028929 -0.275574
v 0.453613 -0.088547 -0.076576
v 0.453979 -0.039913 -0.277222
v 0.454041 -0.037258 -0.277527
v 0.454529 -0.024218 -0.264557
v 0.454681 -0.045063 -0.163651
v 0.454834 -0.085075 -0.065018
v 0.455536 -0.078194 -0.128860
v 0.455750 -0.066383 -0.069611
v 0.455841 -0.041443 -0.181046
v 0.456177 -0.055790 -0.114159
v 0.456696 -0.076538 -0.061459
v 0.456757 -0.067680 -0.066711
v 0.456909 -0.065178 -0.073288
v 0.457001 -0.048660 -0.267456
v 0.457275 -0.031685 -0.276215
v 0.457764 -0.087936 -0.081566
v 0.457855 -0.051273 -0.258667
v 0.457977 -0.044159 -0.274811
v 0.458069 -0.075981 -0.139832
v 0.458221 -0.088097 -0.070045
v 0.458374 -0.072586 -0.062130
v 0.458740 -0.062889 -0.082298
v 0.459625 -0.041470 -0.276184
v 0.459808 -0.024395 -0.266876
v 0.459900 -0.080978 -0.062569
v 0.460114 -0.086624 -0.067024
v 0.460815 -0.081337 -0.113472
v 0.461700 -0.027483 -0.273193
v 0.461761 -0.083336 -0.063858
v 0.462067 -0.060329 -0.215988
v 0.462463 -0.088539 -0.074638
v 0.462585 -0.071159 -0.163773
v 0.462646 -0.086617 -0.087997
v 0.463043 -0.049084 -0.146530
v 0.463257 -0.067101 -0.182983
v 0.463318 -0.026360 -0.253052
v 0.463989 -0.088081 -0.070786
v 0.465118 -0.046467 -0.159103
v 0.465149 -0.083603 -0.101288
v 0.465240 -0.054699 -0.243454
v 0.465302 -0.073547 -0.151291
v 0.465393 -0.029299 -0.239319
v 0.465485 -0.031673 -0.228500
v 0.465668 -0.033981 -0.275421
v 0.466278 -0.036327 -0.207336
v 0.466278 -0.070946 -0.063118
v 0.466492 -0.069130 -0.064842
v 0.467224 -0.088043 -0.079491
v 0.467468 -0.044781 -0.273132
v 0.467651 -0.046299 -0.271362
v 0.468018 -0.050190 -0.262360
v 0.468201 -0.030748 -0.273865
v 0.468567 -0.038208 -0.275360
v 0.468689 -0.026844 -0.271057
v 0.468781 -0.074173 -0.061977
v 0.468964 -0.042091 -0.274628
v 0.469116 -0.085800 -0.066879
v 0.469177 -0.080727 -0.062943
v 0.469208 -0.025640 -0.268738
v 0.469208 -0.026272 -0.255188
v 0.469360 -0.077309 -0.061970
v 0.469666 -0.087471 -0.070297
v 0.469910 -0.051548 -0.257141
v 0.469940 -0.083443 -0.064629
v 0.470520 -0.052284 -0.133011
v 0.470795 -0.087257 -0.083588
v 0.470825 -0.078957 -0.123337
v 0.471161 -0.058681 -0.223572
v 0.471252 -0.056545 -0.113747
v 0.471344 -0.076385 -0.136459
v 0.471375 -0.062767 -0.203018
v 0.471405 -0.041538 -0.184006
v 0.471405 -0.083656 -0.099609
v 0.471710 -0.048325 -0.266968
v 0.471741 -0.029005 -0.271942
v 0.472351 -0.088005 -0.076881
v 0.472382 -0.066391 -0.185471
v 0.472412 -0.037628 -0.203003
v 0.472412 -0.050022 -0.144562
v 0.472412 -0.065651 -0.073898
v 0.472504 -0.034554 -0.217422
v 0.472534 -0.046673 -0.160065
v 0.472534 -0.055843 -0.237183
v 0.472565 -0.067642 -0.068146
v 0.472656 -0.025591 -0.264526
v 0.473114 -0.071289 -0.161728
v 0.473267 -0.025911 -0.259552
v 0.473419 -0.062721 -0.085754
v 0.473450 -0.087906 -0.075027
v 0.473541 -0.070023 -0.064568
v 0.473572 -0.079178 -0.063034
v 0.473663 -0.047104 -0.268616
v 0.473694 -0.030500 -0.236221
v 0.474243 -0.084450 -0.066574
v 0.474243 -0.087318 -0.072044
v 0.474487 -0.072090 -0.063316
v 0.474670 -0.045197 -0.270874
v 0.474701 -0.037441 -0.273590
v 0.474884 -0.031084 -0.272064
v 0.475037 -0.043015 -0.272491
v 0.475220 -0.075111 -0.062790
v 0.475220 -0.081528 -0.064529
v 0.475433 -0.033241 -0.272705
v 0.475433 -0.085747 -0.068764
v 0.475464 -0.086838 -0.083496
v 0.475830 -0.026651 -0.267059
v 0.475922 -0.028503 -0.269867
v 0.476135 -0.041531 -0.272705
v 0.476196 -0.083595 -0.097816
v 0.476624 -0.076378 -0.134247
v 0.476654 -0.086304 -0.071205
v 0.477264 -0.056919 -0.114243
v 0.477386 -0.048824 -0.152054
v 0.477386 -0.055855 -0.235504
v 0.477417 -0.042660 -0.181152
v 0.477478 -0.036160 -0.212112
v 0.477600 -0.071182 -0.160461
v 0.477631 -0.066261 -0.184189
v 0.477722 -0.067833 -0.069275
v 0.477753 -0.078629 -0.064240
v 0.478119 -0.037975 -0.271698
v 0.478210 -0.078461 -0.122215
v 0.478302 -0.069397 -0.066940
v 0.478333 -0.057838 -0.224930
v 0.478363 -0.060757 -0.210831
v 0.478424 -0.051426 -0.255249
v 0.478455 -0.086052 -0.084808
v 0.478516 -0.044060 -0.269501
v 0.478699 -0.049740 -0.261230
v 0.478912 -0.082268 -0.067238
v 0.479004 -0.071831 -0.065376
v 0.479034 -0.032154 -0.269836
v 0.479034 -0.046688 -0.266449
v 0.479095 -0.074715 -0.064575
v 0.479156 -0.086754 -0.078522
v 0.479584 -0.027672 -0.253174
v 0.479706 -0.081490 -0.105713
v 0.479767 -0.062714 -0.088921
v 0.479858 -0.028660 -0.266113
v 0.479919 -0.066216 -0.074448
v 0.480072 -0.083199 -0.069557
v 0.480438 -0.073540 -0.145660
v 0.480591 -0.085304 -0.074219
v 0.480774 -0.041962 -0.268433
v 0.480804 -0.067032 -0.178238
v 0.480835 -0.051994 -0.139175
v 0.480835 -0.079330 -0.067398
v 0.480865 -0.037086 -0.268768
v 0.480957 -0.071381 -0.156708
v 0.481201 -0.027317 -0.260162
v 0.481232 -0.046375 -0.165848
v 0.481262 -0.030813 -0.239059
v 0.481476 -0.063316 -0.195145
v 0.481720 -0.055302 -0.234573
v 0.482025 -0.032864 -0.266418
v 0.482056 -0.076317 -0.129120
v 0.482147 -0.038425 -0.205002
v 0.482147 -0.083038 -0.094276
v 0.482269 -0.057243 -0.116074
v 0.482361 -0.060390 -0.208679
v 0.482544 -0.074005 -0.068214
v 0.482574 -0.034225 -0.224731
v 0.482697 -0.069557 -0.070137
v 0.482727 -0.050663 -0.254547
v 0.482758 -0.060482 -0.102196
v 0.482758 -0.065773 -0.078682
v 0.482849 -0.084488 -0.085190
v 0.483032 -0.048618 -0.260284
v 0.483093 -0.084808 -0.079964
v 0.483276 -0.051777 -0.142624
v 0.483307 -0.080353 -0.105080
v 0.483368 -0.076172 -0.127335
v 0.483429 -0.067726 -0.073296
v 0.483582 -0.045574 -0.172241
v 0.483643 -0.056793 -0.224258
v 0.484039 -0.030699 -0.243225
v 0.484070 -0.070526 -0.156021
v 0.484100 -0.063416 -0.091080
v 0.484192 -0.046383 -0.262085
v 0.484436 -0.077393 -0.118019
v 0.484497 -0.063057 -0.191177
v 0.484589 -0.081497 -0.095413
v 0.484619 -0.059120 -0.210434
v 0.484711 -0.082436 -0.077301
v 0.485016 -0.066437 -0.174255
v 0.485199 -0.055634 -0.127869
v 0.485229 -0.072235 -0.143433
v 0.485382 -0.078743 -0.074722
v 0.485474 -0.030485 -0.259521
v 0.485504 -0.051258 -0.246262
v 0.485535 -0.029505 -0.254791
v 0.485535 -0.066902 -0.079903
v 0.485596 -0.042561 -0.190582
v 0.485657 -0.041054 -0.262512
v 0.485687 -0.048187 -0.257050
v 0.485687 -0.082588 -0.084465
v 0.485718 -0.070419 -0.073746
v 0.485809 -0.061996 -0.101746
v 0.485809 -0.063126 -0.186890
v 0.485870 -0.048294 -0.163269
v 0.485962 -0.058537 -0.116837
v 0.485992 -0.058372 -0.209625
v 0.485992 -0.078873 -0.103035
v 0.486023 -0.035362 -0.225464
v 0.486053 -0.077225 -0.112701
v 0.486115 -0.054153 -0.229828
v 0.486328 -0.039619 -0.206848
v 0.486389 -0.052166 -0.146149
v 0.486420 -0.073410 -0.074478
v 0.486572 -0.073982 -0.128265
v 0.486664 -0.068626 -0.157135
v 0.486694 -0.080086 -0.091324
v 0.486816 -0.080421 -0.080025
v 0.486908 -0.068939 -0.078262
v 0.486938 -0.065994 -0.089142
v 0.487000 -0.031425 -0.248856
v 0.487183 -0.044018 -0.259705
v 0.487183 -0.071198 -0.141296
v 0.487213 -0.034130 -0.259338
v 0.487274 -0.063858 -0.177856
v 0.487366 -0.059124 -0.199921
v 0.487366 -0.061859 -0.108246
v 0.487396 -0.046837 -0.255096
v 0.487488 -0.036732 -0.259705
v 0.487579 -0.075455 -0.111824
v 0.487610 -0.075447 -0.077637
v 0.487793 -0.050064 -0.161270
v 0.487793 -0.055119 -0.216705
v 0.487793 -0.055199 -0.137466
v 0.487823 -0.045429 -0.184402
v 0.487854 -0.070900 -0.078644
v 0.487885 -0.048485 -0.246353
v 0.487946 -0.078064 -0.084076
v 0.487976 -0.032906 -0.255890
v 0.488007 -0.038895 -0.217819
v 0.488007 -0.051937 -0.229202
v 0.488098 -0.066261 -0.096413
v 0.488159 -0.065765 -0.164108
v 0.488251 -0.075462 -0.100349
v 0.488342 -0.058323 -0.127502
v 0.488373 -0.035961 -0.234283
v 0.488403 -0.074661 -0.080902
v 0.488586 -0.069740 -0.138504
v 0.488617 -0.062412 -0.114349
v 0.488708 -0.042797 -0.204666
v 0.488708 -0.059483 -0.189209
v 0.488770 -0.034157 -0.251129
v 0.488770 -0.048965 -0.173111
v 0.488770 -0.068542 -0.098885
v 0.488831 -0.071556 -0.120956
v 0.488861 -0.046894 -0.184357
v 0.488892 -0.043697 -0.253174
v 0.488983 -0.038174 -0.255524
v 0.489014 -0.071281 -0.105171
v 0.489044 -0.056465 -0.139359
v 0.489166 -0.050671 -0.222946
v 0.489319 -0.051979 -0.162094
v 0.489319 -0.062397 -0.170547
v 0.489380 -0.038784 -0.236832
v 0.489410 -0.042660 -0.216125
v 0.489410 -0.063492 -0.119476
v 0.489441 -0.041737 -0.249359
v 0.489502 -0.038792 -0.247604
v 0.489532 -0.047367 -0.191467
v 0.489532 -0.054440 -0.202118
v 0.489532 -0.067520 -0.115860
v 0.489655 -0.068054 -0.127319
v 0.489746 -0.047306 -0.223160
v 0.489777 -0.064148 -0.156403
v 0.489807 -0.060883 -0.131577
v 0.489838 -0.045769 -0.214523
v 0.489838 -0.065918 -0.142502
v 0.489929 -0.056862 -0.147263
v 0.490021 -0.057732 -0.179764
v 0.490051 -0.053387 -0.167282
v 0.490112 -0.051605 -0.185150
v 0.490143 -0.052422 -0.191971
v 0.490326 -0.062099 -0.141327
v 0.490479 -0.060822 -0.156097
v 0.490540 -0.057579 -0.161575
s 1
f 11614 11641 11619
f 11619 11641 11620
f 11620 11641 11667
f 11641 11614 11644
f 11667 11641 11682
f 11667 11682 11702
f 11641 11644 11681
f 11641 11681 11682
f 11644 11614 11635
f 11644 11635 11681
f 11635 11614 11613
f 11681 11635 11678
f 11635 11613 11657
f 11635 11657 11678
f 11682 11681 11701
f 11682 11701 11702
f 11681 11678 11696
f 11681 11696 11701
f 11696 11678 11657
f 11702 11701 11734
f 11702 11734 11742
f 11701 11696 11726
f 11701 11726 11734
f 11696 11657 11699
f 11696 11699 11726
f 11699 11657 11673
f 11673 11657 11611
f 11699 11673 11729
f 11699 11729 11726
f 11729 11673 11703
f 11756 11734 11726
f 11756 11726 11729
f 11750 11742 11734
f 11750 11734 11756
f 11742 11750 11771
f 11771 11750 11786
f 11786 11750 11815
f 11815 11750 11756
f 11815 11756 11769
f 11769 11756 11760
f 11760 11756 11729
f 11769 11760 11866
f 11866 11760 11773
f 11760 11729 11738
f 11760 11738 11773
f 11738 11729 11703
f 11773 11738 11829
f 11738 11703 11717
f 11738 11717 11829
f 11717 11703 11630
f 11829 11717 11849
f 11717 11630 11666
f 11849 11717 11825
f 11717 11666 11671
f 11717 11671 11825
f 11671 11666 11593
f 11825 11671 11747
f 11825 11747 11812
s 0
f 11747 11671 11679
s 1
f 11747 11679 11812
s 0
f 11679 11671 11596
s 1
f 11812 11679 11813
f 12560 12554 12510
f 12560 12510 12524
f 12510 12554 12520
f 12520 12554 12545
f 12510 12520 12480
f 12480 12520 12453
f 12510 12480 12452
f 12452 12480 12413
f 12510 12452 12489
f 12510 12489 12524
f 12489 12452 12446
f 12453 12520 12494
f 12494 12520 12545
f 12453 12494 12434
f 12494 12545 12546
f 12494 12546 12490
f 12494 12490 12434
f 12490 12546 12511
f 12490 12511 12434
f 12434 12511 12428
f 12428 12511 12507
f 12507 12511 12583
f 12428 12507 12425
f 12425 12507 12512
f 12512 12507 12579
f 12469 12489 12446
f 12469 12446 12427
f 12489 12469 12524
f 12469 12427 12451
f 12524 12469 12528
f 12524 12528 12557
f 12469 12451 12505
f 12469 12505 12528
f 12505 12451 12488
f 12488 12451 12456
f 12505 12488 12525
f 12505 12525 12528
f 12528 12525 12563
f 12560 12600 12554
f 12554 12600 12595
f 12554 12595 12545
f 12600 12560 12590
f 12590 12560 12557
f 12557 12560 12524
f 12600 12590 12619
f 12590 12557 12601
f 12590 12601 12619
f 12601 12557 12563
f 12563 12557 12528
f 12619 12601 12629
f 12601 12563 12593
f 12601 12593 12629
f 12593 12563 12556
f 12556 12563 12525
f 12629 12593 12603
f 12603 12593 12556
f 12556 12525 12561
f 12556 12561 12603
f 12561 12525 12536
f 12561 12536 12588
f 12588 12536 12530
f 12561 12588 12594
f 12561 12594 12603
f 12588 12530 12575
f 12575 12530 12547
f 12594 12588 12634
f 12634 12588 12575
f 12603 12594 12610
f 12610 12594 12634
f 12603 12610 12642
f 12642 12610 12634
f 12603 12642 12640
f 12603 12640 12629
f 12565 12575 12547
f 12565 12547 12515
f 12565 12515 12532
f 12575 12565 12604
f 12575 12604 12634
f 12565 12532 12572
f 12565 12572 12604
f 12572 12532 12538
f 12538 12532 12491
f 12538 12491 12526
f 12604 12572 12608
f 12604 12608 12626
f 12604 12626 12634
f 12626 12608 12636
f 12626 12636 12657
f 12634 12626 12666
f 12666 12626 12657
f 12634 12666 12668
f 12634 12668 12642
f 12666 12657 12681
f 12681 12657 12670
f 12668 12666 12695
f 12695 12666 12681
f 12695 12681 12711
f 12711 12681 12702
f 12695 12711 12732
f 12732 12711 12738
f 12668 12695 12712
f 12712 12695 12732
f 12732 12738 12741
f 12732 12741 12712
f 12741 12738 12753
f 12741 12753 12748
f 12683 12642 12668
f 12683 12668 12712
f 12642 12683 12640
f 12683 12712 12687
f 12683 12687 12640
f 12725 12712 12741
f 12712 12725 12687
f 12730 12741 12748
f 12741 12730 12725
f 12730 12748 12736
f 12687 12725 12708
f 12708 12725 12730
f 12730 12736 12714
f 12687 12708 12660
f 12708 12730 12696
f 12708 12696 12660
f 12730 12714 12713
f 12730 12713 12696
f 12646 12640 12687
f 12646 12687 12660
f 12640 12646 12629
f 12629 12646 12619
f 12619 12646 12633
f 12633 12646 12660
f 12619 12633 12600
f 12600 12633 12595
f 12633 12660 12630
f 12633 12630 12595
f 12630 12660 12662
f 12662 12660 12696
f 12595 12630 12622
f 12622 12630 12662
f 12662 12696 12672
f 12662 12672 12622
f 12672 12696 12713
f 12595 12622 12589
f 12595 12589 12545
f 12545 12589 12546
f 12589 12622 12618
f 12618 12622 12672
f 12546 12589 12583
f 12583 12589 12618
f 12546 12583 12511
f 12618 12672 12639
f 12618 12639 12583
f 12691 12672 12713
f 12691 12713 12714
f 12672 12691 12665
f 12672 12665 12639
f 12691 12714 12677
f 12691 12677 12665
f 12677 12714 12697
f 12665 12677 12637
f 12665 12637 12639
f 12637 12677 12664
f 12639 12637 12587
f 12587 12637 12611
f 12639 12587 12579
f 12639 12579 12583
f 12583 12579 12507
f 12579 12587 12521
f 12579 12521 12512
f 12446 12452 12406
f 12406 12452 12401
f 12401 12452 12413
f 12401 12413 12344
f 12401 12344 12406
f 12344 12413 12340
f 12406 12344 12351
f 12446 12406 12400
f 12400 12406 12351
f 12446 12400 12427
f 12400 12351 12355
f 12400 12355 12427
f 12480 12453 12413
f 12413 12453 12404
f 12413 12404 12340
f 12404 12453 12434
f 12340 12404 12354
f 12354 12404 12434
f 12354 12434 12403
f 12354 12403 12353
f 12403 12434 12428
f 12353 12403 12366
f 12366 12403 12428
f 12353 12366 12320
f 12366 12428 12391
f 12366 12391 12320
f 12320 12391 12336
f 12336 12391 12398
f 12336 12398 12396
f 12351 12344 12309
f 12309 12344 12267
f 12267 12344 12340
f 12351 12309 12296
f 12351 12296 12355
f 12355 12296 12325
f 12267 12340 12237
f 12237 12340 12354
f 12353 12254 12354
f 12354 12254 12237
f 12325 12296 12217
f 12325 12217 12342
f 12342 12217 12305
f 12305 12217 12187
f 12187 12217 12124
f 12124 12217 12176
f 12217 12296 12224
f 12217 12224 12176
f 12224 12296 12309
f 12176 12224 12133
f 12224 12309 12205
f 12205 12309 12267
f 12133 12224 12157
f 12157 12224 12205
f 12205 12267 12196
f 12205 12196 12157
f 12196 12267 12237
f 12133 12157 12126
f 12133 12126 12086
f 12086 12126 12081
f 12126 12157 12142
f 12142 12157 12196
f 12081 12126 12127
f 12127 12126 12142
f 12081 12127 12087
f 12142 12196 12177
f 12142 12177 12127
f 12177 12196 12237
f 12087 12127 12145
f 12145 12127 12177
f 12177 12237 12166
f 12177 12166 12145
f 12166 12237 12201
f 12201 12237 12254
f 12201 12254 12155
f 12201 12155 12166
f 12145 12166 12123
f 12145 12123 12087
f 12123 12166 12155
f 12087 12123 12097
f 12097 12123 12155
f 12087 12097 12067
f 12097 12155 12129
f 12097 12129 12091
f 12380 12427 12355
f 12380 12355 12325
f 12427 12380 12408
f 12380 12325 12342
f 12408 12380 12382
f 12382 12380 12342
f 12408 12382 12410
f 12382 12342 12372
f 12372 12342 12305
f 12451 12427 12408
f 12451 12408 12456
f 12456 12408 12410
f 12456 12410 12441
f 12441 12410 12372
f 12372 12410 12382
f 12441 12372 12402
f 12402 12372 12302
f 12441 12402 12464
f 12402 12302 12440
f 12402 12440 12464
f 12519 12525 12488
f 12525 12519 12536
f 12519 12488 12476
f 12476 12488 12456
f 12476 12456 12441
f 12519 12476 12496
f 12519 12496 12536
f 12496 12476 12441
f 12536 12496 12530
f 12496 12441 12464
f 12496 12464 12530
f 12530 12464 12500
f 12530 12500 12547
f 12500 12464 12440
f 12547 12500 12515
s 0
f 12500 12440 12430
f 12500 12430 12515
f 12515 12430 12485
f 12485 12430 12422
s 1
f 12515 12485 12532
f 12353 12320 12254
f 12254 12320 12265
f 12265 12320 12222
f 12254 12265 12174
f 12174 12265 12222
f 12254 12174 12155
f 12222 12320 12336
f 12396 12264 12336
f 12336 12264 12292
f 12336 12292 12222
f 12155 12174 12120
f 12155 12120 12129
f 12129 12120 12091
f 12091 12120 12084
f 12084 12120 12088
f 12222 12292 12152
f 12120 12174 12144
f 12144 12174 12222
f 12120 12144 12088
f 12144 12222 12152
f 12144 12152 12088
f 12088 12152 12106
f 12106 12152 12107
s 0
f 12107 12152 12159
s 1
f 12107 12159 12188
f 12133 12101 12176
f 12176 12101 12124
f 12124 12101 12047
f 12101 12133 12105
f 12105 12133 12086
f 12428 12425 12391
f 12391 12425 12398
f 12398 12425 12512
f 12398 12512 12450
f 12398 12450 12396
f 12396 12450 12449
f 12396 12449 12383
f 12396 12383 12343
f 12383 12449 12423
f 12343 12383 12361
f 12361 12383 12423
f 12361 12423 12457
f 12361 12457 12394
f 12361 12394 12338
f 12338 12394 12389
f 12338 12389 12310
f 12105 12086 12041
f 12105 12041 12028
f 12105 12028 12101
f 12101 12028 12047
f 12047 12028 11950
f 11950 12028 11959
f 11959 12028 11986
f 11986 12028 12041
f 11959 11986 11942
f 11986 12041 12020
f 12051 12041 12086
f 12041 12051 12020
f 12051 12086 12081
f 12020 12051 12049
f 12049 12051 12081
f 12049 12081 12087
f 12020 12049 12009
f 12049 12087 12067
f 12009 12049 12029
f 12029 12049 12067
f 12009 12029 11980
f 12009 11980 11946
f 11980 12029 12013
f 12029 12067 12052
f 12029 12052 12013
f 12052 12067 12097
f 12052 12097 12091
f 12013 12052 12024
f 12013 12024 11977
f 12052 12091 12057
f 12052 12057 12024
f 12057 12091 12084
f 12024 12057 12037
f 12037 12057 12084
f 12024 12037 11977
f 11977 12037 11990
f 11977 11990 11928
f 12037 12084 12061
f 12061 12084 12088
f 11990 12037 12007
f 12007 12037 12061
f 11990 12007 11886
f 11886 12007 11995
f 11995 12007 12035
f 12035 12007 12061
f 12035 12061 12088
f 12035 12088 12106
f 12035 12106 12107
f 12020 12009 11985
f 11985 12009 11946
f 11985 11946 11922
f 12020 11985 11972
f 11972 11985 11922
f 12020 11972 11986
f 11972 11922 11942
f 11972 11942 11986
f 12187 12124 12121
f 12121 12124 12076
f 12076 12124 12047
f 12121 12076 12075
f 12121 12075 12122
f 12121 12122 12187
f 12122 12075 12072
f 12122 12072 12158
f 12122 12158 12187
f 12187 12158 12302
f 11667 11684 11625
f 11625 11684 11631
f 11684 11667 11702
f 11631 11684 11697
f 11631 11697 11636
f 11697 11684 11704
f 11636 11697 11710
f 11704 11684 11730
f 11730 11684 11702
f 11697 11704 11746
f 11746 11704 11730
f 11697 11746 11710
f 11636 11710 11639
f 11730 11702 11735
f 11735 11702 11742
f 11735 11742 11771
f 11735 11771 11767
f 11735 11767 11730
f 11767 11771 11845
f 11730 11767 11772
f 11730 11772 11746
f 11772 11767 11833
f 11772 11833 11811
f 11772 11811 11746
f 11746 11811 11776
f 11746 11776 11710
f 11710 11776 11768
f 11768 11776 11836
f 11710 11768 11718
f 11710 11718 11639
f 11770 11768 11875
f 11768 11770 11718
f 11639 11718 11642
f 11718 11770 11715
f 11715 11770 11783
f 11642 11718 11676
f 11676 11718 11715
f 11642 11676 11646
f 11642 11646 11647
f 11715 11783 11745
f 11715 11745 11676
s 0
f 11745 11783 11810
s 1
f 11646 11676 11654
f 11654 11676 11745
f 11646 11654 11648
f 11654 11745 11653
f 11654 11653 11648
f 12013 11977 11980
f 11980 11977 11907
f 11959 11942 11885
f 11885 11942 11870
f 11870 11942 11922
f 11885 11870 11786
f 11885 11786 11815
f 11786 11870 11771
f 11885 11815 11871
f 11871 11815 11769
f 11871 11769 11866
f 11771 11870 11845
f 11870 11922 11895
f 11870 11895 11845
f 11895 11922 11946
f 11895 11946 11898
f 11898 11946 11907
f 11845 11895 11857
f 11857 11895 11898
f 11845 11857 11767
f 11767 11857 11833
f 11857 11898 11873
f 11857 11873 11833
f 11873 11898 11907
f 11833 11873 11811
f 11873 11907 11882
f 11873 11882 11811
f 11882 11907 11977
f 11882 11977 11928
f 11811 11882 11859
f 11811 11859 11776
f 11859 11882 11886
f 11776 11859 11836
f 11836 11859 11886
f 12372 12305 12302
f 12302 12305 12187
f 11980 11907 11946
f 12031 12047 11950
f 12047 12031 12076
f 12031 11950 11948
f 12076 12031 12075
f 12031 11948 12025
f 12031 12025 12075
f 12025 11948 11982
f 12075 12025 12072
f 12072 12025 11982
f 12072 11982 12010
f 12010 11982 11849
f 12072 12010 12131
f 11959 11885 11871
f 11959 11871 11866
f 11959 11866 11950
f 11950 11866 11948
f 11948 11866 11888
f 11888 11866 11773
f 11888 11773 11829
f 11888 11829 11849
f 11888 11849 11982
f 12440 12302 12377
f 12440 12377 12430
f 12430 12377 12422
f 12422 12377 12332
f 12422 12332 12360
f 11990 11886 11928
f 11928 11886 11882
f 12159 12152 12292
f 12159 12292 12264
f 12159 12264 12188
f 12188 12264 12280
f 12188 12280 12203
f 12203 12280 12297
f 12297 12280 12343
f 12343 12280 12264
f 12343 12264 12396
f 11948 11888 11982
f 12302 12298 12377
f 12377 12298 12332
f 12298 12302 12158
f 12332 12298 12163
f 12298 12158 12131
f 12298 12131 12163
f 12163 12131 12010
f 12521 12450 12512
f 12450 12521 12449
f 12449 12521 12483
f 12449 12483 12423
f 12423 12483 12457
f 12457 12483 12509
f 12158 12072 12131
f 11995 11875 11886
f 11886 11875 11836
f 11836 11875 11768
f 12085 12045 12035
s 0
f 12085 12035 12107
s 1
f 12045 12085 12043
f 12035 12045 12006
f 12035 12006 11995
f 11995 12006 11935
f 12006 12045 12001
f 12006 12001 11935
f 12001 12045 12043
s 0
f 11935 12001 11911
s 1
f 12066 12043 12085
s 0
f 11911 12001 11988
f 11911 11988 11933
f 12001 12043 12027
f 12001 12027 11988
s 1
f 12027 12043 12066
f 11988 12027 12022
f 12022 12027 12066
f 12022 12066 12062
f 12062 12066 12089
f 12062 12089 12153
f 12089 12066 12140
s 0
f 11995 11935 11875
s 1
f 12134 12107 12188
s 0
f 12107 12134 12085
s 1
f 12134 12188 12203
f 12085 12134 12066
f 12066 12134 12146
f 12146 12134 12203
f 12066 12146 12140
f 12140 12146 12209
f 12209 12146 12227
f 12227 12146 12203
f 12227 12203 12297
f 12332 12163 12202
f 12202 12163 12070
s 0
f 11876 11770 11875
f 11876 11875 11935
f 11770 11876 11783
f 11876 11935 11911
f 11876 11911 11783
f 11783 11911 11810
f 11810 11911 11877
f 11810 11877 11843
f 11877 11911 11933
s 1
f 11877 11933 11926
f 12010 11849 11910
f 12485 12422 12432
f 12432 12422 12360
f 12360 12332 12314
f 12314 12332 12202
f 12314 12202 12175
f 12314 12175 12324
f 12010 11910 11979
f 12010 11979 12070
f 12070 11979 12083
f 12010 12070 12163
f 12587 12483 12521
f 12483 12587 12568
f 11849 11825 11910
f 11910 11825 11812
f 11910 11812 11880
f 11880 11812 11813
f 11880 11813 11919
f 12721 12697 12714
f 12721 12714 12736
f 12664 12677 12697
f 12721 12736 12743
f 12664 12697 12700
f 12700 12697 12721
f 12743 12736 12748
f 12721 12743 12739
f 12721 12739 12700
f 12743 12748 12760
f 12739 12743 12769
f 12769 12743 12760
f 12760 12748 12765
f 12760 12765 12769
f 12765 12748 12753
f 12739 12769 12754
f 12728 12700 12739
f 12728 12739 12754
f 12658 12664 12700
f 12664 12658 12637
f 12700 12728 12685
f 12700 12685 12658
f 12637 12658 12611
f 12685 12728 12707
f 12707 12728 12754
f 12658 12685 12669
f 12669 12685 12707
f 12611 12658 12645
f 12645 12658 12669
f 12669 12707 12699
f 12669 12699 12673
f 12669 12673 12650
f 12669 12650 12645
f 12645 12650 12612
f 12645 12612 12611
f 12612 12650 12614
f 12612 12614 12581
f 12726 12699 12707
f 12726 12707 12754
f 12699 12726 12729
f 12729 12726 12747
f 12747 12726 12756
f 12756 12726 12754
f 12747 12756 12774
f 12756 12754 12772
f 12756 12772 12774
f 12772 12754 12769
f 12774 12772 12779
f 12774 12779 12775
f 12772 12769 12777
f 12772 12777 12779
f 12777 12769 12765
f 12779 12777 12778
f 12779 12778 12773
f 12777 12765 12766
f 12766 12765 12753
f 12778 12777 12771
f 12771 12777 12766
f 12773 12778 12768
f 12768 12778 12771
f 12773 12768 12757
f 12766 12753 12749
f 12749 12753 12738
f 12771 12766 12742
f 12771 12742 12768
f 12742 12766 12749
f 12757 12768 12737
f 12737 12768 12742
f 12757 12737 12745
f 12745 12737 12719
f 12749 12738 12724
f 12749 12724 12742
f 12724 12738 12702
f 12702 12738 12711
f 12742 12724 12709
f 12719 12737 12710
f 12717 12737 12742
f 12737 12717 12710
f 12717 12742 12709
f 12719 12710 12684
f 12710 12717 12686
f 12686 12717 12709
f 12684 12710 12676
f 12676 12710 12686
f 12684 12676 12644
f 12644 12676 12648
f 12644 12648 12616
f 12644 12616 12617
f 12648 12676 12641
f 12648 12641 12616
f 12676 12686 12655
f 12676 12655 12641
f 12655 12686 12671
f 12671 12686 12709
f 12641 12655 12621
f 12621 12655 12671
f 12616 12641 12609
f 12609 12641 12621
f 12585 12617 12616
f 12585 12616 12609
f 12617 12585 12576
f 12576 12585 12534
f 12534 12585 12531
f 12531 12585 12540
f 12531 12540 12518
f 12531 12518 12473
f 12540 12585 12569
f 12569 12585 12609
f 12540 12569 12518
f 12473 12518 12454
f 12569 12609 12566
f 12569 12566 12518
f 12566 12609 12621
f 12454 12518 12506
f 12506 12518 12566
f 12454 12506 12426
f 12426 12506 12471
f 12471 12506 12526
f 12526 12506 12566
f 12526 12566 12538
f 12538 12566 12572
f 12572 12566 12608
f 12608 12566 12621
f 12608 12621 12636
f 12636 12621 12671
f 12636 12671 12679
f 12679 12671 12709
f 12636 12679 12670
f 12636 12670 12657
f 12679 12709 12704
f 12679 12704 12670
f 12704 12709 12724
f 12704 12724 12702
f 12704 12702 12670
f 12670 12702 12681
f 12485 12432 12491
f 12485 12491 12532
f 12491 12432 12471
f 12491 12471 12526
f 12202 12070 12175
f 12175 12070 12083
f 12175 12083 12190
f 12190 12083 12135
f 12568 12587 12611
f 12568 12611 12564
f 12564 12611 12612
f 12509 12483 12568
s 0
f 12509 12568 12564
s 1
f 12564 12612 12578
f 12578 12612 12581
f 12509 12564 12492
f 12509 12492 12457
f 12457 12492 12421
f 12492 12564 12533
f 12533 12564 12578
f 12492 12533 12504
f 12504 12533 12537
f 12537 12533 12578
f 12537 12578 12581
f 12537 12581 12571
f 12314 12387 12360
f 12360 12387 12432
f 12387 12314 12426
f 12432 12387 12471
f 12471 12387 12426
f 12343 12361 12297
f 12297 12361 12338
f 12297 12338 12227
f 12227 12338 12310
f 12227 12310 12209
f 12209 12310 12192
f 12209 12192 12140
f 12389 12339 12310
f 12310 12339 12303
f 12310 12303 12192
f 12303 12339 12386
f 12140 12192 12153
f 12140 12153 12089
f 12192 12303 12210
f 12192 12210 12153
f 12210 12303 12268
f 12210 12268 12235
f 12153 12210 12171
f 12153 12171 12109
f 12109 12171 12162
f 12162 12171 12208
f 12208 12171 12214
f 12214 12171 12212
f 12212 12171 12215
f 12215 12171 12210
f 12215 12210 12223
f 12223 12210 12235
f 12215 12223 12218
f 12218 12223 12225
f 12223 12235 12233
f 12223 12233 12228
f 12233 12235 12238
f 12233 12238 12228
f 11979 11910 11880
f 12011 12083 11979
f 12083 12011 12135
f 12135 12011 12030
f 11880 12011 11979
f 12011 11880 12030
f 12030 11880 11919
f 12324 12175 12190
f 12426 12314 12324
f 12426 12324 12397
f 12457 12421 12394
f 12394 12421 12389
f 12389 12421 12386
f 12389 12386 12339
f 12370 12322 12386
f 12370 12386 12417
f 12417 12386 12465
f 12465 12386 12421
f 12465 12421 12470
f 12470 12421 12492
f 12470 12492 12504
f 12470 12504 12465
f 12465 12504 12508
f 12508 12504 12537
f 12324 12190 12261
f 12190 12135 12261
f 11966 11933 11988
f 11933 11966 11949
f 11966 11988 11991
f 11991 11988 12022
f 11949 11966 11964
f 11949 11964 11952
f 11952 11964 11962
f 11962 11964 11968
f 11968 11964 11966
f 11968 11966 11981
f 11981 11966 11991
f 11968 11981 11974
f 11968 11974 11954
f 11974 11981 11987
f 11987 11981 11991
f 11974 11987 11971
f 11971 11987 11978
f 11987 11991 11989
f 11983 11976 11989
f 11989 11991 11998
f 11989 11998 11983
f 11998 11991 12017
f 11983 11998 11984
f 11984 11998 12017
f 11983 11984 11975
f 11975 11984 11967
f 12017 11991 12022
f 11937 11960 11984
f 11937 11984 11994
f 11994 11984 12017
f 11937 11994 11936
f 11937 11936 11830
f 11936 11994 12039
f 12039 11994 12017
f 11936 12039 12021
f 12021 12039 12065
f 12065 12039 12114
f 12114 12039 12064
f 12064 12039 12017
f 12114 12064 12109
f 12064 12017 12053
f 12064 12053 12109
f 12053 12017 12022
f 12053 12022 12062
f 12053 12062 12109
f 12109 12062 12153
f 11949 11944 11933
f 11944 11949 11952
f 11944 11952 11939
f 11939 11952 11945
f 11944 11939 11923
f 11944 11923 11941
f 11944 11941 11933
f 11941 11923 11921
f 11933 11941 11932
f 11932 11941 11921
f 11932 11921 11912
f 11933 11932 11926
f 11926 11932 11912
f 11926 11912 11908
f 11926 11908 11924
f 11924 11908 11909
f 11926 11924 11920
f 11926 11920 11884
f 11924 11909 11925
f 11924 11925 11920
f 11925 11909 11901
f 11925 11901 11913
f 11925 11913 11931
f 11925 11931 11920
f 11931 11913 11938
f 11931 11938 11920
f 11920 11938 11884
f 11884 11938 11937
f 11653 11650 11648
f 11650 11653 11660
f 11650 11660 11661
f 11660 11653 11705
f 11660 11705 11661
f 11705 11653 11745
f 11661 11705 11706
s 0
f 11705 11745 11733
f 11705 11733 11706
f 11733 11745 11810
f 11733 11810 11843
f 11733 11843 11764
f 11733 11764 11706
f 11764 11843 11856
s 1
f 11856 11843 11884
f 11884 11843 11877
f 11884 11877 11926
f 11856 11884 11937
f 11856 11937 11830
s 0
f 11856 11830 11764
f 11764 11830 11752
f 11752 11830 11803
f 11764 11752 11706
f 11706 11752 11721
f 11721 11752 11759
s 1
f 11706 11721 11687
f 11706 11687 11672
f 11706 11672 11659
f 12261 12135 12161
f 12397 12324 12261
f 12397 12261 12300
f 12300 12261 12161
f 12300 12161 12167
f 12167 12161 12108
f 12300 12167 12329
f 12167 12108 12156
f 12329 12167 12295
f 12295 12167 12156
f 12329 12295 12327
f 12295 12156 12148
f 12295 12148 12327
s 0
f 11679 11596 11600
f 11679 11600 11813
f 11813 11600 11809
f 11813 11809 11919
f 11919 11809 11918
s 1
f 11918 11809 11917
s 0
f 11809 11600 11720
s 1
f 11809 11720 11917
f 11917 11720 11897
s 0
f 11602 11603 11720
s 1
f 11897 11720 11748
s 0
f 11748 11720 11603
s 1
f 11897 11748 11814
f 11897 11814 11914
f 11748 11603 11698
f 11748 11698 11814
f 11698 11603 11604
f 11914 11814 11804
f 11804 11814 11698
f 11698 11604 11601
f 11698 11601 11599
f 11698 11599 11700
f 11698 11700 11804
f 11914 11804 11906
f 11804 11700 11806
f 11906 11804 11903
f 11903 11804 11806
s 0
f 12135 12030 12161
s 1
f 12426 12397 12454
f 12454 12397 12419
f 12419 12397 12300
f 12454 12419 12473
f 12419 12300 12329
f 12473 12419 12458
f 12458 12419 12329
f 12473 12458 12531
f 12458 12329 12409
f 12409 12329 12327
f 12458 12409 12481
f 12458 12481 12531
f 12531 12481 12534
s 0
f 12030 11919 12033
f 12033 11919 11918
f 12030 12033 12108
f 12033 11918 12042
f 12033 12042 12108
s 1
f 12108 12042 12156
f 12042 11918 11917
f 12042 11917 12044
f 12042 12044 12148
f 12148 12044 12077
f 12044 11917 12012
f 12044 12012 12077
f 12012 11917 11897
f 12077 12012 12079
f 12077 12079 12137
f 12137 12079 12115
f 12115 12079 12036
f 12079 12012 11992
f 11992 12012 11897
f 12079 11992 12036
f 11992 11897 11914
f 11992 11914 11906
f 11992 11906 12036
f 12036 11906 12026
s 0
f 12161 12030 12108
s 1
f 12268 12253 12235
f 12235 12253 12256
f 12256 12253 12268
f 12235 12256 12244
f 12235 12244 12238
f 12238 12244 12241
f 12244 12256 12252
f 12244 12252 12247
f 12252 12256 12263
f 12263 12256 12272
f 12272 12256 12268
f 12263 12272 12275
f 12272 12268 12282
f 12272 12282 12275
f 12282 12268 12303
f 12275 12282 12281
f 12275 12281 12277
f 12281 12282 12284
f 12284 12282 12303
f 12281 12284 12286
f 12284 12303 12322
f 12322 12303 12386
f 12284 12322 12291
f 12291 12322 12294
f 12284 12291 12293
f 12284 12293 12290
f 12291 12294 12287
f 12291 12287 12293
f 12287 12294 12283
f 12293 12287 12289
f 12289 12287 12283
f 12214 12213 12221
f 12221 12213 12220
f 12221 12220 12226
f 12214 12221 12208
f 12221 12226 12229
f 12208 12221 12231
f 12231 12221 12229
f 12231 12229 12243
f 12208 12231 12255
f 12231 12243 12246
f 12246 12243 12245
f 12246 12245 12251
f 12231 12246 12249
f 12249 12246 12251
f 12231 12249 12255
f 12249 12251 12260
f 12249 12260 12262
f 12255 12249 12266
f 12266 12249 12262
f 12262 12260 12274
f 12262 12274 12266
f 12274 12260 12269
f 12274 12269 12279
f 12266 12274 12294
f 12266 12294 12255
f 12294 12274 12279
f 12294 12279 12283
f 12255 12294 12313
f 12313 12294 12322
f 12313 12322 12370
f 12156 12042 12148
f 12614 12571 12581
f 12537 12571 12508
f 12508 12571 12475
f 12416 12420 12475
f 12416 12475 12477
f 12477 12475 12497
f 12497 12475 12571
f 12477 12497 12542
f 12497 12571 12544
f 12497 12544 12542
f 12544 12571 12577
f 12577 12571 12614
s 0
f 12542 12544 12580
f 12580 12544 12577
f 12542 12580 12592
s 1
f 12580 12577 12615
f 12580 12615 12592
f 12615 12577 12614
f 12592 12615 12651
f 12615 12614 12656
f 12656 12614 12650
f 12651 12615 12661
f 12661 12615 12656
f 12651 12661 12675
f 12675 12661 12703
f 12703 12661 12656
f 12656 12650 12673
f 12656 12673 12692
f 12692 12673 12699
f 12692 12699 12729
f 12656 12692 12706
f 12706 12692 12729
f 12656 12706 12703
f 12706 12729 12744
f 12703 12706 12734
f 12734 12706 12744
f 12703 12734 12740
f 12703 12740 12715
f 12744 12729 12750
f 12750 12729 12747
f 12740 12734 12759
f 12759 12734 12744
f 12740 12759 12758
f 12744 12750 12763
f 12763 12750 12747
f 12744 12763 12759
f 12763 12747 12774
f 12763 12774 12775
f 12763 12775 12770
f 12763 12770 12759
f 12759 12770 12758
f 12758 12770 12762
f 12409 12327 12395
f 12409 12395 12481
f 12395 12327 12381
f 12481 12395 12468
f 12468 12395 12381
f 12481 12468 12534
f 12534 12468 12466
f 12466 12468 12381
f 12534 12466 12529
f 12466 12381 12448
f 12466 12448 12529
f 12448 12381 12379
f 12529 12448 12486
f 12448 12379 12424
f 12448 12424 12486
f 12773 12776 12779
f 12779 12776 12775
f 12775 12776 12770
f 12776 12773 12764
f 12770 12776 12767
f 12767 12776 12764
f 12770 12767 12762
f 12762 12767 12761
f 12745 12773 12757
f 12773 12745 12764
f 12767 12764 12755
f 12767 12755 12751
f 12751 12755 12731
f 12764 12745 12720
f 12720 12745 12719
f 12755 12764 12727
f 12727 12764 12720
f 12731 12755 12735
f 12735 12755 12727
f 12731 12735 12689
f 12735 12727 12705
f 12735 12705 12689
f 12727 12720 12701
f 12727 12701 12705
f 12698 12720 12719
f 12720 12698 12701
f 12698 12719 12684
f 12689 12705 12674
f 12674 12705 12701
f 12689 12674 12653
f 12701 12698 12680
f 12680 12698 12684
f 12701 12680 12682
f 12701 12682 12674
f 12680 12684 12652
f 12652 12684 12644
f 12682 12680 12659
f 12682 12659 12674
f 12659 12680 12652
f 12652 12644 12617
f 12652 12617 12570
f 12570 12617 12576
f 12570 12576 12534
f 12570 12534 12529
f 12659 12652 12624
f 12624 12652 12570
f 12659 12624 12674
f 12570 12529 12567
f 12570 12567 12624
f 12567 12529 12486
f 12567 12486 12487
f 12674 12624 12623
f 12623 12624 12567
f 12674 12623 12653
f 12653 12623 12613
f 12613 12623 12582
f 12582 12623 12567
f 12582 12567 12539
f 12255 12162 12208
f 12114 12109 12162
f 12162 12255 12276
f 12114 12162 12200
f 12200 12162 12276
f 12114 12200 12139
f 12276 12255 12352
f 12352 12255 12313
f 12352 12313 12370
f 12276 12352 12349
f 12276 12349 12311
f 12200 12276 12248
f 12248 12276 12311
f 12200 12248 12139
f 12248 12311 12321
f 12248 12321 12219
f 12139 12248 12173
f 12173 12248 12219
f 12139 12173 12136
f 12173 12219 12191
f 12173 12191 12136
f 12508 12467 12465
f 12465 12467 12417
f 12467 12508 12475
f 12467 12475 12417
f 12417 12475 12407
f 12417 12407 12370
f 12370 12407 12352
f 12407 12475 12420
f 12352 12407 12349
f 12349 12407 12420
f 12349 12420 12371
f 12327 12148 12232
f 12232 12148 12077
f 12327 12232 12381
f 12232 12077 12137
f 12381 12232 12301
f 12301 12232 12137
f 12381 12301 12379
f 12301 12137 12115
f 12379 12301 12323
f 12301 12115 12179
f 12301 12179 12323
f 12179 12115 12103
f 12323 12179 12317
f 12179 12103 12154
f 12317 12179 12304
f 12304 12179 12154
f 12304 12154 12172
f 12172 12154 12104
f 12172 12104 12182
s 0
f 11759 11725 11721
s 1
f 11721 11725 11687
s 0
f 11725 11759 11762
s 1
f 11687 11725 11695
f 11695 11725 11707
f 11707 11725 11762
f 11687 11695 11670
f 11687 11670 11663
f 11663 11670 11662
f 11662 11670 11658
f 11670 11695 11669
f 11670 11669 11658
f 11669 11695 11707
f 11658 11669 11652
f 11652 11669 11668
f 11668 11669 11707
f 11651 11649 11668
f 11651 11668 11694
f 11694 11668 11707
f 11694 11707 11740
f 11740 11707 11762
s 0
f 11740 11762 11763
f 11763 11762 11797
s 1
f 11780 11777 11763
f 11777 11780 11792
f 11792 11780 11790
f 11790 11780 11785
f 11790 11785 11795
f 11795 11785 11782
f 11782 11785 11780
f 11782 11780 11778
f 11778 11780 11763
f 11782 11778 11787
f 11778 11763 11789
f 11789 11763 11797
f 11787 11778 11791
f 11791 11778 11789
f 11787 11791 11794
f 11787 11794 11818
f 11794 11791 11824
f 11794 11824 11831
f 11791 11789 11798
f 11791 11798 11824
f 11798 11789 11799
f 11799 11789 11797
f 11824 11798 11805
f 11805 11798 11799
f 11824 11805 11840
f 11840 11805 11834
f 11805 11799 11817
f 11805 11817 11834
f 11799 11797 11822
f 11799 11822 11817
f 11834 11817 11832
f 11832 11817 11822
f 11834 11832 11850
f 11850 11832 11863
f 11863 11832 11852
f 11832 11822 11839
f 11832 11839 11852
f 11848 11822 11797
f 11822 11848 11839
f 11852 11839 11846
f 11852 11846 11867
f 11846 11839 11848
f 11846 11848 11853
f 11846 11853 11869
f 11853 11848 11889
s 0
f 11848 11797 11837
f 11848 11837 11889
f 11837 11797 11762
f 11889 11837 11861
f 11837 11762 11803
f 11837 11803 11861
f 11803 11762 11759
f 11803 11759 11752
f 11861 11803 11894
f 11861 11894 11889
f 11889 11894 11957
f 11894 11803 11830
s 1
f 11894 11830 11936
f 11687 11663 11664
f 11700 11713 11806
f 11903 11806 11940
f 11940 11806 11819
f 11819 11806 11713
s 0
f 11940 11819 11955
f 11955 11819 11902
f 11819 11713 11821
f 11819 11821 11902
s 1
f 11638 11713 11700
f 11638 11700 11599
s 0
f 11638 11599 11597
f 11713 11638 11751
f 11713 11751 11821
s 1
f 11751 11638 11633
f 11751 11633 11744
s 0
f 11821 11751 11828
f 11821 11828 11902
f 11828 11751 11744
f 11902 11828 11905
f 11828 11744 11800
f 11828 11800 11905
f 11800 11744 11741
f 11905 11800 11899
f 11800 11741 11784
f 11800 11784 11899
f 11899 11784 11879
s 1
f 11899 11879 11953
f 11879 11784 11868
f 11953 11879 11915
f 11915 11879 11868
f 11915 11868 11878
f 11915 11878 11961
f 11961 11878 11947
f 11947 11878 11883
f 11947 11883 11896
s 0
f 12114 12139 12065
s 1
f 12065 12139 12094
f 12065 12094 12058
f 12094 12139 12136
f 12058 12094 12060
f 12060 12094 12136
s 0
f 12058 12021 12065
f 12021 12058 12016
s 1
f 12021 12016 11936
f 11936 12016 11957
f 11936 11957 11894
s 0
f 11957 12016 11958
f 11957 11958 11889
s 1
f 12115 12036 12103
f 12371 12311 12349
f 12311 12371 12357
f 12311 12357 12321
f 12321 12357 12392
f 12321 12392 12341
f 12321 12341 12271
f 12341 12392 12384
f 12271 12341 12306
f 12341 12384 12345
f 12341 12345 12306
f 12345 12384 12378
s 0
f 12306 12345 12335
s 1
f 12306 12335 12257
f 11906 11903 12026
f 12026 11903 12019
s 0
f 12019 11903 11940
s 1
f 12026 12019 12074
s 0
f 12019 11940 11955
s 1
f 12074 12019 12050
f 12050 12019 11955
f 12050 11955 12018
s 0
f 12018 11955 11902
f 12018 11902 11905
f 12018 11905 12003
f 12003 11905 11899
s 1
f 12003 11899 11953
f 12003 11953 12034
f 12034 11953 11973
f 11973 11953 11915
f 12034 11973 12080
f 11973 11915 11961
s 0
f 12080 11973 12054
s 1
f 12054 11973 11961
f 12054 11961 12015
f 12015 11961 11947
f 12054 12015 12023
f 12023 12015 11947
f 12023 11947 11963
f 11963 11947 11896
f 12023 11963 12032
f 12032 11963 12002
f 12032 12002 12063
f 12103 12036 12026
f 12420 12416 12371
f 12371 12416 12437
f 12371 12437 12357
f 12437 12416 12477
f 12357 12437 12392
f 12437 12477 12482
f 12392 12437 12436
f 12436 12437 12482
f 12392 12436 12384
f 12436 12482 12479
f 12384 12436 12439
f 12439 12436 12479
f 12384 12439 12378
f 12378 12439 12433
f 12433 12439 12479
f 12433 12479 12503
f 12433 12503 12444
f 12444 12503 12523
f 12444 12523 12498
f 12379 12323 12424
f 12424 12323 12388
f 12424 12388 12445
f 12445 12388 12374
s 0
f 12445 12374 12435
s 1
f 12424 12445 12487
f 12424 12487 12486
f 12074 12103 12026
f 12103 12074 12154
f 12154 12074 12104
f 12104 12074 12050
f 12104 12050 12018
f 12388 12323 12317
f 12388 12317 12347
f 12347 12317 12304
f 12388 12347 12374
f 12374 12347 12304
f 12374 12304 12315
f 12374 12315 12348
f 12348 12315 12285
f 12374 12348 12435
f 12348 12285 12359
f 12348 12359 12435
f 12542 12482 12477
f 12482 12542 12541
f 12541 12542 12592
f 12482 12541 12535
f 12482 12535 12479
f 12535 12541 12559
f 12535 12559 12479
f 12559 12541 12592
f 12479 12559 12503
f 12559 12592 12635
f 12635 12592 12651
f 12503 12559 12586
f 12586 12559 12635
f 12635 12651 12675
f 12503 12586 12523
f 12635 12675 12690
f 12586 12635 12649
f 12649 12635 12690
f 12523 12586 12584
f 12584 12586 12649
f 12523 12584 12558
f 12523 12558 12498
f 12584 12649 12605
f 12584 12605 12558
f 12498 12558 12553
f 12498 12553 12484
f 12558 12605 12606
f 12558 12606 12553
f 12605 12649 12638
f 12605 12638 12606
f 12638 12649 12688
f 12688 12649 12690
f 12606 12638 12631
f 12527 12484 12553
f 12484 12527 12463
f 12463 12527 12499
f 12527 12553 12574
f 12574 12553 12606
f 12499 12527 12551
f 12551 12527 12574
f 12574 12606 12598
f 12574 12598 12551
f 12598 12606 12631
f 12551 12598 12602
f 12602 12598 12631
f 12499 12551 12514
f 12499 12514 12461
f 12461 12514 12495
f 12514 12551 12543
f 12514 12543 12495
f 12543 12551 12602
f 12495 12543 12502
f 12543 12602 12552
f 12543 12552 12502
f 12462 12502 12501
f 12501 12502 12552
f 12552 12602 12597
f 12501 12552 12522
f 12501 12522 12474
f 12474 12522 12517
f 12522 12552 12555
f 12522 12555 12517
f 12552 12597 12607
f 12552 12607 12555
f 12620 12597 12602
f 12597 12620 12607
f 12620 12602 12631
f 12607 12620 12643
f 12620 12631 12647
f 12620 12647 12643
f 12647 12631 12654
f 12654 12631 12638
f 12654 12638 12688
f 12647 12654 12723
f 12654 12688 12718
f 12654 12718 12723
f 12647 12723 12693
f 12647 12693 12643
f 12693 12723 12716
f 12693 12716 12643
f 12723 12718 12752
f 12723 12752 12716
f 12733 12718 12688
f 12718 12733 12752
f 12733 12688 12690
f 12733 12690 12715
f 12715 12690 12675
f 12715 12675 12703
f 12733 12715 12746
f 12733 12746 12752
f 12746 12715 12740
f 12746 12740 12758
f 12746 12758 12762
f 12746 12762 12752
f 12752 12762 12761
f 12752 12761 12751
f 12751 12761 12767
f 12752 12751 12716
f 12716 12751 12722
f 12722 12751 12731
f 12722 12731 12689
f 12716 12722 12694
f 12694 12722 12689
f 12716 12694 12678
f 12716 12678 12643
f 12694 12689 12663
f 12663 12689 12653
f 12678 12694 12667
f 12667 12694 12663
f 12643 12678 12627
f 12643 12627 12607
f 12678 12667 12632
f 12678 12632 12627
f 12667 12663 12628
f 12667 12628 12632
f 12625 12663 12653
f 12663 12625 12628
f 12625 12653 12613
f 12625 12613 12582
f 12625 12582 12562
f 12625 12562 12628
f 12562 12582 12539
f 12567 12487 12539
f 12539 12487 12516
f 12539 12516 12562
f 12516 12487 12445
f 12628 12562 12550
f 12550 12562 12516
f 12550 12516 12513
f 12513 12516 12478
f 12513 12478 12472
f 12513 12472 12493
f 12550 12513 12573
f 12550 12573 12628
f 12573 12513 12493
f 12628 12573 12591
f 12628 12591 12632
f 12573 12493 12549
f 12573 12549 12591
f 12632 12591 12596
f 12596 12591 12549
f 12632 12596 12627
f 12549 12493 12548
f 12549 12548 12596
f 12548 12493 12517
f 12517 12493 12459
f 12548 12517 12555
f 12596 12548 12599
f 12596 12599 12627
f 12599 12548 12555
f 12627 12599 12607
f 12607 12599 12555
s 0
f 12016 12014 11958
f 12014 12016 12058
s 1
f 12014 12058 12060
f 12014 12060 12040
f 11958 12014 11956
f 11956 12014 12040
f 11958 11956 11904
f 11956 12040 11997
f 11956 11997 11904
f 11997 12040 12068
f 11904 11997 11965
f 11965 11997 12068
f 11633 11594 11629
f 11629 11594 11592
f 12136 12099 12060
f 12099 12136 12191
f 12321 12271 12219
f 11904 11853 11889
f 11904 11889 11958
f 11853 11904 11855
f 11853 11855 11862
f 11862 11855 11854
f 11855 11904 11851
f 11855 11851 11854
f 11965 11916 11904
f 11851 11904 11842
f 11842 11904 11916
f 11842 11916 11860
f 11860 11916 11934
f 11860 11934 11900
f 11900 11934 11969
f 11844 11854 11851
f 11844 11851 11842
f 11854 11844 11847
f 11854 11847 11864
f 11844 11842 11820
f 11820 11842 11777
f 11847 11844 11838
f 11838 11844 11820
f 11847 11838 11841
f 11841 11838 11823
f 11823 11838 11820
f 11820 11777 11792
f 11823 11820 11801
f 11801 11820 11792
f 11823 11801 11807
f 11801 11792 11790
f 11801 11790 11807
f 12271 12191 12219
f 12191 12271 12239
f 12191 12239 12149
f 12239 12271 12306
f 12149 12239 12193
f 12193 12239 12306
f 12193 12306 12257
f 12193 12257 12189
f 12189 12257 12199
f 12199 12257 12258
f 12199 12258 12216
f 12258 12257 12335
f 12172 12182 12304
f 12149 12099 12191
f 11629 11592 11591
f 11629 11591 11680
f 11629 11680 11633
f 11633 11680 11744
f 11680 11591 11590
f 11744 11680 11741
f 11680 11590 11617
f 11617 11590 11589
f 11617 11589 11616
f 11680 11617 11686
f 11686 11617 11616
f 11741 11680 11723
f 11723 11680 11686
f 11741 11723 11784
f 11784 11723 11775
f 11686 11616 11622
f 11622 11616 11587
f 11622 11587 11586
f 11622 11586 11606
f 11622 11606 11656
f 11686 11622 11719
f 11686 11719 11723
f 11719 11622 11656
f 11816 11723 11774
f 11774 11723 11753
f 11753 11723 11719
f 11753 11719 11656
f 11753 11656 11743
f 11743 11656 11677
f 11753 11743 11827
f 12304 12182 12315
s 0
f 11740 11724 11694
f 11724 11740 11763
s 1
f 11777 11758 11763
s 0
f 11763 11758 11724
f 11724 11758 11732
s 1
f 11732 11758 11766
f 11694 11724 11683
f 11694 11683 11651
f 11724 11732 11709
f 11724 11709 11683
f 11651 11683 11643
f 11643 11683 11637
f 11637 11683 11632
f 11683 11709 11691
f 11683 11691 11632
f 11691 11709 11732
f 11632 11691 11626
f 11691 11732 11728
f 11728 11732 11766
f 11626 11691 11690
f 11690 11691 11728
f 11626 11690 11621
f 11621 11690 11634
f 11690 11728 11714
f 11728 11766 11765
f 11765 11766 11835
f 11714 11728 11754
f 11754 11728 11765
f 11754 11765 11796
f 11754 11796 11802
f 11714 11754 11731
f 11754 11802 11755
f 11754 11755 11731
f 11731 11755 11736
f 12111 12060 12099
f 12060 12111 12040
f 12111 12099 12149
f 12040 12111 12068
f 12111 12149 12116
f 12111 12116 12068
s 0
f 12068 12116 12071
s 1
f 12071 12116 12117
f 12117 12116 12189
f 12092 12104 12018
f 12104 12092 12182
s 0
f 12182 12092 12183
f 12183 12315 12182
f 12315 12183 12198
f 12198 12183 12160
f 12198 12160 12096
f 12198 12096 12164
f 12018 12003 12092
f 12092 12102 12183
s 1
f 12445 12478 12516
f 12478 12445 12435
f 12478 12435 12442
s 0
f 12442 12435 12359
s 1
f 12478 12442 12472
f 12442 12359 12415
f 12442 12415 12472
f 12472 12415 12447
f 12447 12415 12376
f 12472 12447 12493
f 12447 12376 12399
f 12493 12447 12459
f 12459 12447 12399
f 12459 12399 12429
f 12429 12399 12385
f 12459 12429 12474
f 12459 12474 12517
f 12315 12198 12285
f 12285 12198 12250
f 12250 12198 12164
f 12250 12164 12236
f 12250 12236 12326
f 12326 12236 12242
f 12236 12164 12186
f 12236 12186 12242
f 12186 12164 12119
f 12242 12186 12169
f 12169 12186 12119
s 0
f 12183 12102 12160
f 12092 12003 12102
s 1
f 12102 12003 12034
f 12102 12034 12096
f 12096 12034 12080
s 0
f 12102 12096 12160
s 1
f 12193 12116 12149
f 12116 12193 12189
f 12378 12335 12345
f 12335 12378 12375
f 12375 12378 12433
f 12335 12375 12328
f 12335 12328 12258
f 12393 12375 12433
f 12393 12433 12444
f 12393 12444 12412
f 12412 12444 12438
f 12438 12444 12498
f 12412 12438 12414
f 12438 12498 12484
f 12438 12484 12443
f 12438 12443 12414
f 12443 12484 12463
f 12414 12443 12431
f 12431 12443 12463
f 12414 12431 12369
f 12369 12431 12405
f 12431 12463 12461
f 12431 12461 12405
f 12461 12463 12499
f 12405 12461 12455
f 12405 12455 12390
f 12455 12461 12495
f 12455 12495 12502
f 12455 12502 12462
f 12390 12455 12418
f 12418 12455 12462
f 12418 12462 12460
f 12460 12462 12501
f 12460 12501 12474
f 12460 12474 12429
f 12418 12460 12411
f 12411 12460 12429
f 12418 12411 12373
f 12411 12429 12385
f 12393 12365 12375
f 12375 12365 12328
f 12365 12393 12412
f 12328 12365 12331
f 12328 12331 12278
f 12365 12412 12367
f 12278 12331 12337
f 12337 12331 12365
f 12337 12365 12367
f 12278 12337 12270
f 12367 12412 12414
f 12270 12337 12330
f 12337 12367 12356
f 12337 12356 12330
f 12356 12367 12414
f 12356 12414 12364
f 12356 12364 12330
f 12364 12414 12369
f 12330 12364 12316
f 12316 12364 12369
f 12330 12316 12259
f 12316 12369 12319
f 12316 12319 12288
f 12319 12369 12363
f 12363 12369 12405
f 12319 12363 12318
f 12363 12405 12390
f 12363 12390 12318
f 12189 12168 12117
f 12168 12189 12199
f 12168 12199 12216
f 12168 12216 12170
f 12170 12216 12207
f 12170 12207 12143
f 12143 12207 12178
f 12143 12178 12138
f 12138 12178 12181
s 0
f 12068 12071 11965
f 11965 12071 11970
s 1
f 11965 11970 11916
f 11970 12071 12008
f 11916 11970 11934
f 11934 11970 12008
f 11934 12008 11969
f 11969 12008 12038
f 11969 12038 12004
f 11969 12004 11951
f 11969 11951 11900
f 11951 12004 12005
f 11951 12005 11930
f 11930 12005 11999
f 11999 12005 12048
f 11930 11999 11892
f 11892 11999 11927
f 11927 11999 12000
f 11927 12000 11893
f 11893 12000 11993
f 11993 12000 12055
f 12334 12359 12250
f 12250 12359 12285
f 12359 12334 12415
f 12415 12334 12376
f 12334 12250 12326
f 12334 12326 12376
f 12376 12326 12346
f 12346 12326 12242
f 12346 12242 12307
f 12346 12307 12358
f 12278 12258 12328
f 12258 12278 12216
f 12216 12278 12207
f 12207 12278 12211
f 12207 12211 12178
f 12211 12278 12270
f 12178 12211 12181
f 12211 12270 12259
f 12211 12259 12181
f 12259 12270 12330
f 12181 12259 12195
f 12181 12195 12118
f 12170 12117 12168
f 12117 12170 12125
f 12125 12170 12143
f 12117 12125 12082
f 12117 12082 12071
f 12071 12082 12008
f 12008 12082 12038
f 12038 12082 12073
f 12073 12082 12125
f 12038 12073 12004
f 12004 12073 12056
f 12056 12073 12090
f 12073 12125 12113
f 12073 12113 12090
f 12113 12125 12143
f 12090 12113 12138
f 12138 12113 12143
s 0
f 12096 12080 12164
f 12164 12080 12119
f 12119 12080 12054
s 1
f 12119 12054 12095
f 12119 12095 12169
f 12095 12054 12023
f 12376 12346 12399
f 12399 12346 12358
f 12399 12358 12385
f 12385 12358 12362
f 12385 12362 12411
f 12362 12358 12312
f 12312 12358 12307
f 12312 12307 12273
f 12362 12312 12333
f 12333 12312 12299
f 12333 12299 12308
f 12411 12362 12368
f 12368 12362 12333
f 12411 12368 12373
f 12333 12308 12350
f 12333 12350 12368
f 12368 12350 12373
f 12350 12308 12318
f 12350 12318 12390
f 12350 12390 12373
f 12373 12390 12418
f 11868 11784 11775
f 11868 11775 11816
f 11816 11775 11723
f 11860 11758 11842
f 11842 11758 11777
f 11758 11860 11766
f 11766 11860 11835
f 12242 12234 12307
f 12234 12242 12169
f 12307 12234 12273
f 12234 12169 12165
f 12165 12169 12132
f 12273 12234 12204
f 12204 12234 12165
f 12299 12312 12273
f 12299 12273 12230
f 12230 12273 12204
f 12299 12230 12308
f 12308 12230 12206
f 12230 12204 12184
f 12230 12184 12206
f 12184 12204 12165
f 12206 12184 12150
f 12184 12165 12151
f 12184 12151 12150
f 12316 12195 12259
f 12195 12316 12288
f 12195 12288 12185
f 12195 12185 12147
f 12185 12288 12197
f 12185 12197 12141
f 12197 12288 12319
f 12141 12197 12194
f 12197 12319 12318
f 12194 12197 12240
f 12240 12197 12318
f 12194 12240 12206
f 12240 12318 12308
f 12240 12308 12206
f 12181 12118 12138
f 12138 12118 12090
f 12090 12118 12093
f 12093 12118 12147
f 12093 12147 12069
f 12147 12118 12195
f 12132 12169 12095
f 12132 12095 12128
f 12132 12128 12165
f 12165 12128 12151
f 12151 12128 12110
f 12151 12110 12150
f 12128 12095 12078
f 12128 12078 12110
f 12078 12095 12032
f 12032 12095 12023
f 12078 12032 12063
f 12078 12063 12110
f 12110 12063 12046
f 12046 12063 12002
f 12112 12150 12110
f 12112 12110 12046
f 12150 12112 12180
f 12112 12046 12059
f 12112 12059 12098
f 12112 12098 12141
f 12112 12141 12194
f 12098 12059 12100
f 12098 12100 12141
f 12100 12059 12055
f 12055 12059 11993
f 12100 12055 12069
f 12069 12055 12000
f 12141 12100 12130
f 12130 12100 12069
f 12141 12130 12185
f 12130 12069 12147
f 12130 12147 12185
f 12180 12194 12206
f 12194 12180 12112
f 12180 12206 12150
f 11868 11816 11878
f 11878 11816 11774
f 12093 12048 12090
f 12090 12048 12056
f 12048 12093 12069
f 12048 12069 11999
f 12005 12056 12048
f 12005 12004 12056
f 11900 11835 11860
f 11835 11900 11865
f 11865 11900 11887
f 11835 11865 11796
f 11835 11796 11765
f 11796 11865 11802
f 11802 11865 11887
f 11802 11887 11881
f 11881 11887 11930
f 11881 11930 11892
f 11881 11892 11826
f 11881 11826 11802
f 11802 11826 11755
f 11951 11887 11900
f 11887 11951 11930
f 11878 11827 11883
f 11827 11878 11774
f 11827 11774 11753
f 11883 11827 11858
f 11883 11858 11896
f 12046 11993 12059
f 11993 12046 11996
f 11996 12046 12002
f 11993 11996 11929
f 11993 11929 11891
f 11929 11996 11943
f 11943 11996 12002
f 11943 12002 11963
f 12069 12000 11999
f 11963 11890 11943
f 11943 11890 11929
f 11890 11963 11896
f 11891 11893 11993
f 11893 11872 11927
f 11927 11872 11892
f 11892 11872 11826
f 11826 11872 11757
f 11872 11893 11808
f 11757 11872 11793
f 11793 11872 11808
f 11793 11808 11761
f 11896 11858 11890
f 11890 11858 11781
f 11890 11781 11874
f 11858 11827 11779
f 11779 11827 11743
f 11858 11779 11781
f 11890 11874 11929
f 11929 11874 11891
f 11714 11688 11690
f 11690 11688 11634
f 11688 11714 11711
f 11711 11714 11731
f 11634 11688 11645
f 11634 11645 11618
f 11618 11645 11612
f 11612 11645 11608
f 11711 11731 11716
f 11688 11711 11693
f 11688 11693 11645
f 11693 11711 11716
f 11608 11645 11628
f 11608 11628 11610
f 11716 11731 11736
f 11628 11645 11674
f 11674 11645 11693
f 11610 11628 11640
f 11640 11628 11674
f 11610 11640 11615
f 11712 11693 11716
f 11712 11716 11736
f 11674 11693 11685
f 11685 11693 11712
f 11674 11685 11640
f 11615 11640 11655
f 11655 11640 11685
f 11615 11655 11627
f 11615 11627 11607
f 11607 11627 11623
f 11627 11655 11665
f 11627 11665 11623
f 11655 11685 11689
f 11655 11689 11665
f 11689 11685 11712
f 11665 11689 11692
f 11689 11712 11708
f 11689 11708 11692
f 11708 11712 11736
f 11675 11623 11665
f 11675 11665 11692
f 11623 11675 11609
f 11623 11609 11595
f 11609 11675 11677
f 11677 11675 11692
f 11609 11677 11605
f 11598 11588 11605
f 11598 11605 11624
f 11624 11605 11677
f 11598 11624 11606
f 11606 11624 11656
f 11656 11624 11677
f 11727 11677 11692
f 11677 11727 11743
f 11743 11727 11779
f 11779 11727 11781
f 11727 11692 11722
f 11781 11727 11739
f 11739 11727 11722
f 11781 11739 11788
f 11722 11692 11708
f 11788 11739 11749
f 11749 11739 11722
f 11722 11708 11737
f 11722 11737 11749
f 11737 11708 11736
f 11749 11737 11761
f 11749 11761 11808
f 11737 11736 11757
f 11737 11757 11761
f 11761 11757 11793
f 11757 11736 11755
f 11757 11755 11826
f 11808 11893 11891
f 11808 11891 11788
f 11808 11788 11749
f 11874 11788 11891
f 11788 11874 11781
o tripo_part_14
v -0.148270 -0.007265 -0.254303
v -0.149551 -0.009957 -0.247253
v -0.152664 0.000796 -0.248489
v -0.152710 -0.001239 -0.255615
v -0.152908 -0.007606 -0.261475
v -0.153366 0.000085 -0.245193
v -0.156189 -0.005670 -0.241562
v -0.156616 0.008034 -0.248138
v -0.157104 0.008064 -0.243118
v -0.157944 0.003465 -0.256073
v -0.158524 -0.010226 -0.242050
v -0.158600 0.008300 -0.252258
v -0.158737 -0.005029 -0.261414
v -0.159149 0.008786 -0.239487
v -0.159195 0.004610 -0.238693
v -0.159225 -0.004632 -0.239975
v -0.160995 0.015728 -0.240891
v -0.161392 0.004650 -0.256653
v -0.162109 -0.007068 -0.261475
v -0.162170 -0.009089 -0.241470
v -0.162521 0.005333 -0.236282
v -0.162842 0.019316 -0.243286
v -0.162994 -0.014014 -0.245377
v -0.164185 0.019196 -0.235703
v -0.165253 0.005980 -0.256317
v -0.165726 0.022264 -0.245010
v -0.165909 -0.011987 -0.245865
v -0.166077 0.019299 -0.233032
v -0.166321 -0.011039 -0.257751
v -0.166382 0.001398 -0.236465
v -0.166428 -0.013152 -0.248383
v -0.166885 0.026712 -0.236969
v -0.166992 0.000600 -0.257446
v -0.167114 -0.007051 -0.242065
v -0.167465 0.021927 -0.247208
v -0.167755 -0.012127 -0.252930
v -0.167892 0.008592 -0.233337
v -0.168015 -0.003117 -0.257233
v -0.168259 0.014688 -0.252289
v -0.168381 -0.013197 -0.248108
v -0.168610 0.017473 -0.230743
v -0.168945 0.000678 -0.237289
v -0.169281 0.019865 -0.249603
v -0.169525 -0.009080 -0.248459
v -0.169922 0.030727 -0.232010
v -0.170074 0.031670 -0.238480
v -0.170547 -0.006347 -0.252686
v -0.170929 0.009325 -0.253906
v -0.171356 -0.001753 -0.253845
v -0.171967 0.032593 -0.229019
v -0.172348 0.036404 -0.233627
v -0.172424 -0.002535 -0.243286
v -0.172989 0.016743 -0.229340
v -0.173279 0.034325 -0.240280
v -0.173676 0.012219 -0.231354
v -0.173752 0.019817 -0.249893
v -0.173813 0.031811 -0.226425
v -0.174133 0.029104 -0.245102
v -0.174240 0.007092 -0.234909
v -0.174377 0.010337 -0.251953
v -0.174728 0.006290 -0.251587
v -0.175934 0.030836 -0.224762
v -0.176025 0.006365 -0.237015
v -0.176041 0.002550 -0.244583
v -0.176788 0.043400 -0.226822
v -0.176849 0.027767 -0.224899
v -0.177322 0.028500 -0.245926
v -0.177704 0.037739 -0.240601
v -0.177750 0.007399 -0.238174
v -0.178513 0.009432 -0.247330
v -0.178650 0.007669 -0.244980
v -0.179459 0.017527 -0.247894
v -0.179535 0.026577 -0.246262
v -0.179581 0.049404 -0.228027
v -0.179947 0.042118 -0.221283
v -0.179962 0.048626 -0.231766
v -0.180725 0.011249 -0.238586
v -0.181229 0.048500 -0.220963
v -0.181534 0.039173 -0.240784
v -0.181580 0.024708 -0.245850
v -0.181610 0.027199 -0.224335
v -0.181931 0.032143 -0.222183
v -0.181992 0.019960 -0.228973
v -0.182861 0.019192 -0.244537
v -0.182968 0.041183 -0.219208
v -0.184067 0.037613 -0.241486
v -0.184402 0.027596 -0.224625
v -0.184723 0.025410 -0.243515
v -0.184769 0.048111 -0.236298
v -0.184814 0.058346 -0.220627
v -0.184967 0.018217 -0.237656
v -0.184998 0.019621 -0.232803
v -0.185699 0.023312 -0.228867
v -0.185791 0.060375 -0.223602
v -0.185852 0.020262 -0.239182
v -0.186081 0.051720 -0.216019
v -0.186523 0.057590 -0.229767
v -0.187515 0.062073 -0.225372
v -0.187698 0.036552 -0.240585
v -0.188156 0.048462 -0.215225
v -0.188431 0.026711 -0.239044
v -0.188828 0.059021 -0.230225
v -0.189758 0.055202 -0.233246
v -0.189774 0.045918 -0.215637
v -0.189896 0.035210 -0.239227
v -0.190048 0.065163 -0.214081
v -0.190094 0.027416 -0.231705
v -0.190445 0.042667 -0.217087
v -0.190567 0.055435 -0.212677
v -0.190918 0.037613 -0.220200
v -0.190994 0.063004 -0.212143
v -0.191055 0.069435 -0.216629
v -0.191895 0.052246 -0.234695
v -0.191971 0.070770 -0.219681
v -0.192261 0.048542 -0.235886
v -0.192520 0.032940 -0.226822
v -0.192734 0.042828 -0.236710
v -0.193420 0.035183 -0.234467
v -0.193466 0.062225 -0.229858
v -0.193481 0.037716 -0.235626
v -0.194092 0.063622 -0.209473
v -0.194504 0.035187 -0.229233
v -0.194580 0.039318 -0.221420
v -0.194809 0.073372 -0.221344
v -0.194839 0.036171 -0.231262
v -0.195663 0.049957 -0.234085
v -0.195786 0.072006 -0.223740
v -0.196518 0.058777 -0.209625
v -0.196579 0.078804 -0.210968
v -0.196732 0.054092 -0.211655
v -0.196793 0.047028 -0.216095
v -0.196945 0.079895 -0.214691
v -0.197189 0.051270 -0.213303
v -0.197205 0.072495 -0.206879
v -0.197250 0.064178 -0.207794
v -0.197266 0.077522 -0.207886
v -0.197281 0.063934 -0.229248
v -0.198303 0.048923 -0.232025
v -0.198410 0.043266 -0.222122
v -0.199249 0.071037 -0.225754
v -0.199646 0.057869 -0.230515
v -0.199905 0.047195 -0.229492
v -0.200150 0.045181 -0.225266
v -0.200485 0.075050 -0.204178
v -0.200592 0.078651 -0.221298
v -0.201065 0.080620 -0.203674
v -0.201187 0.086922 -0.212723
v -0.201553 0.054310 -0.213028
v -0.201645 0.062538 -0.207687
v -0.202057 0.051121 -0.216873
v -0.202057 0.066391 -0.227386
v -0.202652 0.069603 -0.204514
v -0.203018 0.056129 -0.227783
v -0.203232 0.075066 -0.202698
v -0.203445 0.074188 -0.224380
v -0.203674 0.091927 -0.206024
v -0.203705 0.051849 -0.219788
v -0.203949 0.090942 -0.203476
v -0.204224 0.054615 -0.225296
v -0.204468 0.079994 -0.201141
v -0.204559 0.063637 -0.226639
v -0.204636 0.053429 -0.222488
v -0.204941 0.090942 -0.213470
v -0.205215 0.065247 -0.206772
v -0.205826 0.083397 -0.219971
v -0.205933 0.092255 -0.200409
v -0.206375 0.096252 -0.207886
v -0.206680 0.057911 -0.215576
v -0.206680 0.091072 -0.199127
v -0.206970 0.060829 -0.211700
v -0.207001 0.063271 -0.224411
v -0.207001 0.063576 -0.208893
v -0.207047 0.073273 -0.223862
v -0.207474 0.073158 -0.202606
v -0.207550 0.088669 -0.198196
v -0.207809 0.059528 -0.220535
v -0.207901 0.080154 -0.221405
v -0.208008 0.095177 -0.212250
v -0.208908 0.101128 -0.202591
v -0.209122 0.092506 -0.215134
v -0.209457 0.061996 -0.215851
v -0.209671 0.080284 -0.199326
v -0.209732 0.064835 -0.220856
v -0.209824 0.071480 -0.222321
v -0.209946 0.085312 -0.197556
v -0.210434 0.089661 -0.196365
v -0.210480 0.072395 -0.203766
v -0.210800 0.078072 -0.221054
v -0.211090 0.104416 -0.204056
v -0.211197 0.070518 -0.220886
v -0.211258 0.091064 -0.216522
v -0.211349 0.104210 -0.197845
v -0.212402 0.105019 -0.205978
v -0.212494 0.096443 -0.194336
v -0.212936 0.100693 -0.193985
v -0.212997 0.069481 -0.209290
v -0.213013 0.080338 -0.199402
v -0.213364 0.069603 -0.216476
v -0.213699 0.074074 -0.204407
v -0.214142 0.089478 -0.195160
v -0.214218 0.070290 -0.213120
v -0.215164 0.108261 -0.192993
v -0.215271 0.112099 -0.196625
v -0.215775 0.076370 -0.216537
v -0.216064 0.073547 -0.209702
v -0.216217 0.081589 -0.199631
v -0.216507 0.104340 -0.209885
v -0.216599 0.093361 -0.215042
v -0.216614 0.089394 -0.195007
v -0.216660 0.083427 -0.216751
v -0.216827 0.099243 -0.191528
v -0.217255 0.098854 -0.212860
v -0.217300 0.115425 -0.198517
v -0.217682 0.114777 -0.192230
v -0.217728 0.078110 -0.204605
v -0.218063 0.112396 -0.204361
v -0.218231 0.091064 -0.214996
v -0.218491 0.078102 -0.211792
v -0.218506 0.083145 -0.214859
v -0.218521 0.087990 -0.196152
v -0.218781 0.112129 -0.189331
v -0.219406 0.083969 -0.199753
v -0.219513 0.119537 -0.192871
v -0.219589 0.118057 -0.199463
v -0.219666 0.108727 -0.188507
v -0.219879 0.098000 -0.191101
v -0.220306 0.082504 -0.211792
v -0.220383 0.080849 -0.208374
v -0.220749 0.093704 -0.193222
v -0.221375 0.122925 -0.194199
v -0.222031 0.107849 -0.187347
v -0.222122 0.092270 -0.212265
v -0.222626 0.085159 -0.203857
v -0.223038 0.089691 -0.210739
v -0.223221 0.091644 -0.195740
v -0.223480 0.123611 -0.186310
v -0.223770 0.125916 -0.187363
v -0.224136 0.107101 -0.208679
v -0.224350 0.100883 -0.210098
v -0.224426 0.089897 -0.199173
v -0.224442 0.096901 -0.192276
v -0.224731 0.089294 -0.206680
v -0.224792 0.106285 -0.187149
v -0.224869 0.115921 -0.204758
v -0.225037 0.122246 -0.200623
v -0.225128 0.101936 -0.189224
v -0.225189 0.096214 -0.209564
v -0.225235 0.129700 -0.188599
v -0.225388 0.127121 -0.196152
v -0.225464 0.120895 -0.183456
v -0.225922 0.130386 -0.191696
v -0.226257 0.117180 -0.183395
v -0.226349 0.114418 -0.205505
v -0.226364 0.126343 -0.182983
v -0.226654 0.096046 -0.194443
v -0.227493 0.093910 -0.199677
v -0.227722 0.115189 -0.183350
v -0.228012 0.134933 -0.185257
v -0.228027 0.131393 -0.182053
v -0.228119 0.135361 -0.188385
v -0.228287 0.134186 -0.183243
v -0.228775 0.097099 -0.204163
v -0.228790 0.134491 -0.182068
v -0.229004 0.096527 -0.202286
v -0.229004 0.110847 -0.184982
v -0.229111 0.126373 -0.199371
v -0.229263 0.106377 -0.187637
v -0.229630 0.135925 -0.191513
v -0.229645 0.112793 -0.205261
v -0.229675 0.126862 -0.180038
v -0.230682 0.101723 -0.203812
v -0.230743 0.104912 -0.189468
v -0.230759 0.106377 -0.205124
v -0.231018 0.100708 -0.194992
v -0.231018 0.125427 -0.179413
v -0.231430 0.133484 -0.178253
v -0.231567 0.112755 -0.204285
v -0.232361 0.102173 -0.199768
v -0.232559 0.127365 -0.199417
v -0.232880 0.136597 -0.193954
v -0.232971 0.103210 -0.196213
v -0.232986 0.133820 -0.176910
v -0.233124 0.115204 -0.183182
v -0.233780 0.121033 -0.180206
v -0.234009 0.124260 -0.200470
v -0.234146 0.126389 -0.177963
v -0.234726 0.112083 -0.186188
v -0.235428 0.131897 -0.175934
v -0.235825 0.120148 -0.200714
v -0.235886 0.111221 -0.188278
v -0.236633 0.110672 -0.197815
v -0.236786 0.136887 -0.194916
v -0.236801 0.117195 -0.183167
v -0.237259 0.111343 -0.190826
v -0.237411 0.110962 -0.194199
v -0.237900 0.124420 -0.178696
v -0.238022 0.133957 -0.174866
v -0.238174 0.115944 -0.198074
v -0.238541 0.131409 -0.197098
v -0.238739 0.119766 -0.198349
v -0.238831 0.123024 -0.179840
v -0.239349 0.130295 -0.175964
v -0.239441 0.137009 -0.194870
v -0.239517 0.127808 -0.197525
v -0.240356 0.133591 -0.174683
v -0.240799 0.117760 -0.187592
v -0.241516 0.137772 -0.196335
v -0.241928 0.122246 -0.182648
v -0.241928 0.127640 -0.195877
v -0.242142 0.121033 -0.193588
v -0.242172 0.134186 -0.174103
v -0.242279 0.129868 -0.176590
v -0.242813 0.137070 -0.194092
v -0.243240 0.121574 -0.190674
v -0.243530 0.121803 -0.188034
v -0.244125 0.128815 -0.178223
v -0.244400 0.134338 -0.174927
v -0.245026 0.128922 -0.192780
v -0.245056 0.136948 -0.193115
v -0.245590 0.126007 -0.183990
v -0.246307 0.132324 -0.176941
v -0.246918 0.134537 -0.176239
v -0.247772 0.132355 -0.178452
v -0.248611 0.134811 -0.177353
v -0.248718 0.134079 -0.189301
v -0.248718 0.136536 -0.190125
v -0.249054 0.131699 -0.184174
v -0.249191 0.133041 -0.180191
v -0.249329 0.132980 -0.187012
v -0.250061 0.135193 -0.180023
v -0.250397 0.135986 -0.187042
v -0.250519 0.134216 -0.170868
v -0.250854 0.135406 -0.181702
v -0.252289 0.137329 -0.193344
s 1
f 13111 13096 13090
f 13096 13111 13101
f 13090 13096 13084
f 13096 13101 13100
f 13100 13101 13103
f 13084 13096 13091
f 13091 13096 13100
f 13100 13103 13102
f 13091 13100 13095
f 13095 13100 13102
f 13091 13095 13080
f 13080 13095 13072
f 13072 13095 13087
f 13087 13095 13102
f 13091 13080 13075
f 13087 13102 13099
f 13087 13099 13085
f 13107 13102 13103
f 13102 13107 13099
f 13107 13103 13109
f 13099 13107 13106
f 13107 13109 13112
f 13107 13112 13106
f 13081 13091 13075
f 13081 13075 13063
f 13091 13081 13084
f 13081 13063 13065
f 13084 13081 13067
f 13067 13081 13065
f 13084 13067 13076
f 13067 13065 13054
f 13067 13054 13061
f 13049 13061 13054
f 13049 13054 13029
f 13049 13029 13033
f 13049 13033 13055
f 13031 13054 13065
f 13036 13065 13063
f 13062 13063 13075
f 13062 13075 13080
f 13062 13080 13072
f 13029 13054 13031
f 13036 13031 13065
f 13044 13036 13063
f 13044 13063 13062
f 13044 13062 13046
f 13046 13062 13072
f 13046 13072 13066
f 13044 13046 13025
f 13025 13046 13020
f 13044 13025 13022
f 13044 13022 13036
f 13022 13025 13005
f 13036 13022 13010
f 13010 13022 13005
f 13010 13005 12990
f 13036 13010 13031
f 13010 12990 13004
f 13010 13004 13031
f 13031 13004 13029
f 13051 13020 13046
f 13051 13046 13066
f 13020 13051 13034
f 13051 13066 13069
f 13051 13069 13034
f 13069 13066 13087
f 13034 13069 13053
f 13053 13069 13073
f 13073 13069 13085
f 13040 13037 13042
f 13037 13040 13027
f 13037 13027 13039
f 13027 13040 13016
f 13039 13027 13030
f 13039 13030 13047
f 13047 13030 13028
f 13016 13040 13038
f 13016 13038 13015
f 13015 13038 13033
f 13066 13072 13087
f 13106 13112 13108
f 13108 13112 13110
f 13108 13110 13104
f 13106 13108 13093
f 13106 13093 13094
f 13106 13094 13099
f 13000 13033 13029
f 13033 13000 13015
f 13015 13000 12993
f 13015 12993 13016
f 13016 12993 13002
f 13016 13002 13027
f 13002 12993 12982
f 13002 12982 12992
f 12992 12982 12958
f 13027 13002 13009
f 13009 13002 12992
f 13027 13009 13030
f 13009 12992 13003
f 13009 13003 13030
f 13069 13087 13085
f 13004 13000 13029
f 13000 13004 12974
f 13000 12974 12981
f 13000 12981 12993
f 12993 12981 12971
f 13085 13099 13094
f 13085 13094 13074
f 13074 13094 13093
f 13110 13105 13104
f 13104 13105 13097
f 13105 13110 13113
f 13105 13113 13098
f 13093 13108 13089
f 13093 13089 13070
f 13008 13005 13025
f 13008 13025 13020
f 13005 13008 12988
f 13005 12988 12979
f 12979 12988 12961
f 12961 12988 12976
f 12988 13008 12999
f 12988 12999 12976
f 12999 13008 13020
f 12976 12999 12985
f 12999 13020 13014
f 12999 13014 12985
f 12985 13014 13001
f 12985 13001 12978
f 13001 13014 13019
f 13001 13019 12994
f 12994 13019 13012
f 13085 13074 13073
f 13108 13104 13089
f 13089 13104 13097
f 13089 13097 13077
f 13077 13097 13079
f 13079 13097 13088
f 13088 13097 13105
f 13079 13088 13068
f 13088 13105 13098
f 13068 13088 13083
f 13083 13088 13098
f 13083 13098 13078
f 13083 13078 13064
f 13078 13098 13092
f 13064 13078 13058
f 13078 13092 13082
f 13078 13082 13058
f 13082 13092 13086
f 13058 13082 13071
f 13058 13071 13045
f 13045 13071 13059
f 12973 13004 12990
f 13004 12973 12974
f 12979 12990 13005
f 12973 12990 12965
f 12965 12990 12979
f 12965 12979 12964
f 12964 12979 12961
f 12965 12964 12939
f 12965 12939 12954
f 12965 12954 12973
f 12973 12954 12974
f 12974 12954 12948
f 12948 12954 12925
f 12948 12925 12945
f 12948 12945 12974
f 12974 12945 12981
f 13014 13020 13034
f 13014 13034 13019
f 13019 13034 13053
f 13019 13053 13035
f 13019 13035 13012
f 13053 13073 13060
f 13053 13060 13035
f 13060 13073 13074
f 13035 13060 13057
f 13057 13060 13074
f 13057 13074 13070
f 13070 13074 13093
f 13057 13070 13050
f 13047 13024 13059
f 12971 12981 12945
f 12971 12945 12937
f 12971 12937 12935
f 12971 12935 12958
f 12958 12935 12946
f 12946 12935 12926
f 13003 13028 13030
f 13028 13003 12995
f 12995 13003 12972
f 13028 12995 13024
f 13028 13024 13047
f 13045 13059 13024
f 13045 13024 13023
f 13045 13023 13058
f 13058 13023 13032
f 13032 13023 12991
f 13058 13032 13064
f 13064 13032 13048
f 13048 13032 13017
f 13064 13048 13068
f 13064 13068 13083
f 13068 13048 13056
f 13056 13048 13018
f 13068 13056 13079
f 13079 13056 13052
f 13079 13052 13077
f 12982 12993 12971
f 13070 13089 13077
f 13070 13077 13050
f 13050 13077 13052
f 12933 12939 12964
f 12933 12964 12961
f 12933 12961 12931
f 12933 12931 12914
f 12914 12931 12907
f 12933 12914 12900
f 12933 12900 12923
f 12933 12923 12939
f 12923 12900 12913
f 12939 12923 12925
f 12925 12923 12913
f 12939 12925 12954
f 12925 12913 12915
f 12925 12915 12945
f 12915 12913 12890
f 12971 12958 12982
f 12961 12976 12953
f 12961 12953 12931
f 12931 12953 12928
f 12931 12928 12907
f 12928 12953 12943
f 12953 12976 12966
f 12953 12966 12943
f 12966 12976 12985
f 12943 12966 12951
f 12966 12985 12978
f 12966 12978 12951
f 13035 13043 13012
f 13043 13035 13057
f 13012 13043 13021
f 13012 13021 13007
f 13007 13021 12997
f 12997 13021 13006
f 13021 13043 13041
f 13041 13043 13057
f 13021 13041 13006
f 13041 13057 13050
f 13006 13041 13013
f 13013 13041 13050
f 12958 12968 12992
f 12968 12958 12946
f 12968 12946 12972
f 12972 12946 12942
f 12972 12942 12957
f 12968 13003 12992
f 12968 12972 13003
f 12978 13001 12994
f 12915 12937 12945
f 12937 12915 12908
f 12937 12908 12935
f 12935 12908 12911
f 12986 13024 12995
f 13024 12986 13023
f 13018 13052 13056
f 12957 12995 12972
f 12995 12957 12986
f 12986 12957 12959
f 12986 12959 12991
f 12986 12991 13023
f 12991 12959 12970
f 12991 12970 12987
f 12975 12994 12984
f 12984 12994 13012
f 12984 13012 13007
f 12951 12978 12949
f 12949 12978 12994
f 12949 12994 12975
f 12949 12975 12947
f 12947 12975 12960
f 12960 12975 12984
f 13050 13052 13026
f 13050 13026 13013
f 13026 13052 13018
f 13013 13026 13011
f 13011 13026 13018
f 13013 13011 12998
f 12998 13011 12989
f 12989 13011 12996
f 12996 13011 13018
f 12996 13018 12987
f 12987 13018 13017
f 12927 12943 12951
f 12943 12927 12912
f 12943 12912 12928
f 12889 12912 12910
f 12912 12889 12887
f 12928 12912 12909
f 12909 12912 12887
f 12909 12887 12883
f 12928 12909 12907
f 12907 12909 12883
f 12907 12883 12879
f 12907 12879 12888
f 12907 12888 12914
f 12914 12888 12900
f 12888 12879 12875
f 12888 12875 12900
f 12875 12879 12864
f 12900 12875 12890
f 12900 12890 12913
f 13018 13048 13017
f 12991 13017 13032
f 13017 12991 12987
f 12942 12946 12926
f 12942 12926 12903
f 12942 12903 12906
f 12942 12906 12924
f 12942 12924 12957
f 12957 12924 12959
f 12885 12915 12890
f 12911 12926 12935
f 12984 13007 12980
f 12984 12980 12960
f 12980 13007 12997
f 12960 12980 12977
f 12977 12980 12997
f 12977 12997 13006
f 12977 13006 12983
f 12983 13006 13013
f 12983 13013 12998
f 12885 12908 12915
f 12908 12885 12891
f 12908 12891 12911
f 12911 12891 12893
f 12911 12893 12903
f 12911 12903 12926
f 12910 12912 12927
f 12910 12927 12902
f 12902 12927 12929
f 12902 12929 12918
f 12929 12927 12949
f 12949 12927 12951
f 12929 12949 12947
f 12918 12929 12936
f 12936 12929 12947
f 12918 12936 12922
f 12936 12947 12960
f 12922 12936 12941
f 12941 12936 12960
f 12922 12941 12921
f 12941 12960 12955
f 12941 12955 12938
f 12857 12890 12875
f 12890 12857 12885
f 12885 12857 12869
f 12869 12891 12885
f 12891 12869 12873
f 12891 12873 12893
f 12873 12869 12853
f 12989 12996 12967
f 12989 12967 12963
f 12989 12963 12969
f 12989 12969 12998
f 12998 12969 12983
f 12861 12883 12887
f 12861 12887 12860
f 12860 12887 12889
f 12860 12889 12866
f 12883 12861 12864
f 12883 12864 12879
f 12864 12861 12845
f 12864 12845 12841
f 12970 12959 12944
f 12944 12959 12924
f 12944 12924 12919
f 12944 12919 12934
f 12970 12944 12956
f 12956 12944 12934
f 12970 12956 12987
f 12956 12934 12952
f 12952 12934 12930
f 12956 12952 12967
f 12956 12967 12987
f 12987 12967 12996
f 12955 12960 12977
f 12962 12977 12983
f 12977 12962 12955
f 12962 12983 12969
f 12962 12969 12950
f 12950 12969 12963
f 12854 12857 12875
f 12854 12875 12864
f 12854 12864 12841
f 12854 12841 12836
f 12854 12836 12857
f 12857 12836 12829
f 12857 12829 12844
f 12857 12844 12869
f 12844 12829 12824
f 12869 12844 12853
f 12844 12824 12830
f 12844 12830 12853
f 12902 12889 12910
f 12889 12902 12872
f 12873 12877 12893
f 12877 12873 12855
f 12893 12877 12903
f 12877 12855 12876
f 12877 12876 12903
f 12903 12876 12906
f 12906 12876 12881
f 12906 12881 12898
f 12906 12898 12924
f 12924 12898 12919
f 12919 12898 12916
f 12919 12916 12934
f 12934 12916 12930
f 12955 12962 12938
f 12938 12962 12950
f 12963 12940 12950
f 12950 12940 12932
f 12950 12932 12938
f 12932 12940 12917
f 12932 12917 12921
f 12932 12921 12938
f 12938 12921 12941
f 12872 12866 12889
f 12902 12918 12895
f 12902 12895 12872
f 12872 12895 12871
f 12871 12895 12886
f 12895 12918 12901
f 12895 12901 12886
f 12901 12918 12922
f 12886 12901 12874
f 12901 12922 12904
f 12901 12904 12874
f 12904 12922 12921
f 12874 12904 12897
f 12897 12904 12921
f 12874 12897 12880
f 12897 12921 12899
f 12897 12899 12880
f 12880 12899 12867
f 12867 12899 12884
f 12899 12921 12917
f 12884 12899 12896
f 12896 12899 12917
f 12896 12917 12905
f 12963 12967 12952
f 12963 12952 12940
f 12862 12866 12872
f 12862 12872 12842
f 12842 12872 12871
f 12842 12871 12848
f 12862 12842 12838
f 12862 12838 12834
f 12862 12834 12866
f 12866 12834 12860
f 12860 12834 12832
f 12860 12832 12861
f 12861 12832 12845
f 12832 12834 12816
f 12816 12834 12809
f 12845 12832 12820
f 12820 12832 12816
f 12845 12820 12841
f 12820 12816 12800
f 12940 12952 12930
f 12940 12930 12920
f 12940 12920 12917
f 12917 12920 12905
f 12905 12920 12894
f 12894 12920 12892
f 12892 12920 12930
f 12892 12930 12916
f 12892 12916 12882
f 12882 12916 12898
f 12882 12898 12881
f 12882 12881 12868
f 12868 12881 12876
f 12853 12855 12873
f 12855 12853 12830
f 12855 12830 12825
f 12855 12825 12833
f 12855 12833 12876
f 12820 12836 12841
f 12836 12820 12807
f 12807 12820 12794
f 12829 12836 12807
f 12829 12807 12803
f 12829 12803 12824
f 12803 12807 12793
f 12856 12871 12886
f 12856 12886 12870
f 12870 12886 12874
f 12821 12809 12834
f 12821 12834 12838
f 12811 12830 12824
f 12830 12811 12825
f 12825 12811 12801
f 12801 12811 12796
f 12796 12811 12824
f 12796 12824 12803
f 12796 12803 12788
f 12794 12820 12800
f 12794 12800 12786
f 12848 12871 12856
f 12892 12882 12868
f 12892 12868 12858
f 12892 12858 12865
f 12865 12858 12846
f 12892 12865 12894
f 12894 12865 12878
f 12878 12865 12852
f 12894 12878 12896
f 12894 12896 12905
f 12795 12800 12816
f 12795 12816 12809
f 12793 12807 12794
f 12793 12794 12781
f 12795 12809 12790
f 12847 12876 12833
f 12876 12847 12868
f 12868 12847 12858
f 12858 12847 12837
f 12884 12896 12878
f 12884 12878 12859
f 12786 12800 12795
f 12788 12803 12793
f 12788 12793 12785
f 12788 12785 12782
f 12788 12782 12787
f 12788 12787 12796
f 12787 12782 12780
f 12796 12787 12801
f 12787 12780 12783
f 12801 12787 12791
f 12791 12787 12783
f 12809 12821 12799
f 12799 12821 12813
f 12813 12821 12838
f 12813 12838 12842
f 12831 12842 12848
f 12831 12848 12856
f 12831 12856 12843
f 12842 12831 12806
f 12842 12806 12813
f 12813 12806 12802
f 12802 12806 12810
f 12810 12806 12831
f 12802 12810 12819
f 12819 12810 12815
f 12810 12831 12823
f 12810 12823 12815
f 12823 12831 12843
f 12815 12823 12826
f 12826 12823 12843
f 12815 12826 12808
f 12826 12843 12850
f 12808 12826 12828
f 12826 12850 12849
f 12826 12849 12828
f 12828 12849 12840
f 12828 12840 12817
f 12817 12840 12839
f 12856 12870 12843
f 12843 12870 12850
f 12850 12870 12874
f 12850 12874 12849
f 12849 12874 12863
f 12863 12874 12880
f 12849 12863 12840
f 12863 12880 12867
f 12840 12863 12851
f 12851 12863 12867
f 12840 12851 12839
f 12851 12867 12859
f 12851 12859 12839
f 12859 12867 12884
f 12839 12859 12827
f 12827 12859 12852
f 12852 12859 12878
f 12805 12833 12825
f 12805 12825 12801
f 12805 12801 12791
f 12805 12791 12814
f 12805 12814 12833
f 12833 12814 12847
f 12847 12814 12837
f 12852 12865 12846
f 12852 12846 12835
f 12852 12835 12827
f 12835 12846 12822
f 12835 12822 12818
f 12822 12846 12837
f 12837 12846 12858
f 12822 12837 12814
f 12789 12822 12814
f 12789 12814 12791
f 12789 12791 12783
f 12822 12789 12818
f 12818 12789 12797
f 12818 12797 12804
f 12804 12797 12792
f 12804 12835 12818
f 12835 12804 12827
f 12827 12804 12812
f 12817 12839 12827
f 12817 12827 12812
f 12789 12784 12797
f 12812 12804 12798
f 12798 12804 12792
o tripo_part_15
v 0.146347 -0.010895 -0.254608
v 0.147278 -0.010187 -0.250854
v 0.147797 -0.011081 -0.259796
v 0.149353 -0.009254 -0.247467
v 0.149445 -0.005178 -0.254028
v 0.151749 -0.002292 -0.254974
v 0.153107 -0.006391 -0.260681
v 0.153976 -0.002428 -0.257965
v 0.154816 0.004203 -0.246338
v 0.155060 0.003424 -0.244232
v 0.155792 -0.010465 -0.263245
v 0.155838 -0.001785 -0.241364
v 0.156967 0.007001 -0.250519
v 0.158173 0.006510 -0.240097
v 0.158478 -0.003544 -0.260284
v 0.158875 -0.007537 -0.240692
v 0.159576 0.012734 -0.245453
v 0.160065 0.006366 -0.254395
v 0.160751 0.010395 -0.251465
v 0.160873 0.001966 -0.237473
v 0.161072 -0.007056 -0.261414
v 0.161606 0.005167 -0.255798
v 0.162384 0.016865 -0.238297
v 0.163025 -0.017689 -0.248444
v 0.163086 0.002965 -0.257080
v 0.163162 -0.012096 -0.261017
v 0.163452 0.019663 -0.240112
v 0.164124 -0.003782 -0.238434
v 0.164337 -0.011600 -0.243530
v 0.164566 0.013885 -0.233780
v 0.164764 -0.017208 -0.251221
v 0.165161 -0.014208 -0.258453
v 0.165314 0.004607 -0.234833
v 0.165802 0.022224 -0.243469
v 0.165909 0.001968 -0.257019
v 0.166153 0.020060 -0.232971
v 0.167084 -0.002217 -0.257477
v 0.167999 0.026876 -0.234238
v 0.168167 -0.011927 -0.252411
v 0.168564 -0.002054 -0.238052
v 0.169342 -0.003075 -0.255676
v 0.169800 0.013053 -0.252228
v 0.169800 0.030338 -0.236343
v 0.169937 0.016983 -0.229782
v 0.169937 0.025724 -0.244202
v 0.170044 0.005318 -0.233887
v 0.171188 -0.004236 -0.241959
v 0.171265 0.011986 -0.230789
v 0.171326 0.019974 -0.248886
v 0.171356 0.005011 -0.253906
v 0.171524 0.031639 -0.230164
v 0.171600 -0.002230 -0.253082
v 0.171860 -0.005044 -0.244873
v 0.172806 0.033913 -0.237656
v 0.172852 0.027250 -0.244583
v 0.173386 0.031202 -0.226883
v 0.173538 -0.002114 -0.249039
v 0.173569 -0.002695 -0.247116
v 0.173660 0.013747 -0.251038
v 0.174957 0.004347 -0.236359
v 0.175369 0.009829 -0.232178
v 0.176102 0.029604 -0.224411
v 0.176270 0.041203 -0.229797
v 0.176651 0.005442 -0.248505
v 0.176788 0.040764 -0.226028
v 0.176804 0.010246 -0.249588
v 0.177078 0.018568 -0.227478
v 0.178604 0.024445 -0.246277
v 0.178879 0.018517 -0.247528
v 0.178894 0.032509 -0.242691
v 0.178970 0.007896 -0.237183
v 0.179016 0.027550 -0.223557
v 0.179092 0.007702 -0.244888
v 0.179108 0.038548 -0.221832
v 0.179718 0.042839 -0.235428
v 0.180527 0.009332 -0.238861
v 0.180649 0.017004 -0.229172
v 0.180786 0.048462 -0.223770
v 0.180817 0.009761 -0.241562
v 0.180817 0.048309 -0.229431
v 0.180847 0.046707 -0.232147
v 0.181213 0.046024 -0.220749
v 0.183533 0.021725 -0.243942
v 0.183609 0.037098 -0.240463
v 0.183792 0.029894 -0.221970
v 0.184021 0.024578 -0.225037
v 0.184372 0.055168 -0.223328
v 0.184433 0.019104 -0.242233
v 0.184692 0.042896 -0.217361
v 0.185211 0.045330 -0.236191
v 0.185654 0.050270 -0.216232
v 0.185822 0.022223 -0.228180
v 0.186447 0.031031 -0.241333
v 0.186844 0.058666 -0.218597
v 0.186996 0.056511 -0.216156
v 0.187042 0.036732 -0.218567
v 0.187164 0.021431 -0.231369
v 0.187241 0.036983 -0.239731
v 0.188065 0.022909 -0.237381
v 0.188126 0.051430 -0.214142
v 0.188248 0.032375 -0.221146
v 0.188766 0.023127 -0.233810
v 0.188919 0.061398 -0.224228
v 0.189301 0.043571 -0.215424
v 0.189316 0.057667 -0.228958
v 0.190323 0.064857 -0.216782
v 0.190903 0.033695 -0.237854
v 0.190918 0.063889 -0.213623
v 0.191833 0.028606 -0.233017
v 0.191864 0.067520 -0.218033
v 0.192276 0.047405 -0.234924
v 0.192474 0.032082 -0.235397
v 0.192764 0.031971 -0.224854
v 0.192795 0.035835 -0.220551
v 0.192841 0.064316 -0.210785
v 0.192856 0.030344 -0.228073
v 0.193207 0.041229 -0.216751
v 0.193222 0.045105 -0.214462
v 0.193375 0.054756 -0.210770
v 0.193481 0.057121 -0.230713
v 0.193848 0.069885 -0.219162
v 0.194550 0.051197 -0.211609
v 0.194580 0.044243 -0.234543
v 0.195541 0.063095 -0.208252
v 0.195724 0.070732 -0.221024
v 0.196060 0.067574 -0.207825
v 0.196121 0.035496 -0.227600
v 0.196259 0.073021 -0.209503
v 0.196472 0.074883 -0.211349
v 0.196655 0.066849 -0.225174
v 0.197113 0.038872 -0.230682
v 0.197525 0.041557 -0.218994
v 0.197800 0.046127 -0.215012
v 0.197891 0.063095 -0.206909
v 0.197968 0.042923 -0.231293
v 0.198029 0.077835 -0.212753
v 0.198044 0.047813 -0.231842
v 0.198929 0.041214 -0.221725
v 0.198975 0.074806 -0.205734
v 0.198990 0.061413 -0.228470
v 0.199005 0.074158 -0.220474
v 0.199295 0.051682 -0.211655
v 0.199356 0.078758 -0.215240
v 0.199692 0.057098 -0.208603
v 0.200012 0.061085 -0.206894
v 0.200562 0.043655 -0.226349
v 0.201004 0.043839 -0.223709
v 0.201004 0.073631 -0.203537
v 0.201019 0.057926 -0.228821
v 0.201233 0.083267 -0.207779
v 0.202042 0.051407 -0.228271
v 0.202499 0.072739 -0.222885
v 0.202927 0.085457 -0.211273
v 0.203186 0.053253 -0.212402
v 0.203415 0.084641 -0.202774
v 0.203476 0.067665 -0.203583
v 0.203842 0.081856 -0.201172
v 0.204010 0.069061 -0.224548
v 0.204208 0.062576 -0.205917
v 0.204391 0.052761 -0.225388
v 0.204803 0.086990 -0.212479
v 0.204910 0.051708 -0.216614
v 0.205017 0.081322 -0.218063
v 0.205154 0.051098 -0.219757
v 0.205750 0.090889 -0.207687
v 0.206757 0.091812 -0.201065
v 0.206787 0.080765 -0.198837
v 0.206833 0.056152 -0.212906
v 0.206833 0.060764 -0.224472
v 0.206924 0.067474 -0.203339
v 0.206970 0.093285 -0.203384
v 0.207016 0.056004 -0.222305
v 0.207336 0.065048 -0.224106
v 0.207718 0.061722 -0.207657
v 0.207840 0.055794 -0.216400
v 0.208084 0.089951 -0.212799
v 0.208115 0.081215 -0.218857
v 0.208282 0.078636 -0.198608
v 0.208435 0.090111 -0.197357
v 0.209213 0.086540 -0.215866
v 0.209473 0.061493 -0.209412
v 0.209549 0.058685 -0.217957
v 0.209595 0.073753 -0.221451
v 0.209824 0.067497 -0.204056
v 0.210190 0.080956 -0.218903
v 0.210236 0.088600 -0.195740
v 0.210342 0.096832 -0.207443
v 0.210464 0.074890 -0.199677
v 0.210663 0.063660 -0.220505
v 0.210709 0.079704 -0.197571
v 0.210815 0.099358 -0.203659
v 0.210892 0.097305 -0.196457
v 0.211365 0.061726 -0.213257
v 0.211823 0.101440 -0.199692
v 0.211945 0.073875 -0.200409
v 0.212616 0.065086 -0.209198
v 0.212982 0.095268 -0.193375
v 0.212997 0.088097 -0.194229
v 0.213013 0.098557 -0.208298
v 0.213745 0.074600 -0.218887
v 0.213882 0.071182 -0.218582
v 0.213989 0.093254 -0.212723
v 0.213989 0.104225 -0.195755
v 0.214203 0.097298 -0.210037
v 0.214447 0.089851 -0.214584
v 0.214478 0.068024 -0.216019
v 0.214508 0.099571 -0.192215
v 0.214645 0.071533 -0.203506
v 0.214920 0.082481 -0.196014
v 0.215027 0.104652 -0.203262
v 0.215546 0.068901 -0.213776
v 0.215546 0.107498 -0.196136
v 0.215561 0.107292 -0.199188
v 0.216263 0.069656 -0.211349
v 0.216263 0.069992 -0.208771
v 0.216446 0.082436 -0.216309
v 0.216461 0.105591 -0.191391
v 0.216965 0.073013 -0.204575
v 0.217041 0.098534 -0.190201
v 0.217285 0.081924 -0.196640
v 0.217575 0.106606 -0.203934
v 0.217789 0.079590 -0.198471
v 0.218353 0.101318 -0.208527
v 0.218384 0.089615 -0.213837
v 0.218521 0.096992 -0.189697
v 0.218918 0.092003 -0.191360
v 0.218994 0.080612 -0.214401
v 0.219620 0.112801 -0.198654
v 0.219803 0.107674 -0.187637
v 0.220062 0.114670 -0.196091
v 0.220123 0.115303 -0.193939
v 0.220154 0.076958 -0.204468
v 0.220566 0.115616 -0.190750
v 0.220856 0.100410 -0.209229
v 0.220932 0.081673 -0.198837
v 0.220947 0.079727 -0.211166
v 0.221100 0.090820 -0.191940
v 0.221115 0.115311 -0.188568
v 0.221588 0.079224 -0.209045
v 0.221863 0.119781 -0.189697
v 0.222321 0.089714 -0.211731
v 0.222534 0.115250 -0.185898
v 0.222549 0.119591 -0.189987
v 0.222870 0.085640 -0.210892
v 0.222900 0.080933 -0.204483
v 0.222931 0.098602 -0.209610
v 0.222977 0.083382 -0.199295
v 0.223007 0.099579 -0.187515
v 0.223007 0.119240 -0.186829
v 0.223053 0.120232 -0.192368
v 0.223190 0.110466 -0.203705
v 0.223526 0.118958 -0.184204
v 0.223801 0.090324 -0.192993
v 0.223846 0.105949 -0.185120
v 0.223862 0.109604 -0.184402
v 0.223892 0.107643 -0.205551
v 0.223892 0.120651 -0.194519
v 0.223953 0.113503 -0.183960
v 0.223969 0.118843 -0.184662
v 0.224060 0.114998 -0.200714
v 0.224823 0.097511 -0.188431
v 0.225067 0.120766 -0.196030
v 0.225311 0.085281 -0.205353
v 0.225830 0.086945 -0.199066
v 0.226456 0.092873 -0.208145
v 0.226532 0.118553 -0.181641
v 0.226822 0.097801 -0.207870
v 0.226822 0.107018 -0.205566
v 0.227036 0.121170 -0.197525
v 0.227310 0.091797 -0.194321
v 0.227646 0.107521 -0.183517
v 0.227890 0.115692 -0.201462
v 0.227982 0.098488 -0.188568
v 0.228561 0.118347 -0.180237
v 0.229340 0.091843 -0.199142
v 0.229507 0.095383 -0.204697
v 0.229553 0.093735 -0.203598
v 0.230331 0.107376 -0.204178
v 0.230820 0.100334 -0.204300
v 0.230850 0.100342 -0.188660
v 0.230911 0.109528 -0.182419
v 0.230942 0.106071 -0.184433
v 0.230957 0.118202 -0.179077
v 0.231155 0.115982 -0.201218
v 0.231903 0.096512 -0.199661
v 0.233307 0.099876 -0.192398
v 0.233673 0.107414 -0.201920
v 0.233826 0.103165 -0.188431
v 0.234116 0.118027 -0.178299
v 0.234985 0.101685 -0.194260
v 0.235046 0.110168 -0.182938
v 0.235245 0.117455 -0.199570
v 0.235870 0.116417 -0.179077
v 0.236328 0.107651 -0.198730
v 0.236450 0.116234 -0.199203
v 0.237671 0.108337 -0.187210
v 0.238235 0.109108 -0.195984
v 0.238846 0.117935 -0.178909
v 0.239532 0.110168 -0.188324
v 0.239624 0.109779 -0.190552
v 0.239639 0.114410 -0.182114
v 0.239868 0.110428 -0.192368
v 0.239960 0.117424 -0.196442
v 0.241562 0.116867 -0.194489
v 0.241577 0.118011 -0.180435
v 0.241882 0.114876 -0.192581
v 0.243408 0.116287 -0.186996
v 0.243500 0.118256 -0.182419
v 0.244064 0.119560 -0.192017
v 0.244339 0.118439 -0.184265
v 0.244690 0.118942 -0.188690
s 1
f 13406 13402 13394
f 13394 13402 13384
f 13384 13402 13396
f 13394 13384 13395
f 13394 13395 13406
f 13406 13395 13404
f 13406 13404 13411
f 13404 13395 13393
f 13393 13395 13386
f 13404 13393 13401
f 13411 13404 13414
f 13414 13404 13401
f 13411 13414 13418
f 13418 13414 13421
f 13414 13401 13409
f 13414 13409 13421
f 13409 13401 13399
f 13421 13409 13412
f 13412 13409 13399
f 13421 13412 13423
f 13412 13399 13403
f 13423 13412 13420
f 13423 13420 13424
f 13412 13403 13413
f 13412 13413 13420
f 13413 13403 13415
f 13413 13415 13420
f 13420 13415 13424
f 13415 13403 13398
f 13415 13398 13410
f 13424 13415 13419
f 13419 13415 13410
f 13424 13419 13422
f 13422 13419 13417
f 13417 13419 13410
f 13417 13410 13407
f 13407 13410 13390
f 13417 13407 13400
f 13417 13400 13416
f 13416 13400 13408
f 13408 13400 13391
f 13408 13391 13405
f 13367 13396 13368
f 13396 13367 13384
f 13367 13368 13332
f 13332 13368 13342
f 13387 13379 13368
f 13368 13379 13371
f 13368 13371 13342
f 13342 13371 13355
f 13355 13371 13372
f 13342 13355 13330
f 13355 13372 13351
f 13355 13351 13330
f 13361 13384 13367
f 13384 13361 13374
f 13384 13374 13395
f 13395 13374 13386
f 13372 13365 13362
f 13362 13365 13353
f 13372 13362 13351
f 13362 13353 13356
f 13356 13353 13363
f 13351 13362 13346
f 13346 13362 13356
f 13351 13346 13325
f 13346 13356 13344
f 13346 13344 13325
f 13344 13356 13363
f 13325 13344 13343
f 13343 13344 13363
f 13343 13363 13370
f 13343 13370 13375
f 13343 13375 13341
f 13338 13361 13367
f 13338 13367 13332
f 13350 13374 13361
f 13350 13361 13339
f 13339 13361 13338
f 13339 13338 13311
f 13339 13311 13303
f 13311 13338 13332
f 13311 13332 13299
f 13299 13332 13310
f 13299 13310 13292
f 13310 13332 13320
f 13310 13320 13292
f 13320 13332 13342
f 13292 13320 13305
f 13386 13374 13350
f 13339 13322 13350
f 13350 13322 13333
f 13386 13350 13366
f 13366 13350 13333
f 13366 13333 13335
f 13386 13366 13393
f 13366 13335 13348
f 13393 13366 13383
f 13383 13366 13348
f 13393 13383 13401
f 13383 13348 13360
f 13401 13383 13399
f 13383 13360 13377
f 13383 13377 13399
f 13399 13377 13388
f 13388 13377 13358
f 13399 13388 13403
f 13388 13358 13376
f 13403 13388 13398
f 13398 13388 13376
f 13398 13376 13390
f 13398 13390 13410
f 13320 13342 13330
f 13320 13330 13305
f 13305 13330 13316
f 13316 13330 13351
f 13316 13351 13325
f 13305 13316 13279
f 13279 13316 13284
f 13322 13339 13303
f 13322 13303 13301
f 13301 13303 13283
f 13283 13303 13269
f 13322 13301 13308
f 13308 13301 13283
f 13322 13308 13333
f 13308 13283 13297
f 13333 13308 13335
f 13335 13308 13297
f 13335 13297 13321
f 13335 13321 13348
f 13348 13321 13331
f 13331 13321 13309
f 13348 13331 13360
f 13331 13309 13328
f 13360 13331 13345
f 13345 13331 13328
f 13360 13345 13377
f 13377 13345 13358
f 13358 13345 13328
f 13358 13328 13327
f 13358 13327 13352
f 13358 13352 13376
f 13352 13327 13324
f 13376 13352 13349
f 13349 13352 13324
f 13291 13303 13311
f 13303 13291 13269
f 13291 13311 13280
f 13280 13311 13299
f 13291 13280 13247
f 13247 13280 13261
f 13307 13316 13325
f 13316 13307 13284
f 13284 13307 13304
f 13307 13325 13326
f 13307 13326 13304
f 13326 13325 13343
f 13326 13343 13341
f 13304 13326 13323
f 13323 13326 13341
f 13304 13323 13300
f 13304 13300 13278
f 13323 13341 13334
f 13323 13334 13300
f 13334 13341 13375
f 13300 13334 13312
f 13312 13334 13317
f 13292 13305 13268
f 13268 13305 13279
f 13292 13268 13270
f 13292 13270 13299
f 13299 13270 13280
f 13280 13270 13261
f 13261 13270 13252
f 13252 13270 13268
f 13252 13268 13241
f 13241 13268 13242
f 13263 13268 13279
f 13268 13263 13242
f 13263 13279 13284
f 13242 13263 13249
f 13263 13284 13278
f 13278 13284 13304
f 13249 13263 13266
f 13266 13263 13278
f 13249 13266 13256
f 13266 13278 13274
f 13266 13274 13256
f 13274 13278 13300
f 13256 13274 13238
f 13375 13382 13373
f 13375 13373 13334
f 13364 13373 13385
f 13392 13400 13407
f 13400 13392 13380
f 13380 13392 13378
f 13389 13407 13390
f 13407 13389 13392
f 13381 13405 13391
f 13369 13385 13397
f 13385 13369 13364
f 13364 13369 13336
f 13269 13291 13247
f 13237 13247 13261
f 13247 13237 13232
f 13232 13237 13213
f 13247 13232 13258
f 13258 13232 13235
f 13369 13397 13381
f 13369 13381 13347
f 13369 13347 13336
f 13347 13381 13359
f 13336 13347 13315
f 13336 13315 13317
f 13336 13317 13364
f 13364 13317 13334
f 13315 13347 13318
f 13318 13347 13359
f 13359 13381 13391
f 13318 13359 13337
f 13359 13391 13380
f 13359 13380 13337
f 13380 13391 13400
f 13337 13380 13354
f 13272 13283 13269
f 13272 13269 13258
f 13258 13269 13247
f 13272 13258 13257
f 13257 13258 13235
f 13239 13261 13252
f 13261 13239 13237
f 13239 13252 13228
f 13239 13228 13237
f 13237 13228 13204
f 13228 13252 13241
f 13204 13228 13208
f 13208 13228 13221
f 13221 13228 13241
f 13208 13221 13207
f 13207 13221 13219
f 13219 13221 13241
f 13219 13241 13242
f 13219 13242 13223
f 13219 13223 13200
f 13223 13242 13249
f 13200 13223 13216
f 13223 13249 13234
f 13223 13234 13216
f 13234 13249 13256
f 13216 13234 13238
f 13238 13234 13256
f 13287 13321 13297
f 13283 13272 13297
f 13297 13272 13287
f 13287 13272 13255
f 13255 13272 13257
f 13287 13255 13267
f 13321 13287 13294
f 13294 13287 13267
f 13321 13294 13309
f 13294 13267 13281
f 13294 13281 13309
f 13309 13281 13306
f 13309 13306 13328
f 13328 13306 13327
f 13349 13390 13376
f 13390 13349 13389
f 13378 13392 13389
f 13378 13389 13357
f 13378 13357 13354
f 13378 13354 13380
f 13334 13373 13364
f 13349 13357 13389
f 13319 13349 13324
f 13349 13319 13302
f 13349 13302 13314
f 13357 13349 13340
f 13340 13349 13314
f 13357 13340 13354
f 13340 13314 13313
f 13354 13340 13329
f 13329 13340 13313
f 13289 13300 13312
f 13300 13289 13274
f 13274 13289 13254
f 13289 13312 13317
f 13254 13289 13276
f 13289 13317 13293
f 13289 13293 13276
f 13293 13317 13315
f 13293 13315 13318
f 13276 13293 13290
f 13290 13293 13318
f 13276 13290 13265
f 13290 13318 13298
f 13290 13298 13271
f 13298 13318 13337
f 13298 13337 13296
f 13296 13337 13329
f 13329 13337 13354
f 13296 13329 13313
f 13255 13257 13235
f 13213 13237 13204
f 13255 13235 13231
f 13255 13231 13230
f 13255 13230 13246
f 13231 13235 13217
f 13230 13231 13209
f 13209 13231 13217
f 13230 13209 13214
f 13230 13214 13227
f 13209 13217 13185
f 13217 13235 13232
f 13185 13217 13202
f 13202 13217 13232
f 13202 13232 13213
f 13202 13213 13204
f 13202 13204 13187
f 13187 13204 13195
f 13195 13204 13208
f 13246 13267 13255
f 13306 13295 13327
f 13295 13306 13288
f 13288 13306 13281
f 13324 13327 13295
f 13281 13275 13288
f 13275 13281 13245
f 13245 13281 13267
f 13288 13275 13277
f 13288 13277 13295
f 13295 13277 13259
f 13295 13259 13285
f 13267 13246 13245
f 13245 13246 13227
f 13227 13246 13230
f 13245 13227 13226
f 13245 13226 13251
f 13245 13251 13275
f 13251 13226 13229
f 13275 13251 13277
f 13251 13229 13240
f 13277 13251 13260
f 13260 13251 13240
f 13277 13260 13259
f 13259 13260 13240
f 13259 13240 13222
f 13259 13222 13244
f 13254 13238 13274
f 13295 13319 13324
f 13319 13295 13285
f 13319 13285 13302
f 13214 13209 13198
f 13198 13209 13185
f 13214 13198 13199
f 13198 13185 13180
f 13198 13180 13199
f 13180 13185 13161
f 13199 13180 13190
f 13208 13207 13191
f 13208 13191 13195
f 13195 13191 13178
f 13191 13207 13200
f 13200 13207 13219
f 13185 13202 13175
f 13175 13202 13187
f 13271 13298 13296
f 13243 13276 13265
f 13276 13243 13254
f 13254 13243 13218
f 13254 13218 13238
f 13238 13218 13216
f 13243 13265 13253
f 13243 13253 13233
f 13253 13265 13271
f 13271 13265 13290
f 13253 13271 13262
f 13314 13286 13313
f 13313 13286 13296
f 13286 13314 13282
f 13286 13282 13262
f 13282 13314 13302
f 13205 13227 13214
f 13205 13214 13199
f 13205 13199 13190
f 13227 13205 13226
f 13226 13205 13210
f 13226 13210 13229
f 13229 13210 13215
f 13229 13215 13222
f 13229 13222 13240
f 13273 13302 13285
f 13302 13273 13264
f 13302 13264 13282
f 13187 13195 13169
f 13187 13169 13175
f 13175 13169 13143
f 13169 13195 13178
f 13169 13178 13164
f 13169 13164 13149
f 13164 13178 13176
f 13149 13164 13151
f 13151 13164 13176
f 13151 13176 13156
f 13156 13176 13193
f 13156 13193 13167
f 13156 13167 13147
f 13200 13216 13193
f 13193 13216 13194
f 13200 13193 13176
f 13200 13176 13191
f 13191 13176 13178
f 13194 13216 13218
f 13194 13218 13188
f 13188 13218 13203
f 13157 13185 13175
f 13185 13157 13161
f 13262 13296 13286
f 13296 13262 13271
f 13273 13285 13259
f 13273 13259 13244
f 13264 13250 13282
f 13282 13250 13262
f 13262 13250 13236
f 13262 13236 13224
f 13262 13224 13253
f 13224 13236 13211
f 13248 13273 13244
f 13248 13244 13225
f 13273 13248 13264
f 13264 13248 13250
f 13250 13248 13220
f 13250 13220 13236
f 13218 13243 13233
f 13218 13233 13203
f 13203 13233 13197
f 13197 13233 13224
f 13224 13233 13253
f 13190 13180 13174
f 13174 13180 13159
f 13174 13159 13153
f 13153 13159 13141
f 13159 13180 13161
f 13141 13159 13146
f 13146 13159 13161
f 13146 13161 13157
f 13146 13157 13133
f 13133 13157 13143
f 13157 13175 13143
f 13149 13143 13169
f 13190 13173 13205
f 13173 13190 13174
f 13173 13174 13153
f 13173 13153 13142
f 13225 13222 13212
f 13212 13222 13215
f 13225 13212 13201
f 13225 13201 13220
f 13225 13220 13248
f 13220 13201 13196
f 13225 13244 13222
f 13194 13167 13193
f 13167 13194 13188
f 13167 13188 13158
f 13158 13188 13168
f 13168 13188 13203
f 13184 13210 13205
f 13184 13189 13210
f 13136 13149 13151
f 13149 13136 13127
f 13149 13127 13143
f 13127 13136 13123
f 13189 13215 13210
f 13173 13184 13205
f 13184 13173 13160
f 13184 13160 13166
f 13184 13166 13189
f 13189 13166 13171
f 13189 13171 13192
f 13192 13171 13186
f 13192 13186 13212
f 13186 13171 13170
f 13212 13186 13201
f 13186 13170 13177
f 13186 13177 13201
f 13201 13177 13179
f 13179 13177 13165
f 13140 13151 13156
f 13140 13156 13147
f 13151 13140 13136
f 13136 13140 13122
f 13122 13140 13130
f 13141 13146 13129
f 13129 13146 13133
f 13133 13143 13125
f 13125 13143 13127
f 13206 13236 13220
f 13206 13220 13196
f 13206 13196 13182
f 13236 13206 13211
f 13206 13182 13181
f 13206 13181 13211
f 13211 13181 13197
f 13211 13197 13224
f 13197 13181 13183
f 13197 13183 13203
f 13203 13183 13168
f 13192 13215 13189
f 13192 13212 13215
f 13147 13167 13158
f 13140 13147 13130
f 13130 13147 13126
f 13126 13147 13132
f 13132 13147 13158
f 13132 13158 13168
f 13132 13168 13162
f 13132 13162 13131
f 13162 13168 13183
f 13162 13183 13181
f 13123 13136 13122
f 13173 13142 13160
f 13127 13123 13117
f 13160 13137 13166
f 13172 13181 13182
f 13172 13182 13163
f 13181 13172 13155
f 13181 13155 13162
f 13115 13123 13122
f 13115 13122 13114
f 13114 13122 13118
f 13118 13122 13130
f 13118 13130 13126
f 13179 13196 13201
f 13196 13179 13182
f 13152 13171 13166
f 13152 13166 13144
f 13171 13152 13170
f 13170 13152 13145
f 13163 13182 13179
f 13154 13179 13165
f 13179 13154 13163
f 13154 13165 13145
f 13145 13165 13170
f 13170 13165 13177
f 13163 13154 13150
f 13150 13154 13139
f 13150 13139 13134
f 13163 13150 13148
f 13148 13150 13134
f 13163 13148 13172
f 13148 13134 13138
f 13148 13138 13155
f 13135 13131 13162
f 13118 13126 13119
f 13118 13119 13116
f 13119 13126 13121
f 13119 13121 13116
f 13121 13126 13132
f 13116 13121 13120
f 13155 13135 13162
f 13148 13155 13172
f 13138 13135 13155
f 13135 13138 13128
f 13128 13138 13134
f 13128 13134 13124
f 13128 13124 13120
f 13128 13120 13135
f 13135 13120 13121
f 13135 13121 13131
f 13131 13121 13132
o tripo_part_16
v 0.044090 -0.112160 -0.216599
v 0.047691 -0.108490 -0.223694
v 0.048000 -0.107124 -0.227951
v 0.048882 -0.109062 -0.218796
v 0.049355 -0.106056 -0.230743
v 0.050697 -0.104286 -0.232880
v 0.052612 -0.108147 -0.213837
v 0.053097 -0.102318 -0.234848
v 0.056126 -0.100288 -0.235748
v 0.056477 -0.106224 -0.211517
v 0.057472 -0.117233 -0.228897
v 0.057941 -0.098457 -0.237030
v 0.059685 -0.098190 -0.235748
v 0.060184 -0.118835 -0.220718
v 0.060303 -0.103844 -0.210617
v 0.061584 -0.109619 -0.237564
v 0.061848 -0.096306 -0.234680
v 0.061913 -0.119370 -0.233734
v 0.062859 -0.123055 -0.227997
v 0.064064 -0.115753 -0.237656
v 0.064400 -0.094788 -0.232895
v 0.064766 -0.100006 -0.211899
v 0.065208 -0.086853 -0.256500
v 0.066010 -0.121109 -0.218536
v 0.066292 -0.093758 -0.230804
v 0.067619 -0.096901 -0.214737
v 0.069069 -0.093239 -0.223999
v 0.069077 -0.094406 -0.219162
v 0.069954 -0.124825 -0.238174
v 0.071754 -0.129913 -0.235825
v 0.072716 -0.105118 -0.237152
v 0.073128 -0.109558 -0.239441
v 0.073853 -0.133438 -0.229294
v 0.074173 -0.117203 -0.241516
v 0.074333 -0.125565 -0.218613
v 0.074577 -0.101059 -0.232254
v 0.075027 -0.121376 -0.242065
v 0.075348 -0.107552 -0.216095
v 0.076744 -0.113617 -0.215775
v 0.080353 -0.138535 -0.228195
v 0.080444 -0.130112 -0.243530
v 0.080635 -0.139679 -0.236328
v 0.080727 -0.106873 -0.221710
v 0.081093 -0.124397 -0.217728
v 0.082588 -0.106888 -0.229919
v 0.084061 -0.111908 -0.237381
v 0.084435 -0.108620 -0.226913
v 0.084747 -0.122086 -0.243774
v 0.085075 -0.117699 -0.241653
v 0.085548 -0.134003 -0.221024
v 0.086479 -0.111588 -0.234009
v 0.086525 -0.127151 -0.245438
v 0.087097 -0.143326 -0.227875
v 0.088493 -0.145874 -0.241455
v 0.089317 -0.143997 -0.244308
v 0.089989 -0.122643 -0.220703
v 0.090088 -0.143219 -0.225830
v 0.090111 -0.141006 -0.246292
v 0.091599 -0.150482 -0.237747
v 0.092163 -0.128891 -0.220901
v 0.092682 -0.120049 -0.223969
v 0.092690 -0.126877 -0.245270
v 0.093582 -0.137863 -0.248260
v 0.096176 -0.144455 -0.248871
v 0.096634 -0.122513 -0.239807
v 0.098618 -0.121948 -0.234039
v 0.098732 -0.145615 -0.225266
v 0.099121 -0.123283 -0.229752
v 0.100845 -0.140366 -0.250122
v 0.101624 -0.130295 -0.244766
v 0.101768 -0.143402 -0.224701
v 0.101845 -0.136108 -0.248596
v 0.102806 -0.154984 -0.249847
v 0.103584 -0.161591 -0.239548
v 0.103706 -0.127655 -0.239105
v 0.103836 -0.161850 -0.242996
v 0.104057 -0.157059 -0.231323
v 0.104362 -0.161057 -0.236328
v 0.104637 -0.162048 -0.245316
v 0.107147 -0.150497 -0.252899
v 0.107307 -0.162750 -0.249069
v 0.107849 -0.143814 -0.226303
v 0.108719 -0.162842 -0.234299
v 0.109314 -0.157898 -0.230164
v 0.111076 -0.134094 -0.237366
v 0.111664 -0.159073 -0.254364
v 0.111862 -0.142136 -0.228821
v 0.112015 -0.156296 -0.229187
v 0.112030 -0.148514 -0.253235
v 0.112793 -0.165833 -0.252716
v 0.113098 -0.142670 -0.249954
v 0.113983 -0.139969 -0.232101
v 0.117149 -0.174805 -0.244873
v 0.117256 -0.142593 -0.247131
v 0.118332 -0.156097 -0.230072
v 0.119026 -0.142578 -0.237259
v 0.119408 -0.142380 -0.243149
v 0.120094 -0.168762 -0.256866
v 0.120842 -0.161652 -0.257477
v 0.120972 -0.178391 -0.248779
v 0.120995 -0.151810 -0.253784
v 0.122185 -0.170639 -0.234665
v 0.122673 -0.155319 -0.231781
v 0.124649 -0.180679 -0.243179
v 0.125107 -0.181000 -0.253601
v 0.125381 -0.182678 -0.249481
v 0.125748 -0.178970 -0.256683
v 0.126846 -0.168594 -0.233704
v 0.128250 -0.177200 -0.259521
v 0.128723 -0.160751 -0.257233
v 0.128876 -0.154739 -0.236450
v 0.130936 -0.183380 -0.241211
v 0.131577 -0.168991 -0.210922
v 0.131683 -0.179672 -0.290192
v 0.131699 -0.138580 -0.261505
v 0.131699 -0.191177 -0.212784
v 0.131714 -0.155182 -0.284058
v 0.131714 -0.200714 -0.282288
v 0.131729 -0.175278 -0.261475
v 0.131760 -0.212875 -0.234253
v 0.131775 -0.147263 -0.220520
v 0.131790 -0.145813 -0.273315
v 0.131790 -0.213943 -0.259796
v 0.131805 -0.138107 -0.234467
v 0.131973 -0.145218 -0.229584
v 0.131973 -0.207855 -0.219803
v 0.132004 -0.185471 -0.255341
v 0.132095 -0.159531 -0.218781
v 0.132126 -0.219101 -0.262848
v 0.132172 -0.193741 -0.218567
v 0.132187 -0.133087 -0.245407
v 0.132187 -0.209503 -0.279480
v 0.132278 -0.196793 -0.210342
v 0.132370 -0.187180 -0.248138
v 0.132431 -0.181458 -0.205368
v 0.132446 -0.165604 -0.282867
v 0.132446 -0.181870 -0.259430
v 0.132538 -0.158249 -0.253876
v 0.132553 -0.158539 -0.208542
v 0.132568 -0.178375 -0.295441
v 0.132584 -0.136093 -0.270538
v 0.132584 -0.143295 -0.257080
v 0.132614 -0.197861 -0.276611
v 0.132629 -0.181564 -0.238937
v 0.132645 -0.150665 -0.271362
v 0.132675 -0.143967 -0.239426
v 0.132675 -0.184830 -0.216797
v 0.132721 -0.206589 -0.265533
v 0.132736 -0.184311 -0.282684
v 0.132751 -0.169312 -0.217239
v 0.132782 -0.152054 -0.227295
v 0.132782 -0.153946 -0.290497
v 0.132812 -0.208923 -0.238800
v 0.132812 -0.210205 -0.252747
v 0.132858 -0.203308 -0.229599
v 0.132935 -0.220947 -0.234055
v 0.133224 -0.194855 -0.294189
v 0.133453 -0.146500 -0.249512
v 0.133514 -0.184967 -0.279144
v 0.133530 -0.155289 -0.269897
v 0.133530 -0.163071 -0.276947
v 0.133545 -0.150085 -0.261993
v 0.133545 -0.195511 -0.273743
v 0.133560 -0.170090 -0.279602
v 0.133575 -0.149902 -0.238556
v 0.133591 -0.207718 -0.250397
v 0.133606 -0.154282 -0.231277
v 0.133606 -0.202881 -0.265533
v 0.133606 -0.205261 -0.238266
v 0.133652 -0.193665 -0.224335
v 0.133667 -0.159821 -0.226059
v 0.133667 -0.177429 -0.219421
v 0.133759 -0.158508 -0.295349
v 0.133850 -0.157211 -0.225296
v 0.133881 -0.167511 -0.222321
v 0.133926 -0.128738 -0.242966
v 0.133957 -0.200500 -0.232956
v 0.134003 -0.128662 -0.259125
v 0.134018 -0.147858 -0.249542
v 0.134033 -0.176163 -0.200241
v 0.134048 -0.173340 -0.278412
v 0.134079 -0.205627 -0.249054
v 0.134094 -0.148224 -0.236603
v 0.134094 -0.148407 -0.263824
v 0.134125 -0.191437 -0.274780
v 0.134125 -0.194138 -0.203079
v 0.134140 -0.165329 -0.220444
v 0.134140 -0.225006 -0.247589
v 0.134216 -0.175674 -0.218445
v 0.134216 -0.181183 -0.278137
v 0.134232 -0.133942 -0.223846
v 0.134247 -0.145172 -0.249069
v 0.134247 -0.177185 -0.221024
v 0.134247 -0.199921 -0.266632
v 0.134262 -0.169357 -0.280457
v 0.134262 -0.185623 -0.219482
v 0.134308 -0.159851 -0.276611
v 0.134308 -0.176743 -0.281616
v 0.134308 -0.193695 -0.223206
v 0.134308 -0.204056 -0.258453
v 0.134354 -0.163925 -0.275543
v 0.134384 -0.207169 -0.258240
v 0.134430 -0.144165 -0.211914
v 0.134430 -0.193710 -0.226593
v 0.134445 -0.201004 -0.229202
v 0.134445 -0.208099 -0.290131
v 0.134506 -0.203705 -0.240479
v 0.134521 -0.175552 -0.300476
v 0.134583 -0.190369 -0.278534
v 0.134583 -0.215714 -0.216949
v 0.134598 -0.208344 -0.244476
v 0.134674 -0.186722 -0.223236
v 0.134689 -0.201675 -0.269440
v 0.134781 -0.142883 -0.287598
v 0.134979 -0.210724 -0.210846
v 0.135132 -0.225021 -0.271484
v 0.135223 -0.162964 -0.256836
v 0.135300 -0.225403 -0.231110
v 0.135361 -0.158112 -0.202362
v 0.135559 -0.129852 -0.229034
v 0.135605 -0.133560 -0.277588
v 0.135727 -0.169998 -0.235855
v 0.135742 -0.199066 -0.202545
v 0.135956 -0.196472 -0.298584
v 0.136154 -0.155823 -0.297577
v 0.136215 -0.169083 -0.198502
v 0.136307 -0.158829 -0.250214
v 0.136383 -0.158173 -0.246109
v 0.136948 -0.218735 -0.283112
v 0.137009 -0.164200 -0.237930
v 0.137070 -0.124580 -0.251251
v 0.137207 -0.186188 -0.256500
v 0.137238 -0.176163 -0.222443
v 0.137344 -0.228943 -0.242844
v 0.137421 -0.171906 -0.261871
v 0.137436 -0.166046 -0.258820
v 0.137466 -0.200851 -0.262665
v 0.137497 -0.160355 -0.242752
v 0.137512 -0.185394 -0.224152
v 0.137512 -0.189484 -0.274048
v 0.137558 -0.203735 -0.246902
v 0.137634 -0.151031 -0.258362
v 0.137665 -0.124573 -0.242081
v 0.137665 -0.181259 -0.237900
v 0.137787 -0.177307 -0.262238
v 0.137802 -0.195023 -0.199356
v 0.137909 -0.227585 -0.269257
v 0.137939 -0.166702 -0.275146
v 0.137939 -0.167160 -0.224762
v 0.137939 -0.188675 -0.249329
v 0.137970 -0.155975 -0.267059
v 0.138031 -0.198700 -0.233871
v 0.138138 -0.181458 -0.196564
v 0.138214 -0.152176 -0.239395
v 0.138245 -0.159531 -0.250977
v 0.138245 -0.195267 -0.269287
v 0.138275 -0.159210 -0.229630
v 0.138321 -0.174133 -0.236237
v 0.138351 -0.167557 -0.236328
v 0.138397 -0.186737 -0.242676
v 0.138412 -0.179977 -0.276215
v 0.138428 -0.202484 -0.256042
v 0.138489 -0.220291 -0.217377
v 0.138504 -0.150360 -0.247421
v 0.138504 -0.201538 -0.240463
v 0.138580 -0.159424 -0.242142
v 0.138596 -0.124687 -0.261200
v 0.138596 -0.176239 -0.264160
v 0.138596 -0.185471 -0.258820
v 0.138641 -0.165771 -0.260529
v 0.138687 -0.182983 -0.237274
v 0.138718 -0.192123 -0.228485
v 0.138733 -0.145355 -0.206467
v 0.138748 -0.166199 -0.272095
v 0.138748 -0.190475 -0.251038
v 0.138763 -0.194962 -0.264526
v 0.138779 -0.179230 -0.224564
v 0.138779 -0.204651 -0.203644
v 0.138885 -0.168915 -0.228271
v 0.138931 -0.154846 -0.258942
v 0.138962 -0.169144 -0.302887
v 0.139053 -0.179077 -0.303528
v 0.139084 -0.228546 -0.232498
v 0.139664 -0.206345 -0.295715
v 0.139725 -0.138947 -0.211227
v 0.139954 -0.215820 -0.288147
v 0.139999 -0.142685 -0.291748
v 0.140198 -0.157837 -0.198822
v 0.140472 -0.126801 -0.270203
v 0.141312 -0.171249 -0.195358
v 0.141403 -0.212830 -0.208206
v 0.141754 -0.125397 -0.231308
v 0.142212 -0.132294 -0.281891
v 0.142349 -0.155106 -0.300415
v 0.142426 -0.129211 -0.221878
v 0.142609 -0.195221 -0.301880
v 0.143402 -0.232117 -0.241089
v 0.145004 -0.228104 -0.273987
v 0.145569 -0.189163 -0.195374
v 0.145813 -0.201340 -0.199478
v 0.145828 -0.121002 -0.249985
v 0.145935 -0.216309 -0.209991
v 0.146637 -0.229782 -0.229980
v 0.146881 -0.160461 -0.195877
v 0.147278 -0.232941 -0.245117
v 0.147522 -0.122009 -0.238342
v 0.147552 -0.211548 -0.293884
v 0.147766 -0.171280 -0.305695
v 0.147888 -0.126572 -0.274719
v 0.147934 -0.173676 -0.193375
v 0.148224 -0.231537 -0.265259
v 0.148239 -0.121803 -0.261993
v 0.148239 -0.132111 -0.215118
v 0.148331 -0.147034 -0.297760
v 0.148727 -0.222229 -0.216354
v 0.148834 -0.188095 -0.304749
v 0.149002 -0.142624 -0.204849
v 0.149872 -0.124512 -0.227646
v 0.150238 -0.132477 -0.284668
v 0.150345 -0.138123 -0.290985
v 0.151566 -0.218475 -0.287811
v 0.151810 -0.150604 -0.199539
v 0.151993 -0.200500 -0.300995
v 0.152435 -0.214417 -0.207718
v 0.152863 -0.155502 -0.302094
v 0.152954 -0.197571 -0.197205
v 0.152969 -0.212219 -0.293549
v 0.153030 -0.228836 -0.273651
v 0.153061 -0.232574 -0.237106
v 0.153152 -0.180557 -0.193268
v 0.153229 -0.120552 -0.250305
v 0.153854 -0.121880 -0.263123
v 0.153854 -0.203278 -0.200272
v 0.153976 -0.192734 -0.195801
v 0.154373 -0.134781 -0.212219
v 0.154434 -0.127319 -0.276520
v 0.154587 -0.228104 -0.226776
v 0.155106 -0.160538 -0.195679
v 0.155228 -0.176819 -0.305908
v 0.155518 -0.230942 -0.266296
v 0.156387 -0.194992 -0.302643
v 0.156631 -0.166351 -0.304321
v 0.156723 -0.221039 -0.215546
v 0.156738 -0.128952 -0.220261
v 0.156952 -0.232391 -0.243866
v 0.157150 -0.125702 -0.226273
v 0.157211 -0.122284 -0.239441
v 0.157333 -0.142731 -0.205582
v 0.158127 -0.172470 -0.194229
v 0.158325 -0.121696 -0.253052
v 0.158463 -0.124153 -0.266815
v 0.158707 -0.134186 -0.284973
v 0.158783 -0.153732 -0.299988
v 0.159363 -0.144150 -0.294281
v 0.159836 -0.206375 -0.296021
v 0.160263 -0.182709 -0.195297
v 0.160461 -0.157181 -0.198700
v 0.160751 -0.179733 -0.225494
v 0.160751 -0.229568 -0.233322
v 0.160812 -0.198227 -0.236237
v 0.160873 -0.155029 -0.234589
v 0.160904 -0.201920 -0.256348
v 0.160950 -0.192551 -0.271576
v 0.160965 -0.163696 -0.273254
v 0.160980 -0.196381 -0.198776
v 0.160980 -0.206924 -0.204346
v 0.161057 -0.153717 -0.263336
v 0.161209 -0.161240 -0.227982
v 0.161377 -0.186279 -0.275360
v 0.161453 -0.171844 -0.242294
v 0.161484 -0.190659 -0.226349
v 0.161514 -0.175385 -0.222763
v 0.161606 -0.170746 -0.256500
v 0.161652 -0.167816 -0.247696
v 0.161697 -0.183395 -0.243637
v 0.161728 -0.176590 -0.240646
v 0.161743 -0.179977 -0.258270
v 0.161804 -0.148743 -0.248108
v 0.161804 -0.185562 -0.250732
v 0.161804 -0.199600 -0.265045
v 0.162064 -0.174774 -0.277649
v 0.162064 -0.214645 -0.288788
v 0.162079 -0.204529 -0.246887
v 0.162369 -0.227890 -0.269623
v 0.162384 -0.133423 -0.281006
v 0.162384 -0.215103 -0.211243
v 0.162399 -0.186844 -0.302429
v 0.162613 -0.199081 -0.233109
v 0.162888 -0.176178 -0.303345
v 0.162994 -0.221573 -0.219162
v 0.163177 -0.175522 -0.196533
v 0.163330 -0.199326 -0.298218
v 0.163422 -0.219193 -0.282867
v 0.163498 -0.126312 -0.235916
v 0.163712 -0.141464 -0.210510
v 0.163910 -0.203293 -0.203979
v 0.164078 -0.204285 -0.241791
v 0.164093 -0.192398 -0.199310
v 0.164139 -0.168015 -0.301331
v 0.164154 -0.205109 -0.254883
v 0.164200 -0.207230 -0.242035
v 0.164322 -0.175751 -0.218201
v 0.164322 -0.205307 -0.236221
v 0.164368 -0.208221 -0.252045
v 0.164429 -0.131378 -0.224152
v 0.164444 -0.228149 -0.240005
v 0.164520 -0.166306 -0.198914
v 0.164520 -0.202835 -0.231796
v 0.164551 -0.125504 -0.247665
v 0.164627 -0.145584 -0.244308
v 0.164719 -0.175629 -0.281525
v 0.164780 -0.154343 -0.296753
v 0.164810 -0.185211 -0.219513
v 0.164825 -0.194199 -0.223495
v 0.164841 -0.152161 -0.229996
v 0.164902 -0.161972 -0.221909
v 0.164902 -0.223557 -0.226700
v 0.164948 -0.185974 -0.280212
v 0.164978 -0.163895 -0.276154
v 0.164978 -0.165756 -0.279388
v 0.165024 -0.200256 -0.266815
v 0.165100 -0.153549 -0.267090
v 0.165131 -0.146210 -0.256744
v 0.165176 -0.177505 -0.278595
v 0.165192 -0.194778 -0.276031
v 0.165207 -0.202499 -0.268219
v 0.165207 -0.223297 -0.271454
v 0.165222 -0.157364 -0.274780
v 0.165253 -0.127304 -0.261963
v 0.165253 -0.150833 -0.267212
v 0.165268 -0.194214 -0.226639
v 0.165283 -0.189056 -0.276276
v 0.165344 -0.208893 -0.289734
v 0.165375 -0.148468 -0.256531
v 0.165405 -0.156738 -0.203125
v 0.165497 -0.148102 -0.242966
v 0.165512 -0.133972 -0.276031
v 0.165527 -0.204086 -0.235062
v 0.165543 -0.179550 -0.280670
v 0.165573 -0.162506 -0.223999
v 0.165649 -0.194687 -0.297302
v 0.165665 -0.206161 -0.259827
v 0.165756 -0.145050 -0.288635
v 0.165756 -0.152939 -0.232376
v 0.165771 -0.182831 -0.220810
v 0.165771 -0.198044 -0.224823
v 0.165771 -0.207047 -0.244965
v 0.165802 -0.199692 -0.229919
v 0.165833 -0.212112 -0.213593
v 0.165848 -0.201050 -0.268738
v 0.165909 -0.171783 -0.220291
v 0.165970 -0.175797 -0.299774
v 0.165970 -0.190247 -0.201782
v 0.166016 -0.201996 -0.206802
v 0.166122 -0.141479 -0.214859
v 0.166122 -0.174881 -0.282684
v 0.166245 -0.143967 -0.255768
v 0.166336 -0.209305 -0.257385
v 0.166397 -0.131256 -0.231567
v 0.166412 -0.210052 -0.244095
v 0.166443 -0.178009 -0.200912
v 0.166565 -0.172226 -0.255676
v 0.166580 -0.180847 -0.255920
v 0.166595 -0.175720 -0.241638
v 0.166656 -0.172073 -0.216141
v 0.166687 -0.184586 -0.248810
v 0.166763 -0.144852 -0.237625
v 0.166977 -0.165619 -0.282013
v 0.166992 -0.155228 -0.222839
v 0.167068 -0.221970 -0.261536
v 0.167328 -0.131546 -0.249878
v 0.167374 -0.160339 -0.292511
v 0.167465 -0.169434 -0.250092
v 0.167480 -0.181351 -0.243515
v 0.167496 -0.151321 -0.274384
v 0.167542 -0.162689 -0.206833
v 0.167648 -0.192596 -0.217819
v 0.167664 -0.170853 -0.244873
v 0.167679 -0.205917 -0.227249
v 0.167755 -0.140900 -0.258911
v 0.167770 -0.219376 -0.237946
v 0.167816 -0.196991 -0.280365
v 0.167877 -0.208115 -0.281281
v 0.167938 -0.186356 -0.292389
v 0.168015 -0.138733 -0.269257
v 0.168045 -0.145508 -0.278992
v 0.168045 -0.216019 -0.251770
v 0.168060 -0.195724 -0.211258
v 0.168091 -0.137329 -0.235565
v 0.168152 -0.185486 -0.287140
v 0.168167 -0.161880 -0.213760
v 0.168167 -0.211411 -0.225861
v 0.168182 -0.164108 -0.288025
v 0.168182 -0.174210 -0.209229
v 0.168198 -0.142258 -0.228210
v 0.168289 -0.208466 -0.272247
v 0.168625 -0.181854 -0.250427
v 0.169220 -0.175110 -0.251617
s 1
f 13754 13773 13734
f 13754 13734 13723
f 13754 13723 13758
f 13758 13723 13750
f 13754 13758 13780
f 13754 13780 13773
f 13780 13758 13789
f 13780 13789 13822
f 13780 13822 13815
f 13780 13815 13773
f 13815 13822 13885
f 13885 13822 13877
f 13885 13877 13912
f 13815 13885 13831
f 13815 13831 13773
f 13885 13912 13918
f 13831 13885 13900
f 13900 13885 13918
f 13831 13900 13859
f 13900 13918 13915
f 13831 13859 13781
f 13831 13781 13773
f 13918 13912 13901
f 13915 13918 13889
f 13889 13918 13901
f 13889 13901 13837
f 13889 13837 13826
f 13826 13837 13869
f 13826 13869 13875
f 13875 13869 13796
f 13796 13869 13795
f 13796 13795 13782
f 13762 13773 13781
f 13773 13762 13734
f 13762 13781 13746
f 13746 13781 13772
f 13734 13762 13728
f 13728 13762 13746
f 13728 13746 13712
f 13712 13746 13697
f 13712 13697 13643
f 13728 13712 13714
f 13728 13714 13734
f 13712 13643 13650
f 13712 13650 13714
f 13734 13714 13677
f 13677 13714 13650
f 13734 13677 13723
f 13723 13677 13670
f 13677 13650 13604
f 13604 13650 13643
f 13677 13604 13670
f 13604 13643 13563
f 13670 13604 13610
f 13610 13604 13559
f 13610 13559 13557
f 13557 13559 13540
f 13559 13604 13537
f 13537 13604 13563
f 13559 13537 13540
f 13537 13563 13545
f 13540 13537 13574
f 13574 13537 13552
f 13540 13574 13571
f 13571 13574 13613
f 13571 13613 13620
f 13620 13613 13596
f 13789 13758 13750
f 13789 13750 13757
f 13789 13757 13790
f 13789 13790 13820
f 13789 13820 13822
f 13790 13757 13748
f 13748 13757 13724
f 13820 13790 13810
f 13810 13790 13748
f 13822 13820 13878
f 13822 13878 13877
f 13877 13878 13912
f 13878 13820 13873
f 13878 13873 13912
f 13873 13820 13810
f 13912 13873 13916
f 13912 13916 13901
f 13916 13873 13841
f 13916 13841 13905
f 13901 13916 13903
f 13841 13873 13814
f 13814 13873 13810
f 13841 13814 13783
f 13783 13814 13761
f 13901 13903 13870
f 13870 13903 13832
f 13901 13870 13838
f 13838 13870 13832
f 13901 13838 13837
f 13837 13838 13869
f 13761 13814 13767
f 13767 13814 13810
f 13767 13810 13748
f 13761 13767 13739
f 13739 13767 13748
f 13761 13739 13727
f 13739 13748 13726
f 13855 13869 13838
f 13869 13855 13795
f 13872 13838 13832
f 13838 13872 13855
f 13872 13832 13862
f 13855 13872 13812
f 13855 13812 13795
f 13812 13872 13821
f 13795 13812 13784
f 13795 13784 13782
f 13782 13784 13800
f 13724 13750 13723
f 13750 13724 13757
f 13724 13723 13670
f 13724 13670 13702
f 13702 13670 13647
f 13647 13670 13610
f 13647 13610 13639
f 13647 13639 13702
f 13724 13702 13715
f 13715 13702 13639
f 13724 13715 13748
f 13748 13715 13726
f 13715 13639 13687
f 13715 13687 13726
f 13687 13639 13634
f 13687 13634 13642
f 13726 13687 13739
f 13739 13687 13727
f 13746 13741 13697
f 13697 13741 13709
f 13709 13741 13737
f 13737 13741 13759
f 13697 13709 13627
f 13697 13627 13643
f 13643 13627 13563
f 13737 13759 13768
f 13563 13627 13545
f 13627 13709 13615
f 13627 13615 13545
f 13719 13709 13737
f 13709 13719 13615
f 13737 13768 13770
f 13770 13768 13829
f 13719 13737 13742
f 13742 13737 13770
f 13742 13770 13771
f 13771 13770 13818
f 13719 13742 13716
f 13719 13716 13644
f 13719 13644 13615
f 13716 13742 13730
f 13730 13742 13771
f 13644 13716 13667
f 13667 13716 13730
f 13615 13644 13600
f 13600 13644 13667
f 13730 13771 13755
f 13755 13771 13774
f 13755 13774 13756
f 13730 13755 13725
f 13730 13725 13667
f 13755 13756 13736
f 13755 13736 13725
f 13736 13756 13733
f 13736 13733 13713
f 13736 13713 13691
f 13736 13691 13725
f 13691 13713 13645
f 13655 13667 13725
f 13655 13725 13691
f 13667 13655 13600
f 13691 13645 13602
f 13691 13602 13655
f 13655 13602 13600
f 13602 13645 13565
f 13600 13602 13555
f 13555 13602 13565
f 13600 13555 13615
f 13555 13565 13539
f 13615 13555 13548
f 13548 13555 13539
f 13548 13539 13566
f 13615 13548 13545
f 13548 13566 13570
f 13545 13548 13549
f 13549 13548 13570
f 13545 13549 13552
f 13549 13570 13575
f 13859 13819 13781
f 13781 13819 13772
f 13746 13772 13741
f 13741 13772 13759
f 13759 13772 13819
f 13759 13819 13768
f 13768 13819 13829
f 13879 13819 13859
f 13819 13879 13829
f 13879 13859 13900
f 13818 13770 13829
f 13818 13829 13883
f 13883 13829 13879
f 13879 13900 13919
f 13879 13919 13883
f 13883 13919 13913
f 13919 13900 13915
f 13919 13915 13893
f 13919 13893 13891
f 13893 13915 13889
f 13891 13893 13839
f 13891 13839 13834
f 13893 13889 13840
f 13893 13840 13839
f 13840 13889 13826
f 13840 13826 13875
f 13834 13839 13868
f 13868 13839 13840
f 13834 13868 13860
f 13840 13875 13864
f 13840 13864 13868
f 13864 13875 13796
f 13860 13868 13785
f 13785 13868 13864
f 13864 13796 13792
f 13864 13792 13785
f 13792 13796 13782
f 13792 13782 13785
f 13785 13782 13794
f 13785 13794 13798
f 13794 13782 13800
f 13798 13794 13902
f 13794 13800 13888
f 13794 13888 13902
f 13888 13800 13898
f 13888 13898 13902
f 13902 13898 13922
f 13639 13610 13557
f 13639 13557 13550
f 13639 13550 13634
f 13634 13550 13580
f 13550 13557 13540
f 13550 13540 13544
f 13544 13540 13554
f 13554 13540 13571
f 13544 13554 13579
f 13554 13571 13623
f 13554 13623 13579
f 13623 13571 13620
f 13579 13623 13629
f 13425 13428 13431
f 13428 13425 13426
f 13426 13425 13427
f 13428 13426 13443
f 13428 13443 13438
f 13438 13443 13457
f 13443 13426 13435
f 13435 13426 13427
f 13443 13435 13454
f 13454 13435 13442
f 13442 13435 13427
f 13454 13442 13453
f 13442 13427 13429
f 13442 13429 13453
f 13429 13427 13430
f 13429 13430 13453
f 13453 13430 13444
f 13463 13446 13439
f 13463 13439 13468
f 13468 13439 13434
f 13468 13434 13459
f 13459 13434 13448
f 13448 13434 13431
f 13448 13431 13438
f 13438 13431 13428
f 13448 13438 13464
f 13462 13446 13463
f 13462 13463 13480
f 13446 13462 13450
f 13450 13462 13467
f 13467 13462 13485
f 13450 13467 13452
f 13452 13467 13451
f 13451 13467 13471
f 13537 13545 13552
f 13574 13611 13613
f 13611 13574 13552
f 13613 13611 13596
f 13549 13575 13552
f 13611 13552 13598
f 13598 13552 13575
f 13598 13575 13607
f 13607 13575 13570
f 13598 13607 13591
f 13591 13607 13589
f 13591 13589 13678
f 13678 13589 13688
f 13598 13591 13595
f 13598 13595 13611
f 13591 13678 13681
f 13681 13678 13688
f 13591 13681 13595
f 13611 13595 13599
f 13611 13599 13596
f 13595 13681 13673
f 13595 13673 13599
f 13681 13688 13703
f 13681 13703 13673
f 13703 13688 13690
f 13620 13596 13594
f 13594 13596 13636
f 13636 13596 13617
f 13617 13596 13599
f 13636 13617 13663
f 13617 13599 13657
f 13617 13657 13663
f 13657 13599 13673
f 13663 13657 13701
f 13701 13657 13673
f 13701 13673 13703
f 13701 13703 13695
f 13695 13703 13682
f 13695 13682 13668
f 13682 13703 13683
f 13683 13703 13690
f 13683 13690 13654
f 13654 13690 13662
f 13654 13662 13535
f 13654 13535 13527
f 13683 13654 13646
f 13646 13654 13527
f 13683 13646 13682
f 13646 13527 13519
f 13682 13646 13532
f 13532 13646 13519
f 13682 13532 13668
f 13532 13519 13512
f 13532 13512 13526
f 13532 13526 13668
f 13668 13526 13568
f 13568 13526 13536
f 13484 13463 13468
f 13463 13484 13480
f 13480 13484 13511
f 13474 13468 13459
f 13468 13474 13495
f 13495 13474 13491
f 13491 13474 13481
f 13481 13474 13459
f 13481 13459 13448
f 13481 13448 13477
f 13477 13448 13464
f 13480 13485 13462
f 13485 13480 13511
f 13495 13484 13468
f 13620 13594 13623
f 13623 13594 13629
f 13629 13594 13601
f 13601 13594 13628
f 13628 13594 13636
f 13628 13636 13663
f 13628 13663 13696
f 13628 13696 13676
f 13696 13663 13701
f 13696 13701 13695
f 13506 13484 13495
f 13484 13506 13511
f 13464 13438 13457
f 13727 13687 13707
f 13707 13687 13642
f 13727 13707 13721
f 13707 13642 13658
f 13707 13658 13721
f 13658 13642 13612
f 13658 13612 13640
f 13658 13640 13671
f 13658 13671 13721
f 13640 13612 13553
f 13721 13671 13735
f 13612 13642 13580
f 13612 13580 13553
f 13580 13642 13634
f 13553 13580 13544
f 13544 13580 13550
f 13553 13544 13547
f 13547 13544 13577
f 13547 13577 13578
f 13578 13577 13635
f 13578 13635 13626
f 13729 13721 13735
f 13729 13735 13769
f 13769 13735 13764
f 13721 13729 13753
f 13753 13729 13769
f 13721 13753 13727
f 13727 13753 13761
f 13761 13753 13783
f 13783 13753 13769
f 13769 13764 13808
f 13783 13769 13830
f 13830 13769 13808
f 13783 13830 13841
f 13830 13808 13894
f 13841 13830 13905
f 13905 13830 13894
f 13905 13894 13911
f 13905 13911 13916
f 13916 13911 13903
f 13903 13911 13884
f 13903 13884 13832
f 13884 13911 13882
f 13832 13884 13827
f 13832 13827 13862
f 13884 13882 13828
f 13828 13882 13866
f 13827 13884 13825
f 13827 13825 13862
f 13825 13884 13828
f 13828 13866 13871
f 13828 13871 13825
f 13825 13871 13862
f 13871 13866 13824
f 13862 13871 13821
f 13821 13871 13824
f 13862 13821 13872
f 13821 13824 13807
f 13807 13824 13786
f 13821 13807 13784
f 13784 13807 13786
f 13821 13784 13812
f 13784 13786 13803
f 13485 13492 13467
f 13467 13492 13471
f 13471 13492 13490
f 13471 13490 13469
f 13469 13490 13475
f 13475 13490 13499
f 13475 13499 13489
f 13475 13489 13470
f 13519 13506 13495
f 13506 13519 13527
f 13506 13527 13511
f 13511 13527 13535
f 13511 13535 13516
f 13511 13516 13485
f 13516 13535 13662
f 13516 13662 13520
f 13512 13495 13491
f 13495 13512 13519
f 13512 13491 13508
f 13512 13508 13526
f 13508 13491 13481
f 13526 13508 13507
f 13508 13481 13501
f 13508 13501 13507
f 13501 13481 13477
f 13507 13501 13502
f 13502 13501 13477
f 13471 13469 13451
f 13451 13469 13460
f 13451 13460 13449
f 13460 13469 13475
f 13460 13475 13470
f 13449 13460 13445
f 13445 13460 13470
f 13445 13470 13455
f 13455 13470 13473
f 13455 13473 13456
f 13445 13455 13441
f 13445 13441 13447
f 13455 13456 13437
f 13455 13437 13441
f 13437 13456 13458
f 13441 13437 13436
f 13436 13437 13433
f 13433 13437 13458
f 13436 13433 13432
f 13433 13458 13440
f 13433 13440 13432
f 13440 13458 13461
f 13432 13440 13430
f 13440 13461 13444
f 13440 13444 13430
f 13516 13492 13485
f 13492 13516 13520
f 13492 13520 13509
f 13492 13509 13490
f 13490 13509 13499
f 13509 13520 13521
f 13509 13521 13499
f 13521 13520 13652
f 13499 13521 13518
f 13499 13518 13489
f 13489 13518 13494
f 13494 13518 13515
f 13515 13518 13562
f 13515 13562 13525
f 13515 13525 13513
f 13515 13513 13496
f 13515 13496 13494
f 13494 13496 13486
f 13676 13601 13628
f 13601 13676 13631
f 13601 13631 13593
f 13601 13593 13629
f 13629 13593 13635
f 13629 13635 13579
f 13579 13635 13577
f 13579 13577 13544
f 13635 13593 13590
f 13590 13593 13606
f 13606 13593 13631
f 13590 13606 13624
f 13624 13606 13686
f 13606 13631 13665
f 13606 13665 13686
f 13665 13631 13689
f 13665 13689 13686
f 13689 13631 13676
f 13686 13689 13699
f 13689 13676 13696
f 13689 13696 13699
f 13699 13696 13684
f 13684 13696 13695
f 13684 13695 13668
f 13684 13668 13568
f 13699 13684 13674
f 13684 13568 13536
f 13674 13684 13558
f 13558 13684 13536
f 13674 13558 13551
f 13558 13536 13528
f 13551 13558 13530
f 13530 13558 13528
f 13530 13528 13517
f 13530 13517 13524
f 13502 13477 13464
f 13464 13457 13483
f 13483 13457 13466
f 13466 13457 13443
f 13466 13443 13454
f 13502 13464 13498
f 13498 13464 13483
f 13498 13483 13500
f 13500 13483 13503
f 13503 13483 13478
f 13503 13478 13505
f 13505 13478 13479
f 13505 13479 13497
f 13505 13497 13514
f 13497 13479 13482
f 13514 13497 13510
f 13497 13482 13488
f 13497 13488 13510
f 13488 13482 13487
f 13510 13488 13504
f 13504 13488 13487
f 13510 13504 13523
f 13504 13487 13493
f 13523 13504 13513
f 13513 13504 13493
f 13513 13493 13496
f 13496 13493 13476
f 13526 13507 13536
f 13536 13507 13528
f 13528 13507 13502
f 13528 13502 13498
f 13528 13498 13517
f 13517 13498 13500
f 13517 13500 13524
f 13524 13500 13503
f 13799 13800 13784
f 13799 13784 13803
f 13800 13799 13898
f 13799 13803 13890
f 13799 13890 13898
f 13898 13890 13921
f 13898 13921 13922
f 13478 13466 13454
f 13466 13478 13483
f 13478 13454 13479
f 13479 13454 13453
f 13479 13453 13465
f 13465 13453 13444
f 13465 13444 13461
f 13895 13883 13913
f 13883 13895 13833
f 13883 13833 13818
f 13818 13833 13771
f 13771 13833 13774
f 13833 13895 13853
f 13833 13853 13774
f 13895 13913 13909
f 13895 13909 13853
f 13774 13853 13775
f 13774 13775 13756
f 13756 13775 13760
f 13756 13760 13733
f 13760 13775 13809
f 13809 13775 13853
f 13809 13853 13861
f 13861 13853 13909
f 13861 13909 13910
f 13910 13909 13899
f 13899 13909 13904
f 13904 13909 13913
f 13899 13904 13881
f 13904 13913 13919
f 13904 13919 13881
f 13881 13919 13891
f 13860 13785 13802
f 13662 13652 13520
f 13472 13458 13456
f 13458 13472 13476
f 13472 13456 13473
f 13476 13472 13486
f 13486 13472 13473
f 13486 13473 13494
f 13494 13473 13470
f 13494 13470 13489
f 13607 13570 13616
f 13616 13570 13566
f 13607 13616 13589
f 13589 13616 13582
f 13589 13582 13603
f 13589 13603 13688
f 13688 13603 13666
f 13479 13465 13482
f 13482 13465 13487
f 13487 13465 13461
f 13487 13461 13476
f 13476 13461 13458
f 13487 13476 13493
f 13651 13521 13652
f 13651 13652 13679
f 13679 13652 13662
f 13651 13679 13641
f 13641 13679 13660
f 13651 13641 13562
f 13651 13562 13518
f 13662 13690 13679
f 13881 13891 13834
f 13881 13834 13847
f 13847 13834 13860
f 13881 13847 13854
f 13881 13854 13899
f 13899 13854 13852
f 13852 13854 13846
f 13854 13847 13858
f 13858 13847 13860
f 13854 13858 13846
f 13858 13860 13802
f 13846 13858 13791
f 13791 13858 13802
f 13846 13791 13843
f 13791 13802 13785
f 13791 13785 13797
f 13791 13797 13788
f 13476 13486 13496
f 13922 13897 13902
f 13902 13897 13798
f 13798 13897 13797
f 13798 13797 13785
f 13651 13518 13521
f 13679 13690 13704
f 13679 13704 13694
f 13679 13694 13660
f 13660 13694 13659
f 13659 13694 13692
f 13659 13692 13669
f 13692 13694 13698
f 13698 13694 13704
f 13688 13666 13704
f 13698 13704 13675
f 13675 13704 13666
f 13685 13698 13672
f 13672 13698 13675
f 13675 13666 13586
f 13586 13666 13603
f 13672 13675 13625
f 13672 13625 13605
f 13675 13586 13584
f 13675 13584 13625
f 13586 13603 13608
f 13586 13608 13584
f 13608 13603 13582
f 13608 13582 13616
f 13608 13616 13566
f 13585 13605 13625
f 13585 13625 13584
f 13605 13585 13588
f 13588 13585 13619
f 13585 13584 13621
f 13621 13584 13608
f 13621 13608 13569
f 13569 13608 13566
f 13569 13566 13546
f 13546 13566 13539
f 13690 13688 13704
f 13524 13503 13529
f 13529 13503 13505
f 13529 13505 13531
f 13531 13505 13514
f 13531 13514 13522
f 13522 13514 13510
f 13531 13522 13533
f 13533 13522 13543
f 13522 13510 13523
f 13522 13523 13543
f 13543 13523 13659
f 13543 13659 13669
f 13659 13523 13534
f 13534 13523 13513
f 13659 13534 13660
f 13534 13513 13525
f 13660 13534 13641
f 13641 13534 13525
f 13641 13525 13562
f 13524 13529 13530
f 13530 13529 13551
f 13551 13529 13531
f 13551 13531 13561
f 13561 13531 13533
f 13561 13533 13543
f 13561 13543 13669
f 13551 13561 13656
f 13551 13656 13674
f 13561 13669 13693
f 13561 13693 13656
f 13656 13693 13674
f 13693 13669 13692
f 13674 13693 13699
f 13693 13692 13700
f 13693 13700 13699
f 13700 13692 13698
f 13699 13700 13686
f 13887 13921 13890
f 13921 13887 13922
f 13887 13890 13803
f 13887 13803 13801
f 13887 13801 13886
f 13801 13803 13786
f 13886 13797 13897
f 13886 13897 13922
f 13886 13922 13887
f 13797 13886 13801
f 13797 13801 13788
f 13635 13590 13626
f 13626 13590 13592
f 13590 13624 13592
f 13592 13624 13618
f 13618 13624 13661
f 13661 13624 13686
f 13661 13686 13680
f 13661 13680 13618
f 13680 13686 13700
f 13680 13700 13685
f 13680 13685 13664
f 13664 13685 13609
f 13664 13609 13680
f 13680 13609 13618
f 13618 13609 13587
f 13618 13587 13592
f 13587 13609 13583
f 13587 13583 13633
f 13592 13587 13637
f 13637 13587 13633
f 13592 13637 13626
f 13637 13633 13567
f 13567 13633 13573
f 13567 13573 13542
f 13567 13542 13572
f 13567 13572 13637
f 13637 13572 13626
f 13626 13572 13578
f 13578 13572 13547
f 13911 13920 13882
f 13920 13911 13894
f 13882 13920 13850
f 13882 13850 13866
f 13850 13920 13849
f 13849 13920 13906
f 13906 13920 13907
f 13907 13920 13894
f 13850 13849 13874
f 13850 13874 13866
f 13874 13849 13856
f 13866 13874 13845
f 13845 13874 13856
f 13866 13845 13824
f 13845 13856 13787
f 13824 13845 13804
f 13804 13845 13787
f 13824 13804 13786
f 13786 13804 13787
f 13786 13787 13801
f 13851 13907 13894
f 13851 13894 13808
f 13907 13851 13817
f 13817 13851 13808
f 13907 13817 13857
f 13857 13817 13806
f 13817 13808 13752
f 13752 13808 13764
f 13752 13764 13735
f 13817 13752 13745
f 13817 13745 13806
f 13752 13735 13722
f 13752 13722 13745
f 13722 13735 13671
f 13806 13745 13751
f 13806 13751 13779
f 13751 13745 13731
f 13751 13731 13747
f 13731 13745 13710
f 13710 13745 13722
f 13731 13710 13708
f 13722 13671 13653
f 13722 13653 13710
f 13710 13653 13708
f 13653 13671 13640
f 13708 13653 13630
f 13630 13653 13640
f 13708 13630 13648
f 13630 13640 13556
f 13630 13556 13581
f 13556 13640 13553
f 13581 13556 13542
f 13556 13553 13547
f 13556 13547 13542
f 13542 13547 13572
f 13787 13788 13801
f 13788 13787 13793
f 13788 13793 13805
f 13793 13787 13856
f 13805 13793 13848
f 13848 13793 13856
f 13805 13848 13843
f 13848 13856 13863
f 13848 13863 13844
f 13863 13856 13849
f 13844 13863 13835
f 13863 13849 13842
f 13863 13842 13835
f 13843 13791 13788
f 13843 13788 13805
f 13546 13539 13565
f 13546 13565 13541
f 13546 13541 13560
f 13546 13560 13569
f 13569 13560 13621
f 13621 13560 13619
f 13621 13619 13585
f 13560 13541 13538
f 13538 13541 13576
f 13576 13541 13565
f 13576 13565 13638
f 13638 13565 13645
f 13564 13576 13597
f 13597 13576 13638
f 13638 13645 13717
f 13717 13645 13713
f 13597 13638 13649
f 13597 13649 13632
f 13717 13713 13733
f 13649 13638 13711
f 13711 13638 13717
f 13649 13711 13718
f 13649 13718 13705
f 13705 13718 13732
f 13717 13733 13743
f 13743 13733 13760
f 13711 13717 13744
f 13744 13717 13743
f 13743 13760 13776
f 13743 13776 13744
f 13776 13760 13809
f 13711 13744 13738
f 13711 13738 13718
f 13744 13776 13778
f 13778 13776 13809
f 13744 13778 13738
f 13718 13738 13749
f 13718 13749 13732
f 13749 13738 13778
f 13732 13749 13766
f 13766 13749 13777
f 13777 13749 13778
f 13766 13777 13823
f 13823 13777 13836
f 13836 13777 13778
f 13823 13836 13876
f 13876 13836 13896
f 13836 13778 13867
f 13836 13867 13896
f 13867 13778 13809
f 13867 13809 13861
f 13867 13861 13910
f 13867 13910 13896
f 13896 13910 13917
f 13917 13910 13899
f 13917 13899 13892
f 13892 13899 13852
f 13892 13852 13844
f 13892 13844 13835
f 13844 13852 13843
f 13843 13852 13846
f 13844 13843 13848
f 13685 13700 13698
f 13685 13614 13609
f 13614 13685 13605
f 13605 13685 13672
f 13609 13614 13583
f 13583 13614 13605
f 13583 13605 13588
f 13583 13588 13622
f 13622 13588 13619
f 13583 13622 13633
f 13622 13619 13560
f 13633 13622 13573
f 13573 13622 13560
f 13573 13560 13538
f 13573 13538 13542
f 13542 13538 13581
f 13581 13538 13564
f 13564 13538 13576
f 13906 13842 13849
f 13842 13906 13914
f 13842 13914 13880
f 13842 13880 13835
f 13835 13880 13892
f 13892 13880 13914
f 13892 13914 13917
f 13914 13906 13908
f 13914 13908 13917
f 13917 13908 13896
f 13908 13906 13907
f 13896 13908 13876
f 13908 13907 13865
f 13908 13865 13876
f 13865 13907 13857
f 13876 13865 13813
f 13876 13813 13823
f 13823 13813 13766
f 13865 13857 13816
f 13816 13857 13806
f 13816 13806 13779
f 13865 13816 13811
f 13865 13811 13813
f 13766 13813 13763
f 13763 13813 13811
f 13766 13763 13732
f 13811 13816 13765
f 13811 13765 13763
f 13765 13816 13779
f 13763 13765 13740
f 13740 13765 13747
f 13747 13765 13779
f 13747 13779 13751
f 13630 13581 13648
f 13648 13581 13632
f 13632 13581 13564
f 13632 13564 13597
f 13731 13708 13747
f 13708 13648 13720
f 13708 13720 13747
f 13747 13720 13740
f 13720 13648 13706
f 13720 13706 13740
f 13706 13648 13632
f 13740 13706 13732
f 13740 13732 13763
f 13732 13706 13705
f 13705 13706 13632
f 13705 13632 13649
o tripo_part_17
v -0.037697 -0.112297 -0.227921
v -0.045704 -0.114006 -0.206619
v -0.045921 -0.106415 -0.235718
v -0.047672 -0.097878 -0.262085
v -0.048119 -0.108398 -0.224457
v -0.049084 -0.109146 -0.219284
v -0.049171 -0.106300 -0.230057
v -0.051388 -0.108803 -0.215576
v -0.053741 -0.103264 -0.234711
v -0.054493 -0.101730 -0.235229
v -0.055531 -0.107147 -0.212143
v -0.058071 -0.113167 -0.233948
v -0.058247 -0.117943 -0.224106
v -0.059395 -0.098282 -0.235718
v -0.059959 -0.104515 -0.210541
v -0.059982 -0.117714 -0.219696
v -0.062222 -0.114449 -0.215027
v -0.063393 -0.106804 -0.238068
v -0.063660 -0.121712 -0.232971
v -0.063843 -0.095551 -0.233826
v -0.065063 -0.100372 -0.211685
v -0.067818 -0.093353 -0.229065
v -0.067841 -0.097359 -0.214249
v -0.068565 -0.127960 -0.230530
v -0.069298 -0.095215 -0.217865
v -0.069672 -0.093643 -0.222351
v -0.070312 -0.121262 -0.239670
v -0.070801 -0.118073 -0.215424
v -0.071518 -0.109505 -0.239517
v -0.071762 -0.129807 -0.225082
v -0.072784 -0.118904 -0.241165
v -0.074821 -0.129959 -0.222183
v -0.075943 -0.130005 -0.240067
v -0.077370 -0.116760 -0.215836
v -0.077499 -0.128250 -0.219574
v -0.077927 -0.136856 -0.230713
v -0.079025 -0.111603 -0.239670
v -0.079437 -0.103226 -0.229050
v -0.079964 -0.124222 -0.217667
v -0.080307 -0.138657 -0.236404
v -0.081375 -0.106865 -0.221939
v -0.082436 -0.107643 -0.233795
v -0.082748 -0.110497 -0.237183
v -0.088181 -0.135391 -0.246216
v -0.088440 -0.122017 -0.243500
v -0.088951 -0.118263 -0.221298
v -0.089607 -0.137482 -0.222458
v -0.090012 -0.146729 -0.241776
v -0.090271 -0.148026 -0.232437
v -0.090935 -0.124535 -0.220657
v -0.091522 -0.129745 -0.246460
v -0.093193 -0.144363 -0.246902
v -0.095596 -0.137543 -0.248672
v -0.095650 -0.150543 -0.230133
v -0.096001 -0.119148 -0.231110
v -0.096237 -0.147568 -0.227005
v -0.096367 -0.125244 -0.243393
v -0.097176 -0.155304 -0.239761
v -0.100609 -0.125763 -0.240906
v -0.100662 -0.134384 -0.247925
v -0.101181 -0.147339 -0.225891
v -0.101898 -0.125107 -0.237625
v -0.102402 -0.156906 -0.247910
v -0.102806 -0.128922 -0.227737
v -0.103584 -0.143402 -0.224930
v -0.105576 -0.163132 -0.240662
v -0.107010 -0.141144 -0.225922
v -0.107956 -0.131592 -0.232254
v -0.107979 -0.162369 -0.234695
v -0.109047 -0.137787 -0.248093
v -0.109558 -0.138916 -0.227859
v -0.109787 -0.156982 -0.253479
v -0.110611 -0.159103 -0.230713
v -0.116203 -0.156754 -0.255646
v -0.117043 -0.173950 -0.248611
v -0.117470 -0.161896 -0.231186
v -0.118004 -0.153214 -0.254883
v -0.119041 -0.169586 -0.255737
v -0.120201 -0.154922 -0.230377
v -0.121384 -0.146561 -0.234024
v -0.122078 -0.144104 -0.239182
v -0.123154 -0.178955 -0.242706
v -0.124168 -0.145966 -0.243698
v -0.124382 -0.147980 -0.248383
v -0.125992 -0.182678 -0.247604
v -0.126007 -0.166458 -0.233047
v -0.126282 -0.174026 -0.235748
v -0.126358 -0.181808 -0.253815
v -0.128418 -0.180237 -0.257812
v -0.129578 -0.167175 -0.259888
v -0.131470 -0.160110 -0.256409
v -0.131485 -0.179581 -0.260376
v -0.132050 -0.160706 -0.235550
v -0.132080 -0.141312 -0.269287
v -0.132095 -0.167847 -0.234543
v -0.132141 -0.155350 -0.285736
v -0.132141 -0.192703 -0.287628
v -0.132156 -0.182816 -0.209366
v -0.132172 -0.211151 -0.232101
v -0.132172 -0.217392 -0.256012
v -0.132187 -0.136078 -0.259399
v -0.132187 -0.211502 -0.272797
v -0.132202 -0.163986 -0.210571
v -0.132202 -0.209000 -0.224152
v -0.132217 -0.136551 -0.240952
v -0.132278 -0.147781 -0.219009
v -0.132294 -0.174728 -0.292328
v -0.132324 -0.145538 -0.230743
v -0.132370 -0.173843 -0.261597
v -0.132370 -0.186310 -0.245316
v -0.132507 -0.200378 -0.224533
v -0.132523 -0.176407 -0.213974
v -0.132523 -0.217758 -0.236542
v -0.132538 -0.143219 -0.248795
v -0.132599 -0.154266 -0.275024
v -0.132675 -0.167435 -0.282196
v -0.132721 -0.182678 -0.239731
v -0.132797 -0.204620 -0.285034
v -0.132812 -0.197113 -0.209396
v -0.132828 -0.145660 -0.261749
v -0.132843 -0.192154 -0.279541
v -0.132874 -0.209122 -0.255737
v -0.132904 -0.156967 -0.223221
v -0.132904 -0.189056 -0.218765
v -0.132919 -0.202850 -0.269928
v -0.132996 -0.166763 -0.217957
v -0.132996 -0.209030 -0.243927
v -0.133011 -0.181473 -0.282349
v -0.133011 -0.206970 -0.235443
v -0.133057 -0.148285 -0.232559
v -0.133331 -0.187454 -0.250549
v -0.133377 -0.178864 -0.217026
v -0.133438 -0.195694 -0.223007
v -0.133698 -0.160065 -0.204987
v -0.133713 -0.134048 -0.227600
v -0.133713 -0.142776 -0.283752
v -0.133728 -0.163101 -0.223099
v -0.133759 -0.207077 -0.248459
v -0.133774 -0.186188 -0.255188
v -0.133789 -0.199448 -0.268585
v -0.133804 -0.183029 -0.220154
v -0.133820 -0.150787 -0.236130
v -0.133820 -0.176071 -0.201645
v -0.133820 -0.184723 -0.278046
v -0.133820 -0.195099 -0.295288
v -0.133850 -0.203415 -0.235458
v -0.133896 -0.193390 -0.273895
v -0.133911 -0.154160 -0.269745
v -0.133911 -0.173874 -0.278809
v -0.133942 -0.195724 -0.226135
v -0.133942 -0.204575 -0.258331
v -0.133972 -0.157242 -0.228027
v -0.134018 -0.149521 -0.259552
v -0.134109 -0.145706 -0.245667
v -0.134140 -0.169846 -0.219131
v -0.134216 -0.131729 -0.268951
v -0.134247 -0.159698 -0.276245
v -0.134293 -0.205368 -0.246277
v -0.134323 -0.216736 -0.219284
v -0.134338 -0.148224 -0.245209
v -0.134354 -0.150116 -0.266724
v -0.134399 -0.171707 -0.281067
v -0.134415 -0.170242 -0.221649
v -0.134430 -0.126984 -0.248444
v -0.134430 -0.145569 -0.252686
v -0.134445 -0.159866 -0.223022
v -0.134460 -0.149490 -0.234192
v -0.134476 -0.199234 -0.204681
v -0.134491 -0.199692 -0.228241
v -0.134491 -0.204071 -0.265106
v -0.134506 -0.164551 -0.275848
v -0.134506 -0.191376 -0.224915
v -0.134567 -0.164642 -0.298340
v -0.134598 -0.180847 -0.218414
v -0.134598 -0.201096 -0.234070
v -0.134628 -0.216370 -0.281647
v -0.134674 -0.223770 -0.271149
v -0.134689 -0.207123 -0.241287
v -0.134705 -0.144089 -0.211517
v -0.134720 -0.176971 -0.300232
v -0.134720 -0.193619 -0.223114
v -0.134766 -0.186157 -0.279968
v -0.134766 -0.226379 -0.237915
v -0.134781 -0.203476 -0.233078
v -0.134796 -0.207779 -0.253571
v -0.134918 -0.180801 -0.199432
v -0.135071 -0.155533 -0.296143
v -0.135117 -0.195984 -0.274353
v -0.135254 -0.156418 -0.269653
v -0.135452 -0.155884 -0.203323
v -0.135452 -0.207565 -0.292297
v -0.135742 -0.219574 -0.219238
v -0.135757 -0.136963 -0.282166
v -0.135925 -0.224289 -0.274353
v -0.135986 -0.138580 -0.214401
v -0.136063 -0.197205 -0.298309
v -0.136078 -0.165405 -0.199310
v -0.136078 -0.208466 -0.207977
v -0.136139 -0.130020 -0.227463
v -0.136322 -0.193787 -0.200302
v -0.136337 -0.226730 -0.231049
v -0.136368 -0.179535 -0.221939
v -0.136459 -0.143387 -0.289917
v -0.136627 -0.228806 -0.243576
v -0.136841 -0.176575 -0.302429
v -0.136856 -0.126465 -0.262726
v -0.136917 -0.130219 -0.272644
v -0.137054 -0.124031 -0.248566
v -0.137100 -0.214386 -0.288422
v -0.137466 -0.125198 -0.239197
v -0.137634 -0.154129 -0.234329
v -0.137634 -0.227783 -0.267242
v -0.137650 -0.203964 -0.247955
v -0.137695 -0.169144 -0.260742
v -0.138138 -0.160904 -0.241821
v -0.138214 -0.156174 -0.267639
v -0.138321 -0.194077 -0.270447
v -0.138351 -0.172684 -0.276611
v -0.138397 -0.229675 -0.236603
v -0.138489 -0.163193 -0.273041
v -0.138504 -0.150482 -0.256256
v -0.138565 -0.200531 -0.237137
v -0.138596 -0.225998 -0.274597
v -0.138733 -0.170258 -0.224182
v -0.138763 -0.177551 -0.196243
v -0.138794 -0.219589 -0.216019
v -0.138809 -0.162643 -0.255310
v -0.138840 -0.150375 -0.245941
v -0.138901 -0.170914 -0.261841
v -0.138901 -0.177948 -0.262604
v -0.138916 -0.159958 -0.248169
v -0.138916 -0.185272 -0.258636
v -0.138931 -0.194733 -0.230301
v -0.138977 -0.159546 -0.229584
v -0.138992 -0.202881 -0.253540
v -0.139008 -0.187500 -0.225967
v -0.139008 -0.199463 -0.263367
v -0.139023 -0.188828 -0.248474
v -0.139069 -0.184586 -0.240128
v -0.139084 -0.183197 -0.275482
v -0.139099 -0.171112 -0.236496
v -0.139114 -0.179001 -0.237228
v -0.139175 -0.156174 -0.265198
v -0.139282 -0.162659 -0.239182
v -0.139923 -0.140396 -0.209610
v -0.139954 -0.162613 -0.301697
v -0.140015 -0.192230 -0.301727
v -0.140457 -0.135788 -0.285034
v -0.140579 -0.154556 -0.200256
v -0.142380 -0.125809 -0.269806
v -0.142410 -0.153641 -0.299469
v -0.142426 -0.200867 -0.200409
v -0.142746 -0.180832 -0.194916
v -0.142822 -0.231979 -0.241943
v -0.143250 -0.143341 -0.293457
v -0.143677 -0.121758 -0.255951
v -0.143845 -0.128525 -0.221954
v -0.143951 -0.122414 -0.238678
v -0.144516 -0.177582 -0.305420
v -0.144623 -0.213440 -0.207794
v -0.145462 -0.161835 -0.195770
v -0.145691 -0.198547 -0.301300
v -0.145813 -0.230057 -0.230667
v -0.145844 -0.134949 -0.286591
v -0.146454 -0.210938 -0.294128
v -0.146744 -0.120567 -0.247742
v -0.146896 -0.196426 -0.197266
v -0.147064 -0.217743 -0.288330
v -0.147171 -0.143341 -0.204529
v -0.147202 -0.177383 -0.193298
v -0.147339 -0.161057 -0.303680
v -0.148529 -0.231384 -0.265808
v -0.149429 -0.221848 -0.216034
v -0.150253 -0.147568 -0.297760
v -0.150482 -0.135376 -0.211105
v -0.150589 -0.122292 -0.264465
v -0.150864 -0.184143 -0.305328
v -0.151001 -0.123680 -0.229706
v -0.151047 -0.127411 -0.277161
v -0.151810 -0.120331 -0.252502
v -0.152161 -0.211578 -0.205597
v -0.152466 -0.233444 -0.244629
v -0.152740 -0.228958 -0.274139
v -0.153046 -0.200348 -0.198563
v -0.153473 -0.136765 -0.289520
v -0.153564 -0.128265 -0.219620
v -0.153793 -0.219574 -0.212891
v -0.153961 -0.152222 -0.198746
v -0.154205 -0.232590 -0.236786
v -0.154480 -0.158859 -0.195770
v -0.154785 -0.121262 -0.241089
v -0.155014 -0.169830 -0.193451
v -0.155396 -0.158203 -0.302917
v -0.155472 -0.189606 -0.195267
v -0.155502 -0.122688 -0.265839
v -0.155701 -0.145920 -0.296509
v -0.155930 -0.229279 -0.229050
v -0.155991 -0.212814 -0.292633
v -0.156158 -0.143661 -0.204437
v -0.156204 -0.175339 -0.306000
v -0.156265 -0.199890 -0.300873
v -0.156296 -0.192459 -0.303284
v -0.156815 -0.126633 -0.223083
v -0.157089 -0.230957 -0.264679
v -0.157150 -0.121025 -0.250397
v -0.158127 -0.213303 -0.207840
v -0.159103 -0.123260 -0.235870
v -0.159317 -0.218033 -0.286591
v -0.159454 -0.138962 -0.290070
v -0.160065 -0.130127 -0.278809
v -0.160095 -0.177139 -0.194458
v -0.160583 -0.136292 -0.212784
v -0.160751 -0.158264 -0.301392
v -0.160797 -0.125549 -0.268311
v -0.161087 -0.198151 -0.199417
v -0.161133 -0.123497 -0.260437
v -0.161346 -0.169128 -0.224442
v -0.161438 -0.188065 -0.226578
v -0.161469 -0.152924 -0.262695
v -0.161484 -0.156876 -0.231079
v -0.161484 -0.166031 -0.274536
v -0.161545 -0.197861 -0.266571
v -0.161545 -0.203018 -0.244308
v -0.161575 -0.227859 -0.270996
v -0.161606 -0.182312 -0.257355
v -0.161621 -0.173462 -0.257904
v -0.161667 -0.167862 -0.251984
v -0.161728 -0.150284 -0.246323
v -0.161728 -0.185410 -0.246353
v -0.161758 -0.178253 -0.240753
v -0.161835 -0.170898 -0.242584
v -0.161865 -0.158524 -0.198334
v -0.162003 -0.230484 -0.240952
v -0.162308 -0.199646 -0.234787
v -0.162323 -0.203491 -0.255402
v -0.162399 -0.190201 -0.225739
v -0.162415 -0.216278 -0.212631
v -0.162476 -0.126648 -0.230453
v -0.162491 -0.178665 -0.222321
v -0.162888 -0.186478 -0.275818
v -0.163300 -0.221146 -0.219452
v -0.163742 -0.124329 -0.245544
v -0.163803 -0.174438 -0.277863
v -0.163803 -0.196335 -0.299500
v -0.164261 -0.142822 -0.209961
v -0.164307 -0.226883 -0.232040
v -0.164352 -0.210495 -0.290802
v -0.164459 -0.176575 -0.302765
v -0.164597 -0.186279 -0.198395
v -0.164810 -0.202545 -0.204193
v -0.164856 -0.137711 -0.284210
v -0.165253 -0.128784 -0.268280
v -0.165329 -0.146301 -0.291382
v -0.165329 -0.152924 -0.233154
v -0.165436 -0.217667 -0.281982
v -0.165466 -0.131378 -0.225327
v -0.165482 -0.166458 -0.222229
v -0.165573 -0.201019 -0.234055
v -0.165573 -0.204239 -0.265656
v -0.165604 -0.225662 -0.267273
v -0.165619 -0.179626 -0.257111
v -0.165710 -0.158173 -0.297394
v -0.165726 -0.149475 -0.259460
v -0.165756 -0.208130 -0.247589
v -0.165787 -0.194778 -0.275696
v -0.165817 -0.158035 -0.275696
v -0.165848 -0.194885 -0.223984
v -0.165863 -0.186508 -0.219681
v -0.165863 -0.226730 -0.239532
v -0.165878 -0.147552 -0.237930
v -0.165878 -0.203323 -0.261841
v -0.165894 -0.163696 -0.276001
v -0.165894 -0.205338 -0.236282
v -0.165909 -0.147675 -0.245972
v -0.165939 -0.196213 -0.227875
v -0.165955 -0.145279 -0.252258
v -0.165955 -0.161682 -0.221710
v -0.165970 -0.174759 -0.218323
v -0.166000 -0.151367 -0.206268
v -0.166016 -0.185242 -0.280273
v -0.166016 -0.206619 -0.259491
v -0.166046 -0.187393 -0.222168
v -0.166061 -0.202194 -0.231445
v -0.166077 -0.176147 -0.199142
v -0.166107 -0.147873 -0.262329
v -0.166107 -0.152390 -0.229797
v -0.166138 -0.196625 -0.271606
v -0.166153 -0.206085 -0.246948
v -0.166168 -0.175598 -0.281250
v -0.166183 -0.156448 -0.271118
v -0.166183 -0.212082 -0.213348
v -0.166214 -0.127457 -0.255432
v -0.166489 -0.128723 -0.240921
v -0.166504 -0.139557 -0.217270
v -0.166595 -0.172958 -0.256470
v -0.166611 -0.199738 -0.294373
v -0.166626 -0.180038 -0.242569
v -0.166641 -0.220963 -0.228546
v -0.166656 -0.169739 -0.245911
v -0.166656 -0.175888 -0.299225
v -0.166824 -0.160995 -0.203720
v -0.167053 -0.183319 -0.253143
v -0.167328 -0.142303 -0.281586
v -0.167343 -0.183716 -0.246460
v -0.167374 -0.195709 -0.206802
v -0.167496 -0.169724 -0.282532
v -0.167557 -0.175354 -0.216614
v -0.167557 -0.200317 -0.273346
v -0.167587 -0.154221 -0.274414
v -0.167603 -0.187149 -0.282043
v -0.167633 -0.145844 -0.262482
v -0.167633 -0.159775 -0.292847
v -0.167648 -0.205780 -0.233337
v -0.167725 -0.209641 -0.249344
v -0.167740 -0.160492 -0.219833
v -0.167801 -0.143707 -0.242599
v -0.167862 -0.192657 -0.219254
v -0.167908 -0.148407 -0.230316
v -0.168106 -0.169922 -0.251770
v -0.168106 -0.173126 -0.285248
v -0.168137 -0.209702 -0.259247
v -0.168152 -0.175949 -0.242462
v -0.168304 -0.218719 -0.248123
v -0.168365 -0.138596 -0.232834
v -0.168396 -0.136139 -0.248199
v -0.168396 -0.156662 -0.213531
v -0.168427 -0.178574 -0.291626
v -0.168442 -0.149155 -0.279266
v -0.168457 -0.177841 -0.208008
v -0.168472 -0.210724 -0.273956
v -0.168488 -0.139114 -0.267548
v -0.168518 -0.195892 -0.286499
v -0.168518 -0.205353 -0.220886
v -0.169266 -0.177689 -0.254730
v -0.169449 -0.181580 -0.249893
v -0.169510 -0.172592 -0.248199
s 1
f 14192 14214 14233
f 14214 14192 14183
f 14214 14183 14212
f 14214 14212 14254
f 14214 14254 14233
f 14254 14212 14210
f 14212 14183 14191
f 14191 14183 14171
f 14171 14183 14119
f 14171 14119 14112
f 14112 14119 14056
f 14119 14183 14147
f 14147 14183 14192
f 14056 14119 14065
f 14056 14065 14025
f 14119 14147 14108
f 14119 14108 14065
f 14147 14192 14175
f 14065 14108 14041
f 14041 14108 14090
f 14065 14041 14020
f 14065 14020 14025
f 14025 14020 14034
f 14034 14020 14046
f 14046 14020 14033
f 14090 14108 14122
f 14122 14108 14147
f 14122 14147 14175
f 14122 14175 14189
f 14189 14175 14192
f 14122 14189 14174
f 14174 14189 14206
f 14189 14192 14216
f 14189 14216 14206
f 14206 14216 14237
f 14216 14192 14233
f 14216 14233 14237
f 14237 14233 14271
f 14237 14271 14272
f 14272 14271 14327
f 14271 14233 14306
f 14271 14306 14327
f 14306 14233 14254
f 14306 14254 14323
f 14306 14323 14351
f 14306 14351 14327
f 14327 14351 14355
f 14355 14351 14339
f 14339 14351 14329
f 14339 14329 14290
f 14339 14290 14289
f 14289 14290 14304
f 14304 14290 14300
f 14212 14191 14210
f 14210 14191 14221
f 14210 14221 14254
f 14254 14221 14267
f 14267 14221 14234
f 14254 14267 14301
f 14254 14301 14323
f 14267 14234 14316
f 14267 14316 14301
f 14316 14234 14278
f 14278 14234 14225
f 14316 14278 14346
f 14301 14316 14348
f 14301 14348 14323
f 14348 14316 14346
f 14323 14348 14351
f 14351 14348 14329
f 14348 14346 14337
f 14348 14337 14329
f 14337 14346 14340
f 14337 14340 14308
f 14308 14340 14338
f 14308 14338 14292
f 14337 14308 14299
f 14337 14299 14329
f 14299 14308 14276
f 14276 14308 14296
f 14329 14299 14300
f 14329 14300 14290
f 14299 14276 14279
f 14299 14279 14300
f 14300 14279 14304
f 14304 14279 14261
f 14279 14276 14242
f 14261 14279 14239
f 14239 14279 14242
f 14239 14242 14250
f 14174 14206 14182
f 14174 14182 14120
f 14174 14120 14122
f 14122 14120 14090
f 14120 14182 14148
f 14148 14182 14195
f 14148 14195 14185
f 14120 14148 14114
f 14148 14185 14123
f 14148 14123 14114
f 14123 14185 14141
f 14120 14114 14081
f 14081 14114 14123
f 14120 14081 14090
f 14081 14123 14105
f 14090 14081 14041
f 14081 14105 14035
f 14041 14081 14026
f 14026 14081 14035
f 14041 14026 14020
f 14026 14035 14021
f 14020 14026 14033
f 14033 14026 14021
f 14206 14237 14228
f 14228 14237 14272
f 14206 14228 14203
f 14206 14203 14182
f 14182 14203 14209
f 14209 14203 14228
f 14182 14209 14195
f 14228 14272 14259
f 14228 14259 14209
f 14259 14272 14313
f 14313 14272 14327
f 14313 14327 14355
f 14313 14355 14320
f 14259 14313 14263
f 14259 14263 14209
f 14263 14313 14320
f 14219 14195 14209
f 14219 14209 14263
f 14195 14219 14185
f 14185 14219 14211
f 14211 14219 14268
f 14268 14219 14263
f 14268 14263 14320
f 14268 14320 14291
f 14191 14171 14167
f 14167 14171 14112
f 14167 14112 14101
f 14191 14167 14197
f 14191 14197 14221
f 14221 14197 14234
f 14197 14167 14179
f 14234 14197 14208
f 14208 14197 14179
f 14234 14208 14225
f 14167 14101 14117
f 14167 14117 14179
f 14117 14101 14057
f 14057 14101 14028
f 14179 14117 14121
f 14121 14117 14057
f 14208 14179 14200
f 14208 14200 14225
f 14179 14121 14180
f 14179 14180 14200
f 14057 14028 14027
f 14027 14028 14030
f 14121 14057 14086
f 14086 14057 14027
f 14180 14121 14132
f 14132 14121 14086
f 14027 14030 14036
f 14036 14030 14052
f 14036 14052 14076
f 14027 14036 14023
f 14023 14036 14042
f 14027 14023 14086
f 14132 14086 14130
f 14132 14130 14180
f 14086 14023 14078
f 14078 14023 14016
f 14130 14086 14128
f 14128 14086 14078
f 14128 14078 14129
f 14129 14078 14115
f 14128 14129 14172
f 14130 14128 14178
f 14178 14128 14172
f 14178 14172 14198
f 14198 14172 14201
f 14130 14178 14188
f 14130 14188 14180
f 14178 14198 14202
f 14178 14202 14188
f 14202 14198 14217
f 14202 14217 14227
f 14188 14202 14213
f 14188 14213 14180
f 14213 14202 14227
f 14180 14213 14200
f 14213 14227 14229
f 14213 14229 14200
f 14229 14227 14264
f 14200 14229 14225
f 14229 14264 14260
f 14229 14260 14225
f 14225 14260 14278
f 14056 14101 14112
f 14101 14056 14028
f 13924 13930 13928
f 13928 13930 13938
f 13928 13938 13935
f 13924 13928 13927
f 13927 13928 13935
f 13924 13927 13923
f 13923 13927 13925
f 13925 13927 13929
f 13929 13927 13941
f 13941 13927 13946
f 13946 13927 13935
f 13946 13935 13958
f 14025 14028 14056
f 13956 13937 13943
f 13956 13943 13972
f 13937 13956 13950
f 13950 13956 13961
f 13937 13950 13939
f 13937 13939 13933
f 13939 13950 13957
f 13933 13939 13930
f 13939 13957 13954
f 13930 13939 13938
f 13938 13939 13954
f 13938 13954 13952
f 13938 13952 13935
f 13943 13945 13968
f 13968 13945 13963
f 13963 13945 13947
f 13963 13947 13948
f 13963 13948 13977
f 13977 13948 13960
f 13960 13948 13944
f 13960 13944 13964
f 13964 13944 13965
f 13965 13944 13942
f 13965 13942 13959
f 13959 13942 13951
f 13951 13942 13936
f 14048 14025 14034
f 14025 14048 14045
f 14054 14048 14034
f 14054 14034 14046
f 14048 14054 14077
f 14048 14077 14088
f 14054 14046 14096
f 14054 14096 14077
f 14096 14046 14103
f 14096 14103 14063
f 14096 14063 14077
f 14077 14063 14085
f 14077 14085 14059
f 14072 14094 14063
f 14063 14094 14124
f 14063 14124 14085
f 14124 14094 14158
f 14085 14124 14146
f 14146 14124 14158
f 14085 14146 14156
f 14156 14146 14158
f 14156 14158 14163
f 14163 14158 14164
f 14163 14164 14017
f 14164 14158 14161
f 14017 14164 14008
f 14164 14161 14039
f 14008 14164 14009
f 14009 14164 14039
f 14009 14039 13991
f 13991 14039 14004
f 13972 13943 13968
f 13972 13968 13993
f 13993 13968 13986
f 13986 13968 13963
f 13986 13963 13977
f 13957 13950 13961
f 13957 13961 13969
f 13957 13969 13954
f 13969 13961 13987
f 13987 13961 13956
f 13987 13956 13972
f 14055 14103 14046
f 14055 14046 14033
f 14103 14055 14091
f 14091 14055 14033
f 14063 14103 14072
f 14072 14103 14091
f 14091 14033 14051
f 14051 14033 14021
f 14051 14021 14049
f 14091 14051 14106
f 14106 14051 14100
f 14106 14100 14068
f 14106 14068 14091
f 14091 14068 14072
f 14072 14068 14097
f 14097 14068 14080
f 14072 14097 14094
f 14094 14097 14155
f 14155 14097 14144
f 14094 14155 14158
f 14158 14155 14161
f 14077 14059 14088
f 14045 14048 14088
f 14045 14088 14052
f 14052 14088 14089
f 14052 14089 14076
f 14088 14059 14074
f 14088 14074 14089
f 14074 14059 14085
f 14074 14085 14156
f 14089 14074 14064
f 14074 14156 14133
f 14074 14133 14064
f 14064 14133 14082
f 13987 13972 13989
f 13989 13972 13993
f 13989 13993 14001
f 13989 14001 13987
f 14001 13993 14015
f 13987 14001 13998
f 13987 13998 13995
f 13987 13995 13983
f 13987 13983 13969
f 13983 13995 13978
f 13978 13995 13976
f 14258 14304 14261
f 14258 14261 14240
f 13954 13969 13978
f 13978 13969 13983
f 13954 13978 13976
f 13954 13976 13952
f 13952 13976 13971
f 13952 13971 13958
f 13952 13958 13935
f 13958 13971 13980
f 13958 13980 13962
f 13962 13980 13970
f 14030 14025 14045
f 14025 14030 14028
f 14261 14239 14240
f 14240 14239 14252
f 14240 14252 14251
f 14252 14239 14253
f 14251 14252 14319
f 14252 14253 14344
f 14252 14344 14319
f 14319 14344 14326
f 14344 14253 14321
f 14344 14321 14358
f 14344 14358 14357
f 14297 14304 14258
f 14304 14297 14289
f 14297 14258 14280
f 14280 14258 14256
f 14256 14258 14240
f 14256 14240 14245
f 14256 14245 14280
f 14297 14280 14305
f 14297 14305 14289
f 14305 14280 14295
f 14305 14295 14335
f 14305 14335 14289
f 14289 14335 14339
f 14339 14335 14355
f 14355 14335 14345
f 14355 14345 14320
f 14052 14030 14045
f 13990 13986 13977
f 13990 13977 14003
f 14003 13977 13984
f 13990 14003 14002
f 13990 14002 13986
f 13986 14002 13993
f 13993 14002 14015
f 13998 14001 14008
f 14008 14001 14017
f 13998 14008 14009
f 13998 14009 13995
f 13995 14009 13991
f 14017 14001 14015
f 14017 14015 14163
f 14163 14015 14137
f 14137 14015 14002
f 13962 13941 13946
f 13941 13962 13970
f 13962 13946 13958
f 13991 13976 13995
f 13976 13991 13971
f 13971 13991 13988
f 13971 13988 13980
f 13980 13988 13997
f 13980 13997 13985
f 13980 13985 13970
f 13970 13985 13974
f 13974 13985 13994
f 13974 13994 13966
f 13966 13994 13975
f 13975 13994 13996
f 13975 13996 13999
f 13934 13929 13941
f 13934 13941 13955
f 13934 13955 13949
f 13929 13934 13931
f 13931 13934 13949
f 13929 13931 13932
f 13931 13949 13953
f 13932 13931 13940
f 13940 13931 13953
f 13932 13940 13936
f 13940 13953 13951
f 13940 13951 13936
f 13960 13984 13977
f 13984 13960 13964
f 14340 14346 14347
f 14340 14347 14338
f 14347 14346 14315
f 14315 14346 14278
f 14338 14347 14353
f 14338 14353 14333
f 14353 14347 14314
f 14314 14347 14315
f 14353 14314 14274
f 14315 14278 14264
f 14315 14264 14314
f 14264 14278 14260
f 14274 14314 14238
f 14238 14314 14264
f 14238 14264 14227
f 14238 14227 14217
f 14238 14217 14236
f 14298 14338 14333
f 14338 14298 14292
f 14298 14333 14307
f 14307 14333 14331
f 14292 14298 14296
f 14296 14298 14307
f 14292 14296 14308
f 14296 14307 14285
f 14285 14307 14312
f 14285 14312 14241
f 14285 14241 14250
f 14285 14250 14296
f 14296 14250 14276
f 14211 14268 14255
f 14255 14268 14291
f 14255 14291 14282
f 14255 14282 14246
f 14282 14291 14345
f 14345 14291 14320
f 14282 14345 14352
f 14352 14345 14343
f 14255 14246 14226
f 14226 14246 14205
f 14255 14226 14204
f 14255 14204 14211
f 14226 14205 14194
f 14226 14194 14204
f 14194 14205 14145
f 14194 14145 14134
f 14204 14194 14176
f 14204 14176 14211
f 14176 14194 14134
f 14211 14176 14185
f 14185 14176 14141
f 14176 14134 14126
f 14176 14126 14141
f 14126 14134 14099
f 14141 14126 14105
f 14105 14126 14099
f 14141 14105 14123
f 14105 14099 14022
f 14022 14099 14024
f 14105 14022 14035
f 14022 14024 14044
f 14035 14022 14021
f 14022 14044 14049
f 14022 14049 14021
f 13965 13981 13964
f 13964 13981 13984
f 13981 13965 13979
f 13979 13965 13967
f 13979 13967 13982
f 13967 13965 13959
f 13982 13967 13973
f 13973 13967 13959
f 13973 13959 13951
f 13973 13951 13953
f 13973 13953 13975
f 14002 14003 14137
f 14166 14156 14163
f 14166 14163 14137
f 14166 14137 14153
f 14156 14166 14150
f 14156 14150 14133
f 14157 14155 14144
f 14155 14157 14161
f 14157 14144 14135
f 14135 14144 14080
f 14135 14080 14157
f 14080 14144 14097
f 14161 14157 14160
f 14160 14157 14159
f 14159 14157 14073
f 14073 14157 14080
f 14161 14160 14032
f 14161 14032 14039
f 14039 14032 14004
f 14004 14032 14007
f 14073 14080 14060
f 14060 14080 14068
f 14060 14068 14100
f 14073 14060 14107
f 14107 14060 14100
f 14073 14107 14092
f 14092 14107 14044
f 14044 14107 14049
f 14049 14107 14100
f 14049 14100 14051
f 14010 13997 14007
f 14010 14007 14053
f 14053 14007 14032
f 14010 14053 14061
f 14053 14032 14160
f 14053 14160 14061
f 14061 14160 14154
f 14335 14336 14345
f 14345 14336 14343
f 14336 14335 14295
f 14336 14295 14286
f 14343 14336 14303
f 14303 14336 14286
f 14343 14303 14281
f 14286 14295 14310
f 14286 14310 14303
f 14310 14295 14280
f 14303 14310 14293
f 14310 14280 14245
f 14293 14310 14257
f 14257 14310 14245
f 14257 14245 14244
f 14244 14245 14240
f 13955 13941 13970
f 13955 13970 13974
f 13955 13974 13966
f 13955 13966 13949
f 13949 13966 13953
f 13953 13966 13975
f 14082 14133 14150
f 14082 14150 14143
f 14143 14150 14165
f 14082 14143 14075
f 14143 14165 14138
f 14143 14138 14075
f 14075 14138 14111
f 14075 14111 14070
f 14075 14070 14083
f 14165 14150 14153
f 14153 14150 14166
f 14082 14075 14076
f 14082 14076 14064
f 14064 14076 14089
f 14076 14075 14087
f 14087 14075 14083
f 14076 14087 14036
f 14087 14083 14042
f 14087 14042 14036
f 14137 14005 14153
f 14153 14005 14149
f 14153 14149 14165
f 14149 14005 14006
f 14149 14006 14013
f 14165 14149 14151
f 14165 14151 14152
f 14149 14013 14136
f 14149 14136 14151
f 14136 14013 13999
f 14151 14136 14012
f 14012 14136 13999
f 14151 14012 14031
f 14012 13999 13996
f 14012 13996 14031
f 14031 13996 13994
f 14031 13994 14000
f 14000 13994 13985
f 13929 13932 13925
f 13925 13932 13926
f 13991 14004 13988
f 13984 14005 14003
f 14003 14005 14137
f 14005 13984 14006
f 14006 13984 13981
f 14006 13981 13992
f 13992 13981 13979
f 14006 13992 14013
f 13992 13979 13982
f 14013 13992 13999
f 13999 13992 13982
f 14242 14276 14250
f 14326 14251 14319
f 14251 14326 14324
f 14251 14324 14247
f 14324 14326 14357
f 14357 14326 14344
f 13988 14004 14007
f 14007 13997 13988
f 14253 14239 14241
f 14239 14250 14241
f 14249 14321 14253
f 14249 14253 14241
f 14249 14241 14243
f 14249 14243 14248
f 14248 14243 14247
f 14321 14249 14341
f 14321 14341 14358
f 14249 14248 14317
f 14249 14317 14341
f 14317 14248 14283
f 14317 14283 14356
f 14317 14356 14341
f 14341 14356 14358
f 14358 14356 14357
f 13975 13999 13973
f 13973 13999 13982
f 14010 13985 13997
f 13985 14010 14000
f 14240 14251 14244
f 14324 14357 14356
f 14324 14356 14283
f 14324 14283 14247
f 14010 14011 14000
f 14000 14011 14014
f 14014 14011 14061
f 14000 14014 14031
f 14031 14014 14152
f 14031 14152 14151
f 14152 14014 14154
f 14061 14011 14010
f 14244 14251 14247
f 14283 14248 14247
f 14061 14154 14014
f 14044 14047 14092
f 14047 14044 14024
f 14047 14024 14019
f 14047 14019 14043
f 14047 14043 14110
f 14047 14110 14092
f 14110 14043 14104
f 14110 14104 14069
f 14092 14110 14062
f 14062 14110 14069
f 14092 14062 14073
f 14062 14069 14139
f 14139 14069 14162
f 14073 14062 14159
f 14159 14062 14139
f 14159 14139 14162
f 14159 14162 14154
f 14159 14154 14160
f 14040 14019 14024
f 14019 14040 14067
f 14040 14024 14098
f 14067 14040 14113
f 14113 14040 14098
f 14067 14113 14118
f 14098 14024 14099
f 14118 14113 14184
f 14098 14099 14116
f 14116 14099 14134
f 14116 14134 14145
f 14098 14116 14131
f 14098 14131 14113
f 14131 14116 14145
f 14184 14113 14187
f 14187 14113 14131
f 14184 14187 14223
f 14131 14145 14190
f 14131 14190 14187
f 14190 14145 14205
f 14223 14187 14220
f 14220 14187 14190
f 14190 14205 14230
f 14190 14230 14220
f 14230 14205 14246
f 14230 14246 14277
f 14277 14246 14282
f 14220 14230 14269
f 14220 14269 14223
f 14269 14230 14277
f 14223 14269 14266
f 14269 14277 14318
f 14269 14318 14266
f 14244 14293 14257
f 14293 14244 14309
f 14309 14244 14262
f 14309 14262 14302
f 14293 14309 14281
f 14293 14281 14303
f 14309 14302 14287
f 14309 14287 14281
f 14287 14302 14332
f 14281 14287 14330
f 14330 14287 14332
f 14281 14330 14343
f 14330 14332 14354
f 14343 14330 14352
f 14352 14330 14354
f 14352 14354 14318
f 14352 14318 14277
f 14352 14277 14282
f 14238 14236 14274
f 14274 14236 14232
f 14274 14232 14273
f 14274 14273 14325
f 14274 14325 14353
f 14273 14232 14231
f 14353 14325 14350
f 14353 14350 14333
f 14333 14350 14331
f 14325 14273 14275
f 14275 14273 14231
f 14325 14275 14334
f 14325 14334 14350
f 14334 14275 14284
f 14350 14334 14349
f 14284 14275 14235
f 14235 14275 14231
f 14350 14349 14342
f 14350 14342 14328
f 14350 14328 14331
f 14331 14328 14288
f 14331 14288 14307
f 14307 14288 14312
f 14288 14328 14311
f 14288 14311 14294
f 14218 14235 14231
f 14235 14218 14215
f 14215 14218 14196
f 14215 14196 14193
f 14218 14231 14207
f 14218 14207 14196
f 14207 14231 14232
f 14196 14207 14186
f 14207 14232 14201
f 14207 14201 14186
f 14154 14162 14152
f 14152 14162 14165
f 14016 14023 14042
f 14037 14042 14083
f 14037 14083 14079
f 14037 14079 14038
f 14042 14037 14016
f 14037 14038 14018
f 14037 14018 14016
f 14016 14018 14058
f 14016 14058 14078
f 14078 14058 14115
f 14058 14018 14109
f 14109 14018 14095
f 14115 14058 14125
f 14125 14058 14109
f 14115 14125 14170
f 14115 14170 14129
f 14129 14170 14172
f 14172 14170 14186
f 14172 14186 14201
f 14186 14170 14177
f 14177 14170 14125
f 14186 14177 14196
f 14173 14125 14109
f 14125 14173 14177
f 14177 14173 14196
f 14173 14109 14168
f 14196 14173 14193
f 14193 14173 14168
f 14244 14247 14243
f 14244 14243 14262
f 14262 14243 14265
f 14262 14265 14311
f 14311 14265 14294
f 14262 14311 14302
f 14302 14311 14332
f 14332 14311 14328
f 14332 14328 14342
f 14332 14342 14354
f 14354 14342 14349
f 14354 14349 14318
f 14318 14349 14322
f 14322 14349 14334
f 14322 14334 14284
f 14318 14322 14270
f 14270 14322 14284
f 14318 14270 14266
f 14270 14284 14235
f 14270 14235 14222
f 14222 14235 14215
f 14266 14270 14224
f 14224 14270 14222
f 14266 14224 14223
f 14222 14215 14193
f 14223 14224 14184
f 14224 14222 14199
f 14224 14199 14184
f 14222 14193 14181
f 14222 14181 14199
f 14181 14193 14168
f 14184 14199 14169
f 14169 14199 14181
f 14184 14169 14118
f 14169 14181 14127
f 14169 14127 14118
f 14127 14181 14168
f 14118 14127 14102
f 14118 14102 14067
f 14127 14168 14095
f 14127 14095 14102
f 14095 14168 14109
f 14067 14102 14029
f 14029 14102 14095
f 14067 14029 14019
f 14029 14095 14018
f 14142 14138 14165
f 14138 14142 14111
f 14111 14142 14093
f 14093 14142 14140
f 14111 14093 14070
f 14070 14093 14079
f 14070 14079 14083
f 14079 14093 14071
f 14201 14217 14198
f 14217 14201 14232
f 14217 14232 14236
f 14243 14241 14312
f 14243 14312 14294
f 14294 14312 14288
f 14243 14294 14265
f 14162 14142 14165
f 14162 14140 14142
f 14140 14162 14066
f 14066 14162 14069
f 14066 14069 14104
f 14140 14066 14071
f 14140 14071 14093
f 14071 14066 14084
f 14084 14066 14104
f 14071 14084 14079
f 14079 14084 14038
f 14084 14104 14050
f 14084 14050 14038
f 14050 14104 14043
f 14050 14043 14019
f 14050 14019 14038
f 14038 14019 14029
f 14038 14029 14018
o tripo_part_18
v -0.000014 0.068230 -0.423309
v -0.000704 0.067352 -0.420624
v -0.000761 0.084709 -0.419891
v -0.001055 0.077148 -0.425323
v -0.001068 0.111893 -0.415741
v -0.001107 0.095398 -0.421539
v -0.001125 0.120285 -0.416901
v -0.001136 0.101669 -0.417206
v -0.001503 0.129898 -0.412628
v -0.001792 0.139771 -0.415161
v -0.001882 0.113647 -0.419861
v -0.001886 0.091316 -0.417053
v -0.001954 0.096977 -0.422668
v -0.002192 0.068962 -0.428162
v -0.002447 0.123711 -0.412079
v -0.002686 0.158676 -0.409698
v -0.002807 0.111786 -0.413361
v -0.002818 0.076668 -0.418091
v -0.002841 0.153687 -0.413696
v -0.003028 0.076324 -0.427063
v -0.003464 0.136078 -0.417572
v -0.003565 0.091125 -0.424652
v -0.003593 0.156021 -0.407837
v -0.003660 0.090652 -0.416107
v -0.004133 0.169815 -0.410767
v -0.004204 0.110542 -0.421753
v -0.004365 0.126572 -0.419281
v -0.004465 0.107033 -0.413574
v -0.004644 0.160965 -0.414032
v -0.004723 0.173447 -0.406830
v -0.004758 0.132217 -0.410095
v -0.004980 0.147644 -0.408051
v -0.005648 0.150055 -0.416046
v -0.006264 0.176651 -0.411377
v -0.006560 0.172256 -0.404907
v -0.007407 0.186905 -0.408142
v -0.007475 0.171097 -0.413177
v -0.007510 0.186157 -0.404572
v -0.008240 0.066193 -0.419678
v -0.009491 0.067734 -0.428314
v -0.009639 0.173782 -0.404144
v -0.010828 0.065735 -0.421051
v -0.010846 0.189194 -0.410492
v -0.010962 0.067032 -0.427704
v -0.011105 0.190323 -0.401978
v -0.011931 0.066399 -0.425751
v -0.012286 0.199875 -0.402191
v -0.012870 0.201599 -0.406006
v -0.013310 0.198700 -0.408478
v -0.015930 0.144424 -0.416321
v -0.016216 0.079041 -0.418274
v -0.016562 0.075600 -0.420441
v -0.016853 0.080811 -0.426727
v -0.017136 0.159744 -0.405518
v -0.018221 0.210480 -0.405945
v -0.018820 0.207901 -0.398956
v -0.018833 0.110199 -0.421906
v -0.018892 0.080589 -0.425537
v -0.019157 0.079521 -0.424011
v -0.019169 0.214127 -0.400787
v -0.020063 0.083382 -0.418427
v -0.020081 0.128098 -0.410400
v -0.020292 0.110191 -0.413300
v -0.020603 0.173187 -0.411621
v -0.020950 0.209991 -0.406952
v -0.022242 0.084694 -0.420410
v -0.022272 0.090294 -0.416840
v -0.022276 0.091621 -0.425201
v -0.026011 0.094833 -0.424377
v -0.026381 0.092476 -0.423187
v -0.026699 0.223740 -0.403076
v -0.027796 0.095596 -0.417175
v -0.027874 0.221741 -0.396423
v -0.028816 0.200607 -0.398499
v -0.029741 0.097031 -0.419281
v -0.030636 0.104492 -0.423248
v -0.030725 0.103195 -0.415100
v -0.030741 0.228165 -0.397644
v -0.030859 0.193497 -0.407623
v -0.032188 0.156525 -0.405365
v -0.032310 0.142517 -0.416321
v -0.033958 0.171814 -0.411011
v -0.034458 0.105629 -0.421326
v -0.034882 0.228607 -0.403290
v -0.037155 0.108917 -0.417480
v -0.037754 0.111710 -0.414612
v -0.038017 0.232986 -0.400665
v -0.038708 0.117027 -0.421234
v -0.039185 0.116913 -0.412781
v -0.040440 0.187851 -0.399506
v -0.040905 0.233902 -0.395691
v -0.041336 0.220108 -0.394592
v -0.042225 0.231934 -0.393280
v -0.044266 0.207672 -0.404541
v -0.044395 0.120636 -0.414948
v -0.044746 0.122475 -0.418488
v -0.044777 0.123718 -0.412262
v -0.044807 0.127014 -0.419373
v -0.044975 0.128021 -0.410767
v -0.047203 0.233643 -0.400360
v -0.048748 0.206955 -0.395660
v -0.048916 0.148270 -0.406769
v -0.049458 0.130096 -0.416992
v -0.049706 0.233322 -0.394379
v -0.049763 0.130051 -0.412598
v -0.050396 0.170471 -0.410919
v -0.052372 0.228989 -0.391815
v -0.052814 0.141098 -0.416718
v -0.053055 0.197876 -0.405640
v -0.054108 0.231049 -0.398407
v -0.055019 0.143753 -0.407837
v -0.055580 0.140610 -0.414276
v -0.056236 0.141968 -0.410095
v -0.056400 0.228363 -0.393677
v -0.056988 0.224777 -0.400604
v -0.059971 0.219147 -0.392273
v -0.060352 0.151611 -0.413055
v -0.060432 0.222839 -0.399017
v -0.061008 0.218109 -0.401184
v -0.061100 0.222351 -0.395111
v -0.061169 0.151794 -0.408661
v -0.061340 0.160568 -0.412689
v -0.062294 0.162628 -0.403870
v -0.063210 0.159073 -0.405701
v -0.065254 0.199326 -0.395905
v -0.065544 0.164215 -0.409882
v -0.066101 0.172272 -0.409668
v -0.066147 0.185623 -0.407410
v -0.066284 0.209793 -0.400146
v -0.066505 0.166412 -0.405762
v -0.066574 0.181046 -0.399872
v -0.066765 0.172653 -0.402405
v -0.066917 0.195526 -0.405121
v -0.067032 0.205124 -0.396790
v -0.067627 0.171539 -0.407867
v -0.067749 0.184906 -0.406921
v -0.068382 0.194122 -0.398346
v -0.069199 0.191940 -0.403534
v -0.069313 0.181610 -0.403412
s 1
f 14474 14465 14472
f 14465 14474 14450
f 14450 14474 14459
f 14451 14462 14465
f 14465 14462 14472
f 14451 14465 14450
f 14451 14450 14431
f 14451 14431 14436
f 14462 14451 14449
f 14449 14451 14436
f 14462 14449 14458
f 14462 14458 14468
f 14449 14436 14445
f 14449 14445 14458
f 14445 14436 14429
f 14445 14429 14442
f 14445 14442 14458
f 14468 14458 14473
f 14473 14458 14442
f 14473 14442 14423
f 14473 14423 14452
f 14474 14472 14478
f 14474 14478 14492
f 14492 14478 14487
f 14478 14472 14468
f 14468 14472 14462
f 14487 14478 14476
f 14476 14478 14468
f 14487 14476 14477
f 14476 14468 14473
f 14476 14473 14477
f 14477 14473 14452
f 14477 14452 14467
f 14483 14474 14492
f 14448 14459 14483
f 14448 14483 14489
f 14489 14483 14495
f 14495 14483 14492
f 14489 14495 14497
f 14495 14492 14496
f 14495 14496 14497
f 14496 14492 14487
f 14497 14496 14494
f 14496 14487 14491
f 14496 14491 14494
f 14491 14487 14477
f 14494 14491 14486
f 14491 14477 14467
f 14491 14467 14486
f 14432 14431 14450
f 14431 14432 14414
f 14431 14414 14418
f 14431 14418 14436
f 14436 14418 14429
f 14429 14418 14413
f 14429 14413 14423
f 14429 14423 14442
f 14432 14450 14459
f 14459 14474 14483
f 14432 14459 14448
f 14405 14418 14414
f 14405 14414 14403
f 14403 14414 14432
f 14418 14405 14406
f 14418 14406 14413
f 14413 14406 14407
f 14413 14407 14423
f 14423 14407 14401
f 14423 14401 14437
f 14481 14489 14490
f 14489 14481 14460
f 14481 14490 14482
f 14482 14490 14488
f 14490 14489 14497
f 14490 14497 14488
f 14488 14497 14493
f 14493 14497 14494
f 14488 14493 14484
f 14493 14494 14485
f 14493 14485 14484
f 14484 14485 14480
f 14485 14494 14486
f 14485 14486 14480
f 14480 14486 14464
f 14464 14486 14440
f 14440 14486 14467
f 14399 14403 14432
f 14399 14432 14412
f 14412 14432 14448
f 14403 14399 14393
f 14403 14393 14396
f 14396 14393 14388
f 14403 14396 14405
f 14396 14388 14394
f 14396 14394 14405
f 14405 14394 14406
f 14406 14394 14407
f 14407 14394 14401
f 14438 14448 14489
f 14412 14448 14438
f 14460 14438 14489
f 14460 14481 14469
f 14469 14481 14482
f 14469 14482 14479
f 14469 14479 14471
f 14479 14482 14488
f 14471 14479 14470
f 14479 14488 14484
f 14470 14479 14475
f 14475 14479 14484
f 14475 14484 14480
f 14475 14480 14466
f 14466 14480 14464
f 14466 14464 14439
f 14439 14464 14440
f 14390 14393 14399
f 14390 14399 14412
f 14393 14390 14381
f 14393 14381 14388
f 14388 14381 14374
f 14388 14374 14383
f 14388 14383 14394
f 14383 14374 14377
f 14394 14383 14392
f 14383 14377 14387
f 14383 14387 14392
f 14392 14387 14395
f 14395 14387 14391
f 14467 14452 14437
f 14437 14452 14423
f 14457 14460 14469
f 14460 14457 14420
f 14460 14420 14438
f 14457 14469 14463
f 14457 14463 14455
f 14463 14469 14471
f 14455 14463 14453
f 14463 14471 14470
f 14453 14463 14461
f 14461 14463 14470
f 14461 14470 14466
f 14466 14470 14475
f 14461 14466 14456
f 14456 14466 14439
f 14461 14456 14454
f 14389 14412 14438
f 14412 14389 14390
f 14389 14438 14420
f 14440 14467 14437
f 14440 14437 14422
f 14422 14437 14401
f 14422 14401 14395
f 14395 14401 14392
f 14392 14401 14394
f 14381 14390 14373
f 14381 14373 14367
f 14381 14367 14374
f 14374 14367 14368
f 14374 14368 14377
f 14377 14368 14379
f 14377 14379 14387
f 14387 14379 14391
f 14391 14379 14385
f 14391 14385 14408
f 14389 14373 14390
f 14373 14389 14375
f 14375 14389 14386
f 14386 14389 14420
f 14386 14420 14421
f 14447 14457 14455
f 14457 14447 14421
f 14457 14421 14420
f 14421 14447 14435
f 14435 14447 14444
f 14444 14447 14455
f 14444 14455 14453
f 14444 14453 14443
f 14443 14453 14454
f 14443 14454 14441
f 14441 14454 14446
f 14446 14454 14456
f 14441 14446 14434
f 14446 14456 14439
f 14434 14446 14415
f 14415 14446 14439
f 14408 14440 14422
f 14440 14408 14439
f 14408 14422 14395
f 14365 14368 14367
f 14365 14367 14363
f 14363 14367 14373
f 14368 14365 14369
f 14368 14369 14379
f 14379 14369 14385
f 14385 14369 14384
f 14385 14384 14408
f 14408 14384 14415
f 14408 14415 14439
f 14375 14363 14373
f 14363 14375 14366
f 14363 14366 14365
f 14365 14366 14364
f 14366 14375 14370
f 14370 14375 14386
f 14370 14386 14382
f 14382 14386 14421
f 14382 14421 14409
f 14409 14421 14425
f 14425 14421 14435
f 14425 14435 14430
f 14430 14435 14444
f 14430 14444 14443
f 14430 14443 14433
f 14433 14443 14441
f 14433 14441 14428
f 14428 14441 14427
f 14427 14441 14434
f 14391 14408 14395
f 14397 14382 14409
f 14376 14382 14397
f 14382 14376 14370
f 14370 14376 14360
f 14370 14360 14361
f 14370 14361 14366
f 14361 14360 14359
f 14366 14361 14364
f 14361 14359 14362
f 14361 14362 14364
f 14364 14362 14371
f 14371 14362 14380
f 14380 14362 14378
f 14378 14362 14372
f 14453 14461 14454
f 14409 14425 14419
f 14409 14419 14410
f 14409 14410 14400
f 14410 14419 14424
f 14410 14424 14404
f 14404 14424 14417
f 14419 14425 14430
f 14419 14430 14424
f 14424 14430 14433
f 14424 14433 14417
f 14417 14433 14428
f 14364 14369 14365
f 14369 14364 14371
f 14380 14384 14371
f 14371 14384 14369
f 14384 14380 14415
f 14426 14434 14415
f 14416 14417 14428
f 14417 14416 14402
f 14417 14402 14404
f 14402 14416 14411
f 14411 14416 14427
f 14402 14411 14398
f 14398 14411 14378
f 14378 14411 14380
f 14398 14378 14372
f 14426 14427 14434
f 14427 14426 14411
f 14411 14426 14415
f 14411 14415 14380
f 14416 14428 14427
o tripo_part_19
v 0.015185 0.013149 -0.437134
v 0.015934 0.015324 -0.440155
v 0.022238 0.020155 -0.438538
v 0.022463 0.007487 -0.439240
v 0.023207 0.008228 -0.432556
v 0.023209 0.006185 -0.434631
v 0.024071 0.020258 -0.432098
v 0.024076 0.021019 -0.436005
v 0.025160 0.008456 -0.440613
v 0.031185 0.015905 -0.438812
v 0.031807 -0.001500 -0.438507
v 0.032078 0.000851 -0.432922
v 0.032555 -0.002433 -0.436401
v 0.032707 0.000966 -0.441040
v 0.033047 0.014434 -0.430634
v 0.035400 0.016973 -0.433105
v 0.035969 -0.004744 -0.434448
v 0.036335 0.015269 -0.431335
v 0.036968 -0.005062 -0.440216
v 0.037514 0.016352 -0.436523
v 0.042385 -0.011516 -0.435883
v 0.043163 0.012478 -0.438629
v 0.043865 -0.008496 -0.441284
v 0.044968 -0.009847 -0.433167
v 0.046532 0.010821 -0.430603
v 0.046951 -0.015339 -0.439392
v 0.047985 -0.015030 -0.434052
v 0.051262 0.000072 -0.439789
v 0.051369 0.012195 -0.432556
v 0.051655 -0.020248 -0.436615
v 0.051903 -0.017752 -0.441040
v 0.053223 0.011670 -0.436829
v 0.055836 -0.018675 -0.441254
v 0.056507 0.011196 -0.434784
v 0.057289 0.009423 -0.431305
v 0.057766 -0.022242 -0.433350
v 0.058121 0.008243 -0.438446
v 0.058170 -0.026073 -0.435394
v 0.058693 -0.026354 -0.439270
v 0.059261 0.007034 -0.430603
v 0.062897 -0.007404 -0.439606
v 0.066116 -0.031372 -0.440613
v 0.066139 -0.007131 -0.431458
v 0.067268 0.007411 -0.431610
v 0.068489 -0.033108 -0.433289
v 0.068764 -0.036022 -0.436584
v 0.070511 0.007163 -0.436707
v 0.071075 -0.032913 -0.440857
v 0.073227 -0.023008 -0.431854
v 0.073578 0.006449 -0.432526
v 0.073792 -0.037792 -0.440430
v 0.076019 -0.041874 -0.434479
v 0.077225 -0.042767 -0.438690
v 0.078102 0.003603 -0.438110
v 0.079659 0.001821 -0.430389
v 0.079758 -0.023750 -0.439148
v 0.080429 0.003858 -0.431396
v 0.082642 0.004474 -0.433594
v 0.083351 -0.045631 -0.432617
v 0.085075 -0.048740 -0.438873
v 0.085861 -0.046547 -0.440094
v 0.086761 -0.042542 -0.431824
v 0.087143 -0.051514 -0.434509
v 0.087364 0.003196 -0.435669
v 0.088692 0.000161 -0.430359
v 0.090973 -0.000176 -0.438080
v 0.091034 -0.018068 -0.430603
v 0.092880 -0.012389 -0.438293
v 0.093681 -0.053131 -0.439545
v 0.094116 -0.056320 -0.437531
v 0.094879 -0.054920 -0.431915
v 0.095047 0.000884 -0.432343
v 0.095428 0.000672 -0.436310
v 0.097275 -0.038174 -0.438324
v 0.098419 -0.060005 -0.433899
v 0.102867 -0.060497 -0.438690
v 0.103333 -0.004634 -0.430023
v 0.103767 -0.002554 -0.430847
v 0.105743 -0.001807 -0.434418
v 0.106125 -0.041470 -0.430084
v 0.106712 -0.005148 -0.437805
v 0.109009 -0.067207 -0.436005
v 0.109222 -0.003782 -0.436646
v 0.110771 -0.068123 -0.431854
v 0.113930 -0.067802 -0.430084
v 0.115425 -0.068542 -0.437561
v 0.116753 -0.059967 -0.429474
v 0.117332 -0.008430 -0.429779
v 0.118355 -0.006302 -0.431824
v 0.118668 -0.059418 -0.437164
v 0.120369 -0.073639 -0.435944
v 0.120872 -0.075211 -0.432800
v 0.121460 -0.042702 -0.437195
v 0.121994 -0.044071 -0.429291
v 0.122528 -0.007506 -0.434418
v 0.124580 -0.012018 -0.437531
v 0.125244 -0.011260 -0.429626
v 0.125504 -0.077126 -0.429749
v 0.126328 -0.010137 -0.436432
v 0.128082 -0.028149 -0.429413
v 0.128937 -0.076111 -0.436066
v 0.132080 -0.011891 -0.431183
v 0.133163 -0.011971 -0.433929
v 0.133759 -0.082047 -0.433472
v 0.134720 -0.015378 -0.436981
v 0.135239 -0.080803 -0.427612
v 0.135818 -0.069565 -0.427734
v 0.136475 -0.056023 -0.436005
v 0.136642 -0.083763 -0.429230
v 0.136841 -0.081932 -0.434570
v 0.138458 -0.017883 -0.429352
v 0.139282 -0.015300 -0.431396
v 0.139969 -0.035984 -0.436798
v 0.142059 -0.017420 -0.435791
v 0.142090 -0.020832 -0.437073
v 0.142776 -0.042427 -0.428558
v 0.143265 -0.017408 -0.434540
v 0.145050 -0.076263 -0.434387
v 0.145630 -0.085106 -0.433746
v 0.145905 -0.084297 -0.425995
v 0.146408 -0.087952 -0.431793
v 0.146484 -0.087593 -0.426849
v 0.146683 -0.088585 -0.429108
v 0.149292 -0.022322 -0.429993
v 0.150116 -0.069702 -0.426758
v 0.150391 -0.022005 -0.431793
v 0.151840 -0.025589 -0.436279
v 0.152817 -0.027456 -0.428864
v 0.153870 -0.090584 -0.431396
v 0.155182 -0.056824 -0.427429
v 0.155624 -0.026188 -0.434265
v 0.155838 -0.046284 -0.435883
v 0.156021 -0.092270 -0.428131
v 0.157120 -0.089890 -0.424408
v 0.158417 -0.029104 -0.430603
v 0.158630 -0.034065 -0.436432
v 0.158676 -0.076172 -0.433533
v 0.159500 -0.091476 -0.431671
v 0.161041 -0.033863 -0.435791
v 0.163101 -0.093758 -0.425171
v 0.163376 -0.033901 -0.433167
v 0.163406 -0.037964 -0.428436
v 0.166031 -0.038143 -0.430237
v 0.166061 -0.094765 -0.428314
v 0.166367 -0.091988 -0.423523
v 0.167114 -0.041225 -0.435303
v 0.168137 -0.064362 -0.426605
v 0.169754 -0.047016 -0.428131
v 0.171677 -0.093758 -0.424805
v 0.172073 -0.046829 -0.430481
v 0.172165 -0.093895 -0.429749
v 0.172272 -0.048370 -0.434113
v 0.173798 -0.057457 -0.435028
v 0.174377 -0.090637 -0.423645
v 0.175095 -0.090561 -0.431396
v 0.175873 -0.092224 -0.426239
v 0.175995 -0.060192 -0.427338
v 0.176285 -0.091904 -0.429108
v 0.176498 -0.056400 -0.431183
v 0.177338 -0.084396 -0.424500
v 0.177444 -0.074097 -0.433533
v 0.178360 -0.081398 -0.432709
v 0.178741 -0.064774 -0.432617
v 0.179276 -0.065773 -0.429138
v 0.179703 -0.086456 -0.430389
v 0.179733 -0.075058 -0.426636
v 0.179794 -0.073296 -0.432587
v 0.179855 -0.085945 -0.426270
v 0.181213 -0.078354 -0.429169
s 1
f 14651 14657 14644
f 14651 14644 14642
f 14644 14657 14654
f 14657 14651 14665
f 14665 14651 14653
f 14654 14657 14663
f 14663 14657 14665
f 14654 14663 14661
f 14665 14653 14655
f 14661 14663 14666
f 14666 14663 14665
f 14661 14666 14660
f 14665 14655 14662
f 14665 14662 14666
f 14662 14655 14652
f 14660 14666 14664
f 14664 14666 14662
f 14662 14652 14659
f 14662 14659 14664
f 14664 14659 14658
f 14664 14658 14650
f 14658 14659 14635
f 14646 14651 14642
f 14651 14646 14653
f 14644 14622 14642
f 14642 14622 14631
f 14642 14631 14637
f 14642 14637 14646
f 14637 14631 14619
f 14637 14619 14630
f 14646 14637 14641
f 14641 14637 14630
f 14641 14630 14626
f 14626 14630 14618
f 14646 14641 14648
f 14646 14648 14653
f 14653 14648 14655
f 14655 14648 14652
f 14648 14641 14635
f 14648 14635 14652
f 14635 14641 14626
f 14652 14635 14659
f 14635 14626 14616
f 14644 14627 14622
f 14622 14627 14613
f 14627 14644 14639
f 14639 14644 14645
f 14639 14645 14640
f 14645 14644 14654
f 14640 14645 14647
f 14647 14645 14654
f 14640 14647 14638
f 14647 14654 14656
f 14656 14654 14661
f 14656 14661 14660
f 14647 14656 14649
f 14647 14649 14638
f 14649 14656 14660
f 14638 14649 14643
f 14649 14660 14650
f 14649 14650 14643
f 14650 14660 14664
f 14643 14650 14633
f 14633 14650 14629
f 14629 14650 14658
f 14629 14658 14634
f 14629 14634 14605
f 14631 14622 14617
f 14631 14617 14619
f 14622 14604 14617
f 14617 14604 14603
f 14617 14603 14619
f 14619 14603 14606
f 14619 14606 14620
f 14619 14620 14630
f 14620 14606 14601
f 14630 14620 14618
f 14618 14620 14601
f 14618 14601 14607
f 14618 14607 14616
f 14618 14616 14626
f 14616 14607 14598
f 14616 14598 14615
f 14639 14625 14627
f 14627 14625 14613
f 14625 14639 14632
f 14625 14632 14621
f 14632 14639 14640
f 14621 14632 14623
f 14632 14640 14638
f 14623 14632 14628
f 14628 14632 14638
f 14623 14628 14614
f 14628 14638 14636
f 14636 14638 14643
f 14636 14643 14633
f 14628 14636 14624
f 14624 14636 14633
f 14628 14624 14611
f 14624 14633 14612
f 14622 14613 14604
f 14603 14582 14595
f 14582 14603 14584
f 14603 14595 14606
f 14606 14595 14589
f 14589 14595 14581
f 14606 14589 14601
f 14613 14625 14597
s 0
f 14613 14597 14591
s 1
f 14597 14625 14608
f 14608 14625 14621
s 0
f 14613 14591 14604
s 1
f 14603 14604 14591
f 14603 14591 14584
f 14584 14591 14577
s 0
f 14577 14591 14597
s 1
f 14608 14594 14597
f 14597 14594 14585
f 14597 14585 14577
f 14585 14594 14586
f 14586 14594 14599
f 14599 14594 14608
f 14586 14599 14592
f 14599 14608 14609
f 14609 14608 14621
f 14599 14609 14600
f 14599 14600 14592
f 14600 14609 14614
f 14600 14614 14611
f 14592 14600 14596
f 14596 14600 14611
f 14592 14596 14580
f 14596 14611 14602
f 14602 14611 14612
f 14602 14612 14593
f 14595 14582 14581
f 14577 14585 14564
f 14564 14585 14574
f 14564 14574 14562
f 14574 14585 14575
f 14574 14575 14562
f 14575 14585 14586
f 14562 14575 14569
f 14575 14586 14576
f 14575 14576 14569
f 14576 14586 14592
f 14569 14576 14561
f 14576 14592 14580
f 14561 14576 14570
f 14570 14576 14580
f 14570 14580 14563
f 14563 14580 14578
f 14563 14578 14565
f 14564 14562 14552
f 14564 14552 14540
f 14540 14552 14537
f 14552 14562 14554
f 14552 14554 14541
f 14554 14562 14569
f 14541 14554 14547
f 14554 14569 14555
f 14554 14555 14547
f 14547 14555 14544
f 14555 14569 14561
f 14555 14561 14544
f 14544 14561 14551
f 14551 14561 14563
f 14563 14561 14570
f 14582 14584 14568
f 14568 14584 14559
f 14559 14584 14577
f 14582 14568 14572
f 14572 14568 14560
f 14582 14572 14581
f 14581 14572 14579
f 14572 14560 14567
f 14572 14567 14579
f 14579 14567 14573
f 14579 14573 14583
f 14583 14573 14587
f 14573 14567 14566
f 14573 14566 14587
f 14566 14567 14557
f 14587 14566 14571
s 0
f 14587 14571 14590
s 1
f 14546 14577 14564
f 14577 14546 14559
f 14559 14546 14556
f 14559 14556 14568
f 14556 14546 14542
f 14556 14542 14549
f 14568 14556 14560
f 14560 14556 14549
f 14560 14549 14550
f 14550 14549 14543
f 14560 14550 14557
f 14560 14557 14567
f 14552 14541 14537
f 14537 14541 14532
f 14532 14541 14526
f 14532 14526 14522
f 14532 14522 14537
f 14537 14522 14521
f 14537 14521 14540
f 14564 14540 14546
f 14546 14540 14521
f 14546 14521 14533
f 14546 14533 14542
f 14542 14533 14535
f 14542 14535 14543
f 14542 14543 14549
f 14543 14535 14536
f 14536 14535 14527
f 14543 14536 14539
f 14543 14539 14550
f 14539 14536 14528
f 14539 14528 14530
f 14526 14515 14522
f 14522 14515 14512
f 14522 14512 14509
f 14512 14515 14504
f 14504 14515 14513
f 14513 14515 14526
f 14513 14526 14531
f 14513 14531 14517
f 14513 14517 14505
f 14635 14634 14658
f 14634 14635 14616
f 14623 14609 14621
f 14609 14623 14614
f 14509 14521 14522
f 14521 14509 14514
f 14521 14514 14524
f 14521 14524 14533
f 14533 14524 14535
f 14616 14615 14634
f 14634 14615 14605
f 14547 14531 14541
f 14541 14531 14526
f 14531 14547 14544
f 14531 14544 14529
f 14531 14529 14517
f 14529 14544 14534
f 14529 14534 14519
f 14534 14544 14551
f 14519 14534 14525
f 14525 14534 14551
f 14525 14551 14538
f 14503 14509 14502
f 14509 14503 14514
f 14514 14503 14510
f 14589 14581 14579
f 14513 14505 14504
f 14601 14589 14588
f 14588 14589 14579
f 14601 14588 14607
f 14607 14588 14598
f 14598 14588 14583
f 14598 14583 14615
f 14615 14583 14587
f 14615 14587 14605
f 14518 14524 14514
f 14518 14514 14510
f 14524 14518 14527
f 14524 14527 14535
f 14518 14510 14523
f 14518 14523 14527
f 14523 14510 14508
f 14527 14523 14536
f 14523 14508 14516
f 14536 14523 14528
f 14528 14523 14516
f 14528 14516 14520
f 14520 14516 14511
f 14528 14520 14530
f 14520 14511 14525
f 14530 14520 14538
f 14538 14520 14525
f 14628 14611 14614
s 0
f 14587 14590 14605
s 1
f 14510 14503 14498
f 14510 14498 14501
f 14510 14501 14508
f 14508 14501 14511
f 14508 14511 14516
f 14511 14501 14506
f 14511 14506 14525
f 14610 14612 14633
f 14612 14610 14590
s 0
f 14590 14610 14605
f 14605 14610 14629
s 1
f 14629 14610 14633
f 14612 14611 14624
f 14588 14579 14583
f 14602 14593 14596
f 14596 14593 14578
f 14596 14578 14580
f 14517 14500 14505
f 14500 14517 14507
f 14500 14507 14499
f 14499 14507 14506
f 14506 14507 14519
f 14499 14506 14501
f 14590 14593 14612
f 14593 14590 14565
f 14565 14578 14593
s 0
f 14571 14565 14590
s 1
f 14565 14571 14553
f 14553 14571 14558
f 14553 14558 14545
f 14558 14571 14566
f 14545 14558 14548
f 14558 14566 14557
f 14558 14557 14548
f 14548 14557 14550
f 14548 14550 14539
f 14529 14519 14517
f 14517 14519 14507
f 14565 14538 14563
f 14563 14538 14551
f 14538 14565 14553
f 14506 14519 14525
f 14530 14538 14553
f 14530 14553 14545
f 14530 14545 14539
f 14539 14545 14548
